{"type":"FeatureCollection","features":[{"type":"Feature","properties":{"nazev":"Ústecký kraj"},"geometry":{"type":"Polygon","coordinates":[[[14.29233,51.04662],[14.29183,51.04562],[14.29202,51.04529],[14.29192,51.04504],[14.29198,51.04496],[14.29183,51.04483],[14.29185,51.0447],[14.29169,51.04449],[14.29146,51.04433],[14.29176,51.04428],[14.29164,51.04412],[14.29192,51.04385],[14.2922,51.04381],[14.29189,51.04346],[14.29177,51.04304],[14.29133,51.04262],[14.29107,51.0424],[14.29019,51.04198],[14.28992,51.04173],[14.2897,51.04128],[14.28959,51.0408],[14.2894,51.04051],[14.28951,51.03981],[14.28839,51.03915],[14.28784,51.03908],[14.28662,51.03863],[14.28375,51.03927],[14.27999,51.03933],[14.2778,51.03949],[14.27624,51.03973],[14.27552,51.03975],[14.27487,51.0399],[14.27398,51.03988],[14.27391,51.0397],[14.27411,51.03869],[14.27388,51.0386],[14.27372,51.03843],[14.27364,51.03825],[14.27368,51.0379],[14.27468,51.0377],[14.27523,51.03776],[14.27556,51.03789],[14.27623,51.0376],[14.27675,51.03766],[14.27785,51.03724],[14.27844,51.03713],[14.27931,51.03659],[14.27992,51.03647],[14.28014,51.03565],[14.28057,51.03486],[14.28138,51.03493],[14.2825,51.0338],[14.28328,51.03334],[14.28417,51.03257],[14.28462,51.03256],[14.28542,51.03229],[14.28563,51.03208],[14.28615,51.03106],[14.28584,51.03031],[14.28589,51.03016],[14.28626,51.0299],[14.28637,51.02961],[14.28642,51.02926],[14.28631,51.02831],[14.28645,51.02799],[14.2865,51.02756],[14.28634,51.02729],[14.28619,51.02675],[14.28557,51.02624],[14.2852,51.02559],[14.28469,51.02496],[14.28271,51.02323],[14.28177,51.02255],[14.27993,51.02102],[14.27779,51.019],[14.28,51.01796],[14.27981,51.01766],[14.27965,51.01714],[14.27967,51.01686],[14.2798,51.01676],[14.28098,51.01652],[14.28124,51.01637],[14.2818,51.01582],[14.28208,51.01567],[14.28144,51.01505],[14.28026,51.01417],[14.27875,51.01346],[14.27724,51.01291],[14.27319,51.01122],[14.27214,51.01071],[14.27113,51.01044],[14.27029,51.01007],[14.2694,51.00979],[14.26773,51.00899],[14.26726,51.00902],[14.26666,51.00883],[14.26547,51.00823],[14.26066,51.0089],[14.2608,51.00863],[14.2608,51.00845],[14.26079,51.00824],[14.26061,51.00778],[14.26066,51.00748],[14.26149,51.0062],[14.26241,51.004],[14.26285,51.00371],[14.26337,51.00311],[14.26388,51.00269],[14.26518,51.00179],[14.26679,51.00113],[14.267,51.00091],[14.26747,51.0007],[14.26754,51.00049],[14.26767,51.0004],[14.268,51.00035],[14.26792,51.00023],[14.26885,51.00012],[14.26875,50.99974],[14.26841,50.99922],[14.2666,50.99925],[14.26575,50.99827],[14.26456,50.99754],[14.264,50.9969],[14.26283,50.996],[14.26265,50.99575],[14.26227,50.99434],[14.25871,50.99214],[14.25873,50.99135],[14.25889,50.99044],[14.25863,50.99019],[14.25845,50.98984],[14.25859,50.9897],[14.25865,50.98939],[14.25864,50.98834],[14.25881,50.98761],[14.26044,50.98724],[14.26092,50.98694],[14.26247,50.98658],[14.26319,50.98653],[14.26292,50.98596],[14.26282,50.98549],[14.26336,50.98533],[14.26774,50.98472],[14.26993,50.98422],[14.27046,50.98421],[14.27204,50.98393],[14.27597,50.9828],[14.27767,50.98219],[14.27824,50.98191],[14.27924,50.98116],[14.28025,50.98052],[14.28073,50.98011],[14.28158,50.97921],[14.28176,50.97866],[14.28216,50.97809],[14.28292,50.97776],[14.28399,50.97757],[14.28477,50.97754],[14.28501,50.97761],[14.28582,50.977],[14.28645,50.97708],[14.28718,50.97739],[14.28744,50.97788],[14.28789,50.97835],[14.28864,50.9782],[14.29031,50.97819],[14.29075,50.97837],[14.29191,50.97848],[14.29256,50.97846],[14.29282,50.97852],[14.29287,50.97861],[14.2934,50.97856],[14.29376,50.9784],[14.29479,50.97842],[14.29495,50.97848],[14.29508,50.97868],[14.2955,50.9788],[14.29735,50.97891],[14.29802,50.97915],[14.29869,50.97915],[14.29942,50.9794],[14.29963,50.97981],[14.30014,50.97998],[14.30022,50.98018],[14.30117,50.98061],[14.30207,50.98082],[14.30252,50.98114],[14.30398,50.98168],[14.30505,50.98169],[14.30579,50.98197],[14.30732,50.9823],[14.30749,50.98243],[14.30882,50.98294],[14.30908,50.98319],[14.30938,50.9837],[14.30974,50.98376],[14.31054,50.98421],[14.31061,50.98432],[14.31138,50.98441],[14.31154,50.98472],[14.31179,50.98481],[14.3125,50.98493],[14.31302,50.98492],[14.31309,50.98502],[14.31376,50.98498],[14.31466,50.98478],[14.3164,50.98463],[14.31673,50.98475],[14.31703,50.98502],[14.31735,50.98516],[14.31761,50.98521],[14.31796,50.98513],[14.318,50.98535],[14.31876,50.98544],[14.31971,50.98548],[14.32088,50.9854],[14.32234,50.98548],[14.32304,50.9853],[14.3236,50.98547],[14.32449,50.98472],[14.32512,50.98432],[14.32661,50.98404],[14.32777,50.98358],[14.328,50.98338],[14.32813,50.9831],[14.32856,50.983],[14.32964,50.98242],[14.32983,50.98227],[14.32973,50.98204],[14.32918,50.98165],[14.32794,50.9811],[14.32683,50.98088],[14.32662,50.98072],[14.32634,50.98031],[14.32614,50.97915],[14.32632,50.97837],[14.32605,50.97787],[14.32615,50.97746],[14.32645,50.97725],[14.32673,50.97721],[14.32682,50.97691],[14.32711,50.97682],[14.32728,50.97669],[14.32724,50.97642],[14.32738,50.97627],[14.32737,50.97602],[14.32749,50.97586],[14.3278,50.97577],[14.32793,50.97544],[14.3291,50.97481],[14.32918,50.97437],[14.32909,50.974],[14.32881,50.97386],[14.32831,50.97317],[14.32756,50.97275],[14.32676,50.97241],[14.32645,50.97236],[14.32533,50.97232],[14.32499,50.97238],[14.32442,50.97262],[14.32314,50.9727],[14.32089,50.9722],[14.31934,50.97234],[14.31723,50.9733],[14.31687,50.97335],[14.31561,50.97322],[14.31419,50.97257],[14.31327,50.97237],[14.31292,50.97212],[14.31271,50.9717],[14.31138,50.97077],[14.31064,50.96983],[14.30971,50.96904],[14.30952,50.96868],[14.30913,50.96843],[14.30857,50.96819],[14.30743,50.96813],[14.30551,50.96742],[14.30513,50.96721],[14.30463,50.96659],[14.30423,50.96627],[14.30307,50.9657],[14.30269,50.96533],[14.30443,50.9643],[14.30522,50.96398],[14.30649,50.96299],[14.30718,50.96282],[14.30848,50.9627],[14.30918,50.96255],[14.31018,50.96212],[14.31171,50.96181],[14.31246,50.96153],[14.31371,50.96127],[14.31492,50.96088],[14.31601,50.96073],[14.317,50.96077],[14.31712,50.96069],[14.31771,50.95945],[14.31777,50.95908],[14.31757,50.95868],[14.31775,50.9584],[14.31771,50.95828],[14.31695,50.95792],[14.3164,50.95797],[14.31619,50.95787],[14.31617,50.95773],[14.31604,50.95763],[14.31538,50.95733],[14.31495,50.95721],[14.31474,50.95729],[14.3141,50.95712],[14.31397,50.95703],[14.314,50.9569],[14.31382,50.95684],[14.31383,50.95671],[14.31365,50.95655],[14.31279,50.95633],[14.31262,50.95616],[14.31216,50.95599],[14.3121,50.95588],[14.31159,50.95563],[14.31125,50.95556],[14.31113,50.95561],[14.31102,50.95548],[14.31099,50.95525],[14.31067,50.95502],[14.31134,50.95427],[14.3119,50.95388],[14.31223,50.95378],[14.31266,50.95351],[14.31304,50.95346],[14.31376,50.95316],[14.31529,50.95269],[14.31636,50.95199],[14.31681,50.95215],[14.31821,50.95199],[14.31851,50.95181],[14.32027,50.95137],[14.32096,50.95097],[14.32215,50.9506],[14.32253,50.95065],[14.32358,50.95044],[14.32445,50.95004],[14.32663,50.94959],[14.32711,50.94967],[14.3291,50.94962],[14.33148,50.94969],[14.33231,50.94951],[14.33318,50.94915],[14.33401,50.94898],[14.33446,50.94897],[14.33539,50.94957],[14.33746,50.94955],[14.33877,50.94989],[14.33964,50.94986],[14.34072,50.9496],[14.34165,50.94925],[14.34598,50.94859],[14.34753,50.94809],[14.34739,50.94786],[14.34712,50.94769],[14.34668,50.94677],[14.34706,50.94665],[14.34785,50.94624],[14.34822,50.94598],[14.34827,50.94585],[14.34885,50.94528],[14.34955,50.94506],[14.35003,50.94501],[14.35112,50.94509],[14.35374,50.94491],[14.35537,50.94472],[14.35741,50.94431],[14.35943,50.94355],[14.36064,50.94291],[14.36123,50.94278],[14.36087,50.94203],[14.36084,50.94147],[14.36216,50.94157],[14.36288,50.94146],[14.3639,50.94162],[14.36648,50.94222],[14.36857,50.94221],[14.36946,50.94235],[14.3697,50.94197],[14.36975,50.94175],[14.36973,50.94084],[14.36936,50.94003],[14.36932,50.93978],[14.36954,50.93944],[14.37061,50.93943],[14.37138,50.9391],[14.37196,50.93895],[14.37228,50.9386],[14.37254,50.93846],[14.37338,50.93834],[14.3739,50.93817],[14.37436,50.93816],[14.37461,50.93836],[14.37494,50.9385],[14.37509,50.93848],[14.37515,50.9386],[14.37546,50.93872],[14.37551,50.93885],[14.37598,50.93903],[14.37647,50.93897],[14.37677,50.93904],[14.37703,50.93893],[14.37732,50.93898],[14.37777,50.93889],[14.37828,50.93903],[14.37852,50.93919],[14.37862,50.93957],[14.37911,50.9397],[14.3801,50.93974],[14.38068,50.93986],[14.38152,50.94017],[14.38266,50.94014],[14.38345,50.94032],[14.38451,50.94034],[14.38653,50.94077],[14.38744,50.94195],[14.38788,50.94178],[14.38856,50.94123],[14.38883,50.94113],[14.38888,50.94082],[14.38953,50.94031],[14.38995,50.94023],[14.38995,50.93982],[14.39008,50.93981],[14.39031,50.93962],[14.39031,50.93947],[14.39076,50.93945],[14.39071,50.93918],[14.39164,50.93892],[14.39167,50.9386],[14.39181,50.93842],[14.39194,50.93843],[14.39196,50.93853],[14.39208,50.93858],[14.39232,50.93855],[14.39262,50.93828],[14.39274,50.93803],[14.3931,50.93804],[14.39332,50.93795],[14.39352,50.93781],[14.39347,50.93769],[14.39372,50.93754],[14.39402,50.93758],[14.39401,50.93748],[14.39412,50.93747],[14.39443,50.93757],[14.39461,50.93745],[14.39496,50.93751],[14.39521,50.93719],[14.39612,50.93696],[14.39644,50.9368],[14.39657,50.93659],[14.39676,50.93663],[14.39682,50.93651],[14.39709,50.93641],[14.39725,50.93553],[14.39772,50.93531],[14.39778,50.93505],[14.39826,50.93474],[14.39838,50.9344],[14.39887,50.93421],[14.39946,50.93413],[14.40027,50.93391],[14.40064,50.93367],[14.40086,50.93335],[14.4009,50.93316],[14.4008,50.93286],[14.40012,50.93211],[14.40002,50.93182],[14.39974,50.93155],[14.39982,50.93126],[14.3995,50.93085],[14.39939,50.93015],[14.39987,50.92963],[14.39983,50.92925],[14.40008,50.92887],[14.40013,50.92858],[14.40143,50.92811],[14.40138,50.92805],[14.40148,50.92771],[14.40115,50.92746],[14.40078,50.92747],[14.40046,50.92685],[14.40052,50.92664],[14.40094,50.92632],[14.40103,50.92612],[14.40092,50.92601],[14.4011,50.92579],[14.40115,50.92557],[14.40135,50.92543],[14.40184,50.92469],[14.40179,50.92418],[14.40229,50.92391],[14.40215,50.92371],[14.40191,50.92363],[14.40028,50.92352],[14.39975,50.92317],[14.39852,50.923],[14.39758,50.92236],[14.39721,50.92229],[14.39644,50.92193],[14.39579,50.92186],[14.39557,50.92149],[14.39502,50.92092],[14.3944,50.92076],[14.39401,50.92057],[14.39364,50.92061],[14.39324,50.92086],[14.39266,50.92106],[14.39201,50.92093],[14.39151,50.92068],[14.39147,50.92048],[14.39157,50.92045],[14.39173,50.92005],[14.39196,50.91991],[14.39269,50.91997],[14.3936,50.9195],[14.39439,50.91942],[14.39476,50.91917],[14.39479,50.91899],[14.3947,50.91884],[14.39464,50.91847],[14.39449,50.91827],[14.39429,50.91815],[14.39288,50.91797],[14.3924,50.91803],[14.39181,50.91791],[14.39125,50.91826],[14.3906,50.91825],[14.39049,50.91861],[14.39013,50.91866],[14.3896,50.91887],[14.38891,50.91878],[14.38894,50.91896],[14.38878,50.91897],[14.3886,50.91836],[14.38869,50.91824],[14.38866,50.91803],[14.38877,50.91788],[14.38983,50.91727],[14.38988,50.91708],[14.38979,50.91664],[14.38898,50.9164],[14.38836,50.91645],[14.38712,50.91676],[14.38661,50.91704],[14.38604,50.91688],[14.38576,50.91662],[14.38577,50.9164],[14.38611,50.9163],[14.38626,50.916],[14.3863,50.91581],[14.38624,50.91557],[14.38682,50.91481],[14.38675,50.91458],[14.38695,50.91413],[14.38617,50.91351],[14.38626,50.91325],[14.38594,50.91277],[14.38623,50.91236],[14.38663,50.91206],[14.38747,50.91179],[14.38785,50.91147],[14.38789,50.91124],[14.38779,50.911],[14.38727,50.91072],[14.38713,50.91049],[14.38729,50.91024],[14.38852,50.90963],[14.38859,50.90934],[14.38847,50.90905],[14.38881,50.90856],[14.38847,50.90794],[14.38842,50.90768],[14.38842,50.90758],[14.38873,50.90736],[14.38877,50.90722],[14.38837,50.90682],[14.38809,50.90528],[14.38773,50.90465],[14.38761,50.90426],[14.38722,50.90376],[14.38727,50.90357],[14.38751,50.90337],[14.38755,50.90317],[14.38708,50.90305],[14.38623,50.90306],[14.386,50.90291],[14.3859,50.90268],[14.38597,50.90242],[14.38639,50.90217],[14.38739,50.90194],[14.38765,50.90171],[14.38845,50.90041],[14.3884,50.90023],[14.38814,50.90008],[14.38837,50.89948],[14.38826,50.89935],[14.38735,50.89907],[14.38664,50.89905],[14.38586,50.89886],[14.38456,50.89892],[14.38364,50.89934],[14.38343,50.89933],[14.38279,50.89902],[14.38237,50.89896],[14.38197,50.89879],[14.38166,50.89858],[14.3815,50.89816],[14.38121,50.89804],[14.38082,50.89772],[14.38059,50.89776],[14.38042,50.898],[14.37977,50.89805],[14.37936,50.8983],[14.3789,50.89839],[14.37805,50.89813],[14.37781,50.89797],[14.37727,50.89741],[14.37628,50.89773],[14.37569,50.89807],[14.37527,50.89807],[14.37502,50.89794],[14.37496,50.89784],[14.3751,50.8976],[14.37508,50.89715],[14.37487,50.89657],[14.37432,50.89633],[14.37396,50.89629],[14.37341,50.89639],[14.37262,50.89635],[14.3714,50.89668],[14.3708,50.89664],[14.3707,50.89672],[14.37044,50.89656],[14.37011,50.89657],[14.36948,50.89686],[14.36866,50.89693],[14.36764,50.89721],[14.36752,50.8974],[14.36743,50.89742],[14.36693,50.89741],[14.36658,50.89727],[14.36633,50.89735],[14.36586,50.89722],[14.36565,50.89724],[14.36495,50.89744],[14.36507,50.89766],[14.36492,50.8977],[14.36372,50.89745],[14.36364,50.89755],[14.36389,50.89777],[14.36378,50.89783],[14.36354,50.8977],[14.36333,50.89775],[14.36287,50.89747],[14.36254,50.8976],[14.36249,50.89768],[14.36266,50.89776],[14.3626,50.8979],[14.36241,50.89795],[14.36214,50.89787],[14.36154,50.89797],[14.36122,50.89819],[14.36107,50.8982],[14.36105,50.89833],[14.36036,50.89891],[14.36018,50.89887],[14.36019,50.89866],[14.35965,50.89882],[14.35938,50.89936],[14.35869,50.89962],[14.35841,50.89953],[14.35794,50.89895],[14.35716,50.89878],[14.35713,50.89861],[14.35726,50.89852],[14.35691,50.89823],[14.35675,50.89822],[14.35654,50.89851],[14.35559,50.89868],[14.35501,50.89849],[14.35483,50.89869],[14.35468,50.89872],[14.35456,50.89865],[14.35472,50.89848],[14.35471,50.89838],[14.3545,50.89829],[14.35426,50.89844],[14.35415,50.89879],[14.35327,50.8991],[14.3529,50.89945],[14.35273,50.89946],[14.35247,50.8992],[14.35229,50.89926],[14.35209,50.89952],[14.35188,50.90003],[14.35219,50.90031],[14.35215,50.90056],[14.35151,50.90059],[14.35077,50.90084],[14.3501,50.90051],[14.34955,50.90083],[14.34921,50.90083],[14.3489,50.90068],[14.34891,50.89983],[14.34962,50.8993],[14.34957,50.89909],[14.34904,50.89854],[14.34859,50.89792],[14.34898,50.89692],[14.34967,50.89616],[14.35057,50.8954],[14.3495,50.89435],[14.34965,50.8936],[14.34926,50.89278],[14.34735,50.89254],[14.34581,50.89271],[14.34504,50.89288],[14.34413,50.89289],[14.34312,50.8923],[14.34063,50.89133],[14.33829,50.89061],[14.33711,50.89035],[14.33593,50.89029],[14.33538,50.89036],[14.33468,50.89077],[14.33115,50.89017],[14.32795,50.88991],[14.32705,50.88957],[14.32656,50.88952],[14.32541,50.8896],[14.32497,50.88946],[14.32281,50.88916],[14.32013,50.8889],[14.31952,50.88895],[14.3183,50.88853],[14.31767,50.88849],[14.31653,50.88804],[14.31585,50.88792],[14.31445,50.88739],[14.31302,50.88721],[14.31111,50.88638],[14.30944,50.8859],[14.30834,50.8857],[14.3074,50.88529],[14.30723,50.88508],[14.30663,50.88474],[14.30598,50.88455],[14.30487,50.884],[14.30268,50.88401],[14.30168,50.8845],[14.30052,50.88479],[14.29718,50.88524],[14.29258,50.88518],[14.29041,50.88577],[14.2894,50.88608],[14.28914,50.88639],[14.28923,50.88684],[14.28864,50.88757],[14.28651,50.88842],[14.2865,50.88878],[14.28623,50.88916],[14.28598,50.88926],[14.28488,50.89076],[14.28318,50.8923],[14.28101,50.89299],[14.28058,50.89289],[14.27991,50.89294],[14.27933,50.89314],[14.2768,50.89361],[14.27409,50.89448],[14.273,50.89474],[14.27189,50.89528],[14.26943,50.8951],[14.26755,50.89539],[14.26626,50.89476],[14.26478,50.89384],[14.26226,50.89269],[14.2603,50.89138],[14.25744,50.88982],[14.25682,50.88957],[14.25568,50.88943],[14.25271,50.88815],[14.2517,50.88789],[14.24952,50.88788],[14.2488,50.8878],[14.24777,50.88756],[14.2453,50.88666],[14.24428,50.88647],[14.24374,50.88649],[14.23997,50.88748],[14.23755,50.88781],[14.2367,50.88801],[14.23506,50.8881],[14.23348,50.88768],[14.23439,50.8866],[14.2355,50.88495],[14.23636,50.88324],[14.23664,50.88236],[14.23679,50.88147],[14.23679,50.87968],[14.23653,50.8779],[14.23602,50.87613],[14.23527,50.8744],[14.23304,50.87015],[14.23252,50.86932],[14.23121,50.86773],[14.22888,50.86548],[14.22635,50.86226],[14.22362,50.85916],[14.22074,50.85991],[14.22041,50.86003],[14.21991,50.86044],[14.21951,50.86043],[14.21902,50.8606],[14.21873,50.86052],[14.21834,50.86058],[14.21835,50.86047],[14.21718,50.86033],[14.21697,50.86017],[14.21578,50.85981],[14.21554,50.85963],[14.21557,50.85958],[14.21528,50.85952],[14.21524,50.85934],[14.21509,50.85929],[14.21506,50.85917],[14.21486,50.85914],[14.21478,50.85899],[14.21439,50.85885],[14.21448,50.85877],[14.21444,50.85873],[14.21412,50.85868],[14.21408,50.85863],[14.2143,50.8586],[14.21417,50.85844],[14.21405,50.85839],[14.21382,50.85844],[14.21352,50.85809],[14.21334,50.85808],[14.21282,50.8578],[14.2126,50.85779],[14.21259,50.85767],[14.21247,50.85765],[14.2124,50.85739],[14.21204,50.85708],[14.21189,50.85705],[14.21177,50.85683],[14.21144,50.85684],[14.21081,50.85658],[14.21057,50.85658],[14.21005,50.85629],[14.20956,50.85614],[14.20888,50.85569],[14.20891,50.85555],[14.20864,50.85532],[14.20847,50.85532],[14.20832,50.85514],[14.20738,50.85484],[14.20728,50.85447],[14.20733,50.85433],[14.20716,50.85418],[14.2072,50.854],[14.2064,50.85365],[14.2062,50.85334],[14.20562,50.85291],[14.20394,50.85236],[14.20325,50.85204],[14.20147,50.85156],[14.20085,50.8513],[14.19971,50.85125],[14.199,50.85133],[14.19883,50.85147],[14.19826,50.85152],[14.19808,50.85161],[14.1971,50.85165],[14.19695,50.85174],[14.1966,50.85168],[14.19635,50.85183],[14.19597,50.85181],[14.19572,50.8519],[14.19544,50.85175],[14.19537,50.85185],[14.19523,50.85182],[14.19508,50.85164],[14.19428,50.85138],[14.19429,50.85129],[14.19382,50.85101],[14.19301,50.85072],[14.19299,50.85064],[14.19277,50.85054],[14.19269,50.85038],[14.19233,50.85026],[14.19227,50.85014],[14.19184,50.85003],[14.1918,50.84995],[14.19114,50.84971],[14.18863,50.8497],[14.18702,50.84985],[14.18581,50.84982],[14.18438,50.84968],[14.17852,50.84827],[14.17374,50.84792],[14.17265,50.84779],[14.17109,50.84746],[14.16731,50.84724],[14.1649,50.84734],[14.16166,50.84771],[14.16119,50.84756],[14.15925,50.84583],[14.15864,50.84544],[14.15757,50.84527],[14.15689,50.84507],[14.15622,50.84469],[14.15533,50.84368],[14.15397,50.84307],[14.15129,50.84256],[14.15033,50.84251],[14.14973,50.84239],[14.14842,50.84237],[14.14773,50.84209],[14.14709,50.84169],[14.14573,50.84124],[14.14434,50.84065],[14.14368,50.84015],[14.14122,50.83873],[14.14037,50.83839],[14.13927,50.83774],[14.13737,50.83634],[14.13301,50.83407],[14.13155,50.83394],[14.13048,50.83411],[14.12705,50.8344],[14.12353,50.83363],[14.12105,50.83285],[14.11961,50.83262],[14.11669,50.83238],[14.11622,50.83225],[14.11563,50.8318],[14.1152,50.83098],[14.11462,50.83061],[14.11288,50.83002],[14.11213,50.82988],[14.1119,50.82973],[14.11136,50.82967],[14.11095,50.82948],[14.11076,50.82946],[14.11034,50.82979],[14.10973,50.82981],[14.10939,50.82997],[14.10896,50.82995],[14.10878,50.8301],[14.10758,50.83034],[14.10727,50.83033],[14.10518,50.82968],[14.10246,50.82851],[14.10148,50.82756],[14.10069,50.8273],[14.10065,50.8271],[14.10042,50.82687],[14.10029,50.82687],[14.09974,50.82651],[14.09901,50.82636],[14.09859,50.8264],[14.09788,50.82628],[14.09703,50.82662],[14.09649,50.82664],[14.09585,50.82682],[14.09478,50.82658],[14.09447,50.82664],[14.09402,50.82658],[14.09361,50.82632],[14.09317,50.82623],[14.09274,50.82623],[14.09251,50.82641],[14.09202,50.82646],[14.09151,50.82643],[14.09082,50.8262],[14.09022,50.82629],[14.08964,50.82616],[14.08933,50.82578],[14.08906,50.8257],[14.08888,50.82555],[14.08815,50.82554],[14.08783,50.82537],[14.08757,50.82534],[14.08745,50.82519],[14.08714,50.82513],[14.08709,50.82491],[14.08696,50.82478],[14.08626,50.82441],[14.08621,50.82431],[14.08629,50.82416],[14.08625,50.82392],[14.08582,50.82358],[14.08568,50.82322],[14.08538,50.82284],[14.08469,50.82264],[14.08453,50.82267],[14.08423,50.82247],[14.08419,50.82231],[14.08447,50.82215],[14.0847,50.82187],[14.08464,50.82175],[14.0845,50.82167],[14.08302,50.8214],[14.08277,50.82107],[14.08132,50.82],[14.07937,50.81925],[14.07908,50.81894],[14.07841,50.81794],[14.07796,50.81658],[14.07789,50.81583],[14.07828,50.81322],[14.07858,50.81256],[14.07408,50.81158],[14.07248,50.8109],[14.07173,50.81097],[14.07049,50.81139],[14.06835,50.81092],[14.06662,50.8103],[14.06495,50.81039],[14.06383,50.81],[14.06311,50.80996],[14.06128,50.81004],[14.06039,50.81032],[14.06005,50.8108],[14.05924,50.81126],[14.05849,50.8119],[14.05821,50.812],[14.05777,50.81189],[14.05565,50.81191],[14.05496,50.81163],[14.05401,50.81167],[14.05321,50.81141],[14.05187,50.81113],[14.05109,50.81086],[14.04935,50.81053],[14.04797,50.81013],[14.04448,50.81031],[14.04167,50.81083],[14.04062,50.81084],[14.04047,50.81067],[14.03959,50.81038],[14.0382,50.80929],[14.03726,50.80768],[14.0366,50.80739],[14.03576,50.80675],[14.03572,50.80647],[14.03547,50.80615],[14.03517,50.80525],[14.03419,50.80472],[14.03342,50.80442],[14.03135,50.80428],[14.03004,50.80434],[14.02844,50.80466],[14.02813,50.80484],[14.02678,50.80618],[14.02596,50.80664],[14.0256,50.80738],[14.02536,50.80766],[14.02421,50.80854],[14.02311,50.8092],[14.02193,50.80964],[14.01958,50.8102],[14.01754,50.811],[14.01653,50.81122],[14.01574,50.81124],[14.01477,50.81109],[14.01346,50.81124],[14.01306,50.81137],[14.01236,50.81181],[14.01091,50.81168],[14.00741,50.81082],[14.00542,50.81068],[14.00508,50.8105],[14.00365,50.81033],[14.00357,50.81053],[14.00364,50.81065],[14.00381,50.81065],[14.00376,50.81085],[14.00344,50.81094],[14.00328,50.81119],[14.0031,50.81112],[14.00287,50.81123],[14.00302,50.81132],[14.00324,50.81127],[14.00338,50.81163],[14.0036,50.81163],[14.00315,50.81174],[14.00353,50.81199],[14.00319,50.81219],[14.00358,50.81236],[14.00365,50.81251],[14.00365,50.81265],[14.00343,50.81269],[14.00335,50.81286],[14.00341,50.81304],[14.00363,50.81303],[14.00363,50.81317],[14.00347,50.81319],[14.00353,50.81332],[14.00367,50.81338],[14.0034,50.81353],[14.00337,50.81375],[14.0034,50.81386],[14.00366,50.814],[14.00355,50.81406],[14.0037,50.8141],[14.00338,50.81434],[14.00318,50.81435],[14.0032,50.81462],[14.00281,50.81469],[14.00253,50.81485],[14.00201,50.81491],[14.00201,50.815],[14.00185,50.81508],[14.00153,50.81505],[14.0014,50.81515],[14.00151,50.81523],[14.00145,50.81536],[14.00117,50.81526],[14.00091,50.81529],[14.00055,50.81558],[13.9998,50.81577],[13.99993,50.81602],[13.99972,50.81631],[13.99919,50.81648],[13.99886,50.8168],[13.99869,50.81687],[13.99875,50.81693],[13.99869,50.81698],[13.99845,50.81702],[13.99809,50.81695],[13.9976,50.81713],[13.99709,50.81705],[13.99679,50.81724],[13.99634,50.81735],[13.99589,50.81733],[13.99576,50.81721],[13.9957,50.81723],[13.99573,50.81733],[13.99527,50.81725],[13.99501,50.81739],[13.99508,50.81752],[13.99478,50.81777],[13.99467,50.81799],[13.99452,50.818],[13.9944,50.81789],[13.99376,50.81822],[13.99354,50.81805],[13.99321,50.8181],[13.99277,50.81854],[13.99278,50.81891],[13.9925,50.81896],[13.99227,50.81927],[13.99236,50.81941],[13.99126,50.81983],[13.99085,50.82009],[13.99046,50.82],[13.99027,50.81987],[13.99032,50.81977],[13.99024,50.81965],[13.99032,50.81945],[13.99024,50.81925],[13.99039,50.81914],[13.99035,50.819],[13.99013,50.81897],[13.98995,50.81883],[13.98956,50.81884],[13.98919,50.81875],[13.98887,50.8188],[13.98853,50.8187],[13.98791,50.81818],[13.98769,50.8181],[13.98762,50.818],[13.98768,50.81794],[13.9864,50.81691],[13.98606,50.81638],[13.98229,50.81513],[13.98165,50.81497],[13.98116,50.81498],[13.98095,50.81484],[13.98041,50.81467],[13.98039,50.81458],[13.98019,50.81448],[13.97734,50.81416],[13.97674,50.8142],[13.97585,50.81391],[13.97467,50.81309],[13.97371,50.81265],[13.97199,50.81168],[13.97083,50.81119],[13.96752,50.81115],[13.96467,50.81102],[13.96427,50.81108],[13.96205,50.81049],[13.9602,50.81023],[13.95915,50.80997],[13.95838,50.80959],[13.95683,50.80861],[13.95448,50.80765],[13.95405,50.80737],[13.95408,50.80701],[13.95425,50.80661],[13.9545,50.80621],[13.95485,50.80586],[13.95505,50.80547],[13.95564,50.80348],[13.9556,50.80307],[13.95579,50.80183],[13.95576,50.80127],[13.95584,50.80093],[13.95625,50.80066],[13.95364,50.79978],[13.95238,50.79927],[13.94981,50.7976],[13.94862,50.79705],[13.94732,50.79579],[13.94745,50.79539],[13.94726,50.79456],[13.94739,50.79425],[13.94708,50.79411],[13.94627,50.79417],[13.94628,50.79369],[13.94595,50.79355],[13.94581,50.79328],[13.94568,50.79329],[13.94566,50.79304],[13.94553,50.79291],[13.94536,50.79289],[13.94538,50.79277],[13.94516,50.79257],[13.94497,50.79249],[13.94447,50.79252],[13.94427,50.79243],[13.94417,50.79226],[13.94368,50.79208],[13.94328,50.79169],[13.94265,50.7917],[13.94235,50.79181],[13.94213,50.79173],[13.94176,50.79174],[13.94151,50.79166],[13.94135,50.79151],[13.94104,50.79147],[13.94043,50.79117],[13.94041,50.79101],[13.9402,50.79081],[13.93987,50.79071],[13.93963,50.79049],[13.9396,50.79028],[13.9391,50.79001],[13.93868,50.78994],[13.93834,50.78998],[13.93731,50.7897],[13.93641,50.78989],[13.93593,50.78978],[13.93468,50.78979],[13.93451,50.78982],[13.93424,50.79003],[13.93386,50.78997],[13.93366,50.79004],[13.93299,50.79005],[13.93166,50.78939],[13.93136,50.78934],[13.9299,50.78875],[13.92906,50.78859],[13.92693,50.78875],[13.92559,50.78872],[13.92436,50.78884],[13.92243,50.78925],[13.921,50.78943],[13.92043,50.78978],[13.92024,50.7898],[13.91976,50.78974],[13.91919,50.78939],[13.91878,50.78925],[13.91837,50.78922],[13.91711,50.78956],[13.91593,50.7905],[13.91486,50.79118],[13.91358,50.7913],[13.91195,50.79197],[13.91145,50.79208],[13.9095,50.79222],[13.90703,50.7927],[13.90655,50.79292],[13.90525,50.79373],[13.90402,50.79433],[13.9031,50.79391],[13.90089,50.79347],[13.8995,50.7926],[13.89821,50.79232],[13.89779,50.79214],[13.89699,50.78994],[13.8967,50.78957],[13.89663,50.78887],[13.89652,50.78854],[13.8971,50.78747],[13.89732,50.78725],[13.89827,50.78682],[13.89956,50.78649],[13.89992,50.78631],[13.90051,50.78531],[13.90046,50.78487],[13.90025,50.78479],[13.89993,50.78437],[13.89946,50.78408],[13.89938,50.78389],[13.89882,50.78371],[13.89862,50.78319],[13.8984,50.78294],[13.89838,50.78245],[13.89811,50.78212],[13.8977,50.78208],[13.89717,50.78153],[13.89678,50.78142],[13.89653,50.78085],[13.8949,50.78031],[13.89483,50.78015],[13.89487,50.77989],[13.89435,50.7793],[13.89373,50.7783],[13.89357,50.77778],[13.8935,50.7772],[13.89316,50.77684],[13.89292,50.77681],[13.89291,50.77661],[13.89275,50.77645],[13.89271,50.77633],[13.89292,50.77607],[13.89294,50.77583],[13.89263,50.77542],[13.89256,50.77476],[13.89271,50.77458],[13.89257,50.7744],[13.8926,50.77418],[13.89222,50.77406],[13.89161,50.77355],[13.89154,50.77341],[13.89101,50.77344],[13.89081,50.77331],[13.89071,50.77312],[13.88981,50.77299],[13.88957,50.7728],[13.8892,50.77272],[13.88899,50.77251],[13.88907,50.7722],[13.88897,50.77208],[13.88864,50.77196],[13.88783,50.77133],[13.88784,50.77115],[13.8876,50.77091],[13.88745,50.77016],[13.88775,50.76958],[13.88775,50.7694],[13.88789,50.76921],[13.88817,50.76904],[13.88826,50.76839],[13.88857,50.76758],[13.88867,50.76751],[13.88876,50.76709],[13.88892,50.76684],[13.88889,50.76676],[13.88905,50.76661],[13.88897,50.76636],[13.8888,50.76636],[13.88864,50.7662],[13.88848,50.76619],[13.88857,50.76606],[13.88875,50.766],[13.88871,50.76591],[13.88877,50.76589],[13.88853,50.76581],[13.88868,50.76572],[13.88863,50.76559],[13.88846,50.76551],[13.88842,50.76533],[13.88865,50.76517],[13.88859,50.76506],[13.88866,50.76468],[13.88949,50.76385],[13.88942,50.7637],[13.88965,50.76346],[13.88966,50.76308],[13.88983,50.763],[13.88977,50.76289],[13.88995,50.76278],[13.88999,50.76261],[13.89017,50.76264],[13.89025,50.76251],[13.89047,50.76242],[13.8905,50.76212],[13.89097,50.76217],[13.89171,50.76195],[13.89199,50.76205],[13.89225,50.76173],[13.89218,50.7616],[13.89223,50.7615],[13.89243,50.76143],[13.89253,50.76116],[13.89355,50.76019],[13.89455,50.75964],[13.89563,50.75885],[13.89598,50.75833],[13.89638,50.75749],[13.89694,50.75698],[13.8976,50.75662],[13.8983,50.75559],[13.89859,50.7554],[13.89964,50.7553],[13.90076,50.75481],[13.90142,50.7543],[13.90161,50.75405],[13.90253,50.75346],[13.90288,50.75308],[13.90258,50.75285],[13.90223,50.75282],[13.90171,50.75264],[13.90136,50.75222],[13.90084,50.75194],[13.90028,50.75052],[13.90011,50.74956],[13.89956,50.74832],[13.89947,50.74794],[13.89958,50.74723],[13.89957,50.74656],[13.89891,50.74522],[13.89849,50.74472],[13.89667,50.74322],[13.89584,50.7431],[13.89458,50.74246],[13.8938,50.74231],[13.89375,50.74221],[13.89305,50.74213],[13.8929,50.7422],[13.89239,50.74211],[13.89223,50.74202],[13.89226,50.7419],[13.89187,50.74176],[13.8913,50.74171],[13.89103,50.74177],[13.89069,50.74167],[13.89018,50.74174],[13.89001,50.7415],[13.88969,50.74127],[13.88914,50.74111],[13.88834,50.74104],[13.88773,50.74088],[13.88747,50.74064],[13.8871,50.7405],[13.88691,50.74058],[13.88642,50.74059],[13.886,50.74041],[13.88607,50.74023],[13.88564,50.74004],[13.88567,50.73992],[13.88546,50.73961],[13.88546,50.73947],[13.88485,50.73932],[13.88464,50.73935],[13.8846,50.73925],[13.88444,50.73925],[13.88443,50.73912],[13.88429,50.73914],[13.88396,50.73895],[13.884,50.73888],[13.88389,50.73877],[13.88345,50.7385],[13.88298,50.73843],[13.8829,50.73833],[13.88229,50.73812],[13.88177,50.73809],[13.88159,50.73815],[13.88104,50.73789],[13.88064,50.73796],[13.88049,50.73791],[13.88041,50.73779],[13.88026,50.73795],[13.87995,50.73801],[13.8797,50.73816],[13.87917,50.73813],[13.87879,50.73827],[13.87833,50.73827],[13.87827,50.73813],[13.87785,50.7381],[13.87787,50.73822],[13.87739,50.73846],[13.87651,50.73881],[13.87621,50.73885],[13.87623,50.73891],[13.87603,50.73897],[13.87597,50.73914],[13.87585,50.73919],[13.87574,50.73936],[13.87556,50.7394],[13.87529,50.73931],[13.87533,50.73944],[13.87512,50.73947],[13.87524,50.73959],[13.87497,50.73989],[13.87393,50.74001],[13.87379,50.74021],[13.87343,50.74025],[13.87337,50.74032],[13.8735,50.74037],[13.87342,50.74051],[13.8732,50.74059],[13.87316,50.74071],[13.87231,50.74125],[13.87199,50.74139],[13.87037,50.74176],[13.86833,50.74277],[13.8673,50.74274],[13.86632,50.74233],[13.86489,50.74217],[13.86409,50.74225],[13.86315,50.74258],[13.86218,50.7428],[13.8621,50.74288],[13.86143,50.74207],[13.86135,50.74184],[13.86135,50.74084],[13.86111,50.73952],[13.86111,50.73921],[13.86123,50.73892],[13.86191,50.73827],[13.86196,50.73811],[13.86212,50.73664],[13.8618,50.73602],[13.86181,50.73569],[13.86148,50.73522],[13.86123,50.73467],[13.86075,50.7342],[13.85985,50.73297],[13.85991,50.73174],[13.85981,50.7314],[13.85947,50.73095],[13.8593,50.73042],[13.859,50.73013],[13.85886,50.72976],[13.85857,50.72947],[13.85832,50.72897],[13.85752,50.72819],[13.85735,50.72809],[13.85711,50.72811],[13.85624,50.7279],[13.85613,50.72752],[13.85599,50.72736],[13.85505,50.72704],[13.85459,50.72712],[13.85417,50.72733],[13.85373,50.72721],[13.85354,50.72725],[13.85358,50.72732],[13.85317,50.72731],[13.85306,50.72744],[13.85288,50.72747],[13.85245,50.72725],[13.85223,50.72741],[13.85172,50.72737],[13.85153,50.72725],[13.85146,50.72705],[13.85056,50.72694],[13.85052,50.7269],[13.8506,50.7268],[13.85053,50.72674],[13.85033,50.7268],[13.84973,50.72632],[13.84947,50.72623],[13.84935,50.72629],[13.84907,50.7261],[13.8487,50.72608],[13.84861,50.72598],[13.84852,50.7261],[13.84797,50.72601],[13.84769,50.72607],[13.84732,50.7259],[13.847,50.72602],[13.84682,50.72592],[13.84692,50.72584],[13.84672,50.72583],[13.84659,50.72595],[13.84651,50.72575],[13.84613,50.72572],[13.84577,50.72554],[13.84578,50.72544],[13.84484,50.72543],[13.8446,50.72529],[13.84441,50.72537],[13.8435,50.72524],[13.8433,50.72529],[13.84325,50.72537],[13.84305,50.72532],[13.84251,50.72561],[13.84225,50.72568],[13.84209,50.72565],[13.84189,50.72578],[13.84165,50.72576],[13.84156,50.72569],[13.84158,50.72561],[13.84133,50.72567],[13.84121,50.7258],[13.84071,50.72568],[13.84056,50.72571],[13.84052,50.72587],[13.84025,50.72587],[13.84004,50.72576],[13.84005,50.72564],[13.83939,50.72569],[13.83942,50.72575],[13.83931,50.7258],[13.83878,50.72563],[13.83879,50.72568],[13.83858,50.72577],[13.83842,50.72581],[13.83839,50.72576],[13.83835,50.72585],[13.83801,50.72591],[13.83798,50.72608],[13.83764,50.72614],[13.83757,50.72626],[13.83732,50.7264],[13.83729,50.72658],[13.83693,50.72659],[13.83699,50.72669],[13.83678,50.72674],[13.83654,50.72697],[13.83588,50.7271],[13.83583,50.72702],[13.83531,50.72706],[13.83529,50.72699],[13.83479,50.72699],[13.83477,50.7269],[13.83434,50.72693],[13.83417,50.72678],[13.83401,50.72687],[13.83391,50.72672],[13.83354,50.72651],[13.83337,50.72664],[13.83329,50.72653],[13.83309,50.72651],[13.83312,50.72643],[13.833,50.72639],[13.83292,50.72646],[13.83251,50.72618],[13.83225,50.72617],[13.8322,50.72602],[13.83211,50.72606],[13.8321,50.72596],[13.83187,50.72581],[13.83194,50.72564],[13.83186,50.72562],[13.83191,50.72552],[13.83179,50.72544],[13.83047,50.72492],[13.82948,50.72463],[13.82857,50.7245],[13.82834,50.7242],[13.8276,50.72421],[13.82746,50.72427],[13.82722,50.72422],[13.82685,50.72431],[13.82668,50.72426],[13.82629,50.72438],[13.8262,50.72448],[13.82632,50.72457],[13.8262,50.72457],[13.8261,50.7247],[13.82587,50.72456],[13.82577,50.72459],[13.82567,50.72474],[13.82571,50.72494],[13.8256,50.72497],[13.82566,50.72501],[13.82562,50.72518],[13.8251,50.72532],[13.8251,50.72552],[13.82454,50.72569],[13.8245,50.72584],[13.82457,50.72595],[13.82435,50.72603],[13.82411,50.72599],[13.82368,50.72625],[13.8234,50.72611],[13.82285,50.72611],[13.82033,50.72738],[13.81986,50.72755],[13.81574,50.72777],[13.81503,50.7282],[13.81417,50.72908],[13.81345,50.72957],[13.81265,50.72991],[13.81171,50.72999],[13.81156,50.7302],[13.81113,50.72999],[13.81061,50.73031],[13.81038,50.73048],[13.81002,50.73101],[13.81034,50.73143],[13.80986,50.7324],[13.80931,50.73273],[13.80749,50.73343],[13.80538,50.7335],[13.80385,50.73336],[13.80308,50.73316],[13.80087,50.73322],[13.80075,50.73306],[13.80017,50.73317],[13.79759,50.73431],[13.79704,50.73448],[13.79576,50.73397],[13.79491,50.73375],[13.79249,50.73342],[13.79088,50.73268],[13.79078,50.73293],[13.79085,50.73316],[13.79074,50.73358],[13.79094,50.73448],[13.79011,50.73522],[13.78938,50.73528],[13.78833,50.73499],[13.78729,50.73439],[13.78692,50.73399],[13.78661,50.73382],[13.78578,50.73369],[13.78492,50.7337],[13.78436,50.73381],[13.78412,50.73414],[13.78394,50.73426],[13.78355,50.73429],[13.78297,50.73468],[13.78193,50.7351],[13.78035,50.73534],[13.77931,50.7359],[13.77816,50.73639],[13.77726,50.73643],[13.77601,50.73617],[13.77517,50.73577],[13.77468,50.73535],[13.77402,50.73446],[13.7737,50.7342],[13.77201,50.73349],[13.77142,50.73302],[13.77083,50.73344],[13.7702,50.73335],[13.76894,50.733],[13.76854,50.7334],[13.7682,50.73392],[13.76741,50.7345],[13.76594,50.73464],[13.76402,50.73529],[13.76338,50.73531],[13.76247,50.73493],[13.7615,50.73469],[13.76088,50.73431],[13.76009,50.73445],[13.76019,50.73517],[13.76007,50.73534],[13.75952,50.73559],[13.75842,50.73592],[13.75646,50.73446],[13.75605,50.73406],[13.75547,50.73324],[13.75502,50.73298],[13.75402,50.73189],[13.75305,50.73099],[13.75176,50.73025],[13.75098,50.72969],[13.74693,50.72842],[13.7458,50.72823],[13.74411,50.72776],[13.74067,50.72737],[13.73928,50.72785],[13.73857,50.72821],[13.73743,50.72865],[13.73649,50.72886],[13.73475,50.72971],[13.73411,50.73021],[13.73288,50.73061],[13.73245,50.73172],[13.73075,50.73334],[13.73023,50.73356],[13.72944,50.73358],[13.72824,50.73375],[13.72801,50.73343],[13.72772,50.73345],[13.72731,50.73332],[13.72709,50.73291],[13.72635,50.73269],[13.72634,50.73247],[13.72625,50.73238],[13.72585,50.73237],[13.72566,50.73223],[13.72541,50.73235],[13.72509,50.73196],[13.72485,50.73182],[13.72485,50.73171],[13.72462,50.73157],[13.72428,50.73152],[13.72409,50.73133],[13.72327,50.73107],[13.72315,50.73085],[13.72237,50.73031],[13.72241,50.72999],[13.72219,50.72998],[13.72195,50.72975],[13.72139,50.72943],[13.72104,50.72953],[13.72051,50.72932],[13.72015,50.729],[13.72022,50.72879],[13.71995,50.72836],[13.71951,50.7283],[13.71869,50.72783],[13.71844,50.72788],[13.71807,50.72749],[13.71749,50.72747],[13.71718,50.72731],[13.71675,50.72724],[13.71601,50.7268],[13.71538,50.72675],[13.71501,50.72657],[13.71466,50.72616],[13.71466,50.72601],[13.71477,50.72592],[13.71473,50.72582],[13.71412,50.72553],[13.71403,50.72526],[13.71377,50.72508],[13.71314,50.725],[13.71281,50.72505],[13.71189,50.7254],[13.71183,50.72559],[13.71161,50.72575],[13.71032,50.72609],[13.7098,50.72597],[13.70944,50.72576],[13.70919,50.72577],[13.70854,50.72559],[13.70839,50.72548],[13.70859,50.72526],[13.70882,50.72515],[13.70892,50.72479],[13.70946,50.72463],[13.7097,50.72426],[13.71057,50.72398],[13.71092,50.72367],[13.71147,50.72352],[13.71133,50.72315],[13.71145,50.72295],[13.71132,50.72249],[13.71166,50.72232],[13.71168,50.72203],[13.71186,50.72186],[13.71147,50.72153],[13.71143,50.72141],[13.71188,50.72099],[13.71195,50.72064],[13.71221,50.72052],[13.71214,50.72023],[13.71247,50.71999],[13.71235,50.71975],[13.71242,50.71962],[13.71217,50.71952],[13.7118,50.71958],[13.71127,50.71934],[13.71078,50.71927],[13.71069,50.71911],[13.71083,50.7189],[13.71042,50.71887],[13.7104,50.71877],[13.71048,50.71871],[13.71018,50.71863],[13.71012,50.71838],[13.70945,50.71822],[13.70943,50.718],[13.70924,50.71797],[13.70924,50.71791],[13.70883,50.71772],[13.70891,50.71761],[13.70882,50.7175],[13.70846,50.71747],[13.70844,50.71732],[13.70824,50.71721],[13.70796,50.71718],[13.70768,50.71696],[13.70733,50.71701],[13.70732,50.71688],[13.70709,50.71693],[13.70682,50.71678],[13.70661,50.71698],[13.70625,50.71688],[13.70607,50.71691],[13.70604,50.71701],[13.70589,50.71706],[13.70539,50.71708],[13.70531,50.71717],[13.70519,50.71713],[13.70459,50.71742],[13.70464,50.71747],[13.70452,50.71759],[13.70433,50.71755],[13.70432,50.71763],[13.70348,50.71796],[13.70329,50.7179],[13.70312,50.71798],[13.7031,50.71808],[13.70272,50.71823],[13.70243,50.71812],[13.70205,50.71818],[13.70207,50.71828],[13.70195,50.71832],[13.70117,50.71834],[13.70092,50.71823],[13.70064,50.71823],[13.70011,50.71834],[13.6995,50.71858],[13.69878,50.71855],[13.69834,50.71839],[13.69819,50.71842],[13.69821,50.71852],[13.69809,50.7186],[13.69752,50.71873],[13.69664,50.71854],[13.69628,50.71859],[13.69597,50.71846],[13.69543,50.71845],[13.69533,50.71852],[13.69514,50.71846],[13.69498,50.71854],[13.69452,50.71844],[13.69336,50.71841],[13.69288,50.71845],[13.69256,50.71857],[13.69216,50.71855],[13.69166,50.71871],[13.69151,50.71883],[13.69082,50.71893],[13.69088,50.71894],[13.68887,50.71942],[13.68839,50.71971],[13.68816,50.71957],[13.68646,50.72051],[13.68535,50.72098],[13.68497,50.72129],[13.6843,50.72163],[13.6841,50.72211],[13.68403,50.72219],[13.68388,50.72219],[13.68389,50.72226],[13.68317,50.72287],[13.68315,50.72318],[13.68239,50.72388],[13.68229,50.72439],[13.68238,50.72448],[13.68211,50.72454],[13.68207,50.72469],[13.68178,50.72479],[13.68166,50.72488],[13.68171,50.72494],[13.68151,50.72501],[13.68147,50.72511],[13.68103,50.7251],[13.68093,50.72522],[13.68057,50.72523],[13.68041,50.72532],[13.68027,50.72526],[13.68001,50.7254],[13.68004,50.72547],[13.67949,50.72554],[13.67947,50.72568],[13.67902,50.72561],[13.67864,50.72569],[13.67848,50.72579],[13.6784,50.72605],[13.67846,50.72608],[13.67838,50.72613],[13.67844,50.72616],[13.67821,50.72633],[13.67812,50.72663],[13.67746,50.72665],[13.67699,50.72685],[13.67687,50.72677],[13.67659,50.72691],[13.67624,50.72687],[13.67576,50.72712],[13.67534,50.7271],[13.67516,50.72715],[13.67513,50.72724],[13.67452,50.72737],[13.67449,50.7275],[13.67421,50.72764],[13.67419,50.72772],[13.67427,50.72772],[13.67402,50.72801],[13.67399,50.72813],[13.67405,50.72815],[13.67354,50.72849],[13.6733,50.7285],[13.67329,50.72874],[13.67284,50.72893],[13.67287,50.72905],[13.67229,50.7291],[13.6721,50.72925],[13.67217,50.72929],[13.67199,50.72931],[13.67197,50.7294],[13.67194,50.72934],[13.67162,50.72943],[13.67127,50.72965],[13.67095,50.72964],[13.67074,50.72981],[13.67079,50.72997],[13.67065,50.72994],[13.67043,50.73004],[13.67019,50.72999],[13.66955,50.73025],[13.66942,50.73018],[13.66932,50.73023],[13.66917,50.73043],[13.66923,50.73055],[13.66919,50.73063],[13.66906,50.73058],[13.66902,50.73066],[13.66855,50.73072],[13.66845,50.73086],[13.66849,50.73093],[13.6683,50.73111],[13.66846,50.73122],[13.66818,50.73133],[13.6682,50.73142],[13.66808,50.73141],[13.66808,50.73152],[13.66792,50.73147],[13.66773,50.73157],[13.66777,50.73164],[13.66769,50.73172],[13.66726,50.73174],[13.66728,50.73183],[13.66684,50.73185],[13.66685,50.73191],[13.66663,50.73199],[13.66629,50.73206],[13.66618,50.73199],[13.6661,50.73202],[13.66614,50.73207],[13.66571,50.73218],[13.66492,50.73218],[13.66486,50.73212],[13.66478,50.73218],[13.66417,50.73209],[13.66404,50.73191],[13.66369,50.7317],[13.66349,50.73179],[13.66302,50.73165],[13.66285,50.73181],[13.66266,50.73178],[13.66262,50.73175],[13.66279,50.73163],[13.6624,50.73149],[13.66208,50.73161],[13.66211,50.73151],[13.66199,50.73133],[13.66152,50.73129],[13.66134,50.73119],[13.66119,50.73128],[13.66119,50.73136],[13.66102,50.73135],[13.66104,50.73128],[13.66096,50.73125],[13.66083,50.73133],[13.66057,50.73127],[13.66065,50.73115],[13.66034,50.73102],[13.6603,50.7309],[13.6597,50.73087],[13.65967,50.73077],[13.65919,50.73074],[13.65906,50.73082],[13.65879,50.73078],[13.65878,50.73086],[13.65863,50.73084],[13.65865,50.73076],[13.65837,50.73079],[13.65811,50.73087],[13.65821,50.73096],[13.65806,50.73098],[13.65805,50.73108],[13.65785,50.73112],[13.6577,50.73125],[13.65758,50.7312],[13.65757,50.7313],[13.65724,50.73138],[13.6569,50.73135],[13.65676,50.73121],[13.65651,50.73125],[13.65651,50.73117],[13.65633,50.73128],[13.6557,50.73116],[13.65521,50.73125],[13.65492,50.73118],[13.65499,50.73124],[13.65474,50.73126],[13.65457,50.73112],[13.65421,50.73105],[13.6541,50.7309],[13.65348,50.73075],[13.65303,50.73054],[13.65199,50.73041],[13.65169,50.73048],[13.6515,50.73036],[13.65124,50.73036],[13.65113,50.73027],[13.65042,50.73009],[13.65003,50.73017],[13.64955,50.73009],[13.6495,50.73017],[13.64892,50.72997],[13.64869,50.72996],[13.64872,50.72989],[13.64856,50.72981],[13.64837,50.72976],[13.64833,50.72983],[13.64816,50.72965],[13.64814,50.72973],[13.64788,50.72962],[13.64776,50.72974],[13.64733,50.72982],[13.64717,50.7298],[13.64718,50.72969],[13.64705,50.72966],[13.6465,50.72978],[13.64604,50.72979],[13.64572,50.72965],[13.64562,50.7297],[13.64563,50.72978],[13.64529,50.72974],[13.64527,50.72985],[13.64487,50.72972],[13.64355,50.72967],[13.64337,50.7295],[13.64257,50.72939],[13.64223,50.72951],[13.64222,50.72939],[13.64211,50.72927],[13.64219,50.72915],[13.64211,50.7291],[13.6416,50.72902],[13.64134,50.72907],[13.64115,50.72897],[13.64107,50.72874],[13.64122,50.72869],[13.64107,50.72857],[13.64076,50.72856],[13.64099,50.72837],[13.64085,50.72821],[13.64043,50.72806],[13.6405,50.72782],[13.64015,50.72765],[13.64033,50.72754],[13.64001,50.72732],[13.64002,50.72722],[13.63932,50.72701],[13.63922,50.72685],[13.63895,50.72681],[13.63896,50.72669],[13.63884,50.72659],[13.6384,50.72657],[13.63825,50.72644],[13.63837,50.72631],[13.6383,50.72623],[13.63778,50.72628],[13.63774,50.7262],[13.63785,50.72613],[13.63789,50.72591],[13.63739,50.72585],[13.6371,50.72565],[13.63707,50.72546],[13.63693,50.7254],[13.63612,50.72529],[13.63606,50.72514],[13.63618,50.72506],[13.63608,50.72492],[13.63564,50.7251],[13.63509,50.72512],[13.63467,50.72524],[13.6344,50.72492],[13.6339,50.7249],[13.63342,50.7245],[13.63333,50.72456],[13.63298,50.72448],[13.63297,50.72433],[13.63281,50.72429],[13.63277,50.72416],[13.63266,50.72413],[13.63261,50.72425],[13.63236,50.72423],[13.63227,50.72402],[13.6324,50.72385],[13.63189,50.72361],[13.63138,50.72382],[13.63094,50.72373],[13.6308,50.72358],[13.63031,50.72349],[13.63015,50.72329],[13.62957,50.72338],[13.62946,50.72327],[13.62954,50.72317],[13.62948,50.72309],[13.62923,50.72311],[13.62915,50.72302],[13.62883,50.72331],[13.6286,50.72339],[13.62843,50.72323],[13.62863,50.723],[13.62865,50.7229],[13.62852,50.72285],[13.62734,50.72301],[13.6269,50.72299],[13.62663,50.7231],[13.62649,50.72297],[13.62629,50.72297],[13.62617,50.72306],[13.62616,50.72327],[13.62598,50.72335],[13.62558,50.72319],[13.62504,50.72311],[13.62483,50.72197],[13.6249,50.72159],[13.62526,50.7209],[13.62561,50.72062],[13.62615,50.72],[13.62692,50.71839],[13.62712,50.71771],[13.62716,50.71636],[13.62706,50.71601],[13.62506,50.71535],[13.62364,50.71515],[13.62058,50.71415],[13.61923,50.71388],[13.61804,50.71377],[13.61732,50.7138],[13.61585,50.71365],[13.61331,50.7138],[13.61124,50.71374],[13.60987,50.71329],[13.60955,50.71304],[13.60768,50.71252],[13.60664,50.71197],[13.60593,50.71141],[13.60539,50.71113],[13.60284,50.71025],[13.60196,50.71013],[13.60135,50.7103],[13.60017,50.7104],[13.59924,50.71037],[13.59859,50.71062],[13.59821,50.71092],[13.59671,50.71134],[13.59619,50.7117],[13.59499,50.71197],[13.59429,50.71194],[13.59415,50.71212],[13.59345,50.71245],[13.59289,50.71249],[13.59254,50.71244],[13.59246,50.71252],[13.59171,50.71235],[13.59119,50.7124],[13.59067,50.71258],[13.59019,50.71248],[13.59004,50.71257],[13.59007,50.71265],[13.58964,50.71278],[13.58956,50.71296],[13.58945,50.713],[13.5888,50.71302],[13.58866,50.71316],[13.5883,50.71321],[13.58807,50.71315],[13.58788,50.71322],[13.5878,50.71314],[13.58728,50.71323],[13.58667,50.71302],[13.58652,50.71316],[13.58627,50.71316],[13.58602,50.71299],[13.58564,50.713],[13.58562,50.7131],[13.58536,50.71314],[13.58515,50.71313],[13.58506,50.71304],[13.58489,50.71311],[13.58467,50.71306],[13.58464,50.71294],[13.58422,50.71273],[13.58416,50.71268],[13.5842,50.71259],[13.58409,50.71257],[13.58388,50.71268],[13.58352,50.71258],[13.58301,50.71268],[13.58291,50.71281],[13.58254,50.71278],[13.58247,50.71282],[13.58253,50.71294],[13.58229,50.71298],[13.58119,50.7129],[13.58086,50.71295],[13.58032,50.71282],[13.58021,50.71265],[13.57995,50.71253],[13.57934,50.71246],[13.57873,50.71267],[13.57755,50.71271],[13.57718,50.71282],[13.57708,50.71296],[13.57605,50.71357],[13.57568,50.71353],[13.57507,50.71368],[13.57471,50.71355],[13.5745,50.7137],[13.57418,50.71368],[13.57384,50.71382],[13.57321,50.7137],[13.57299,50.71356],[13.57268,50.7136],[13.5722,50.71351],[13.57202,50.71345],[13.57174,50.71318],[13.57083,50.71293],[13.57024,50.71311],[13.56979,50.71303],[13.56971,50.71291],[13.56954,50.71292],[13.56887,50.71246],[13.56839,50.71263],[13.56675,50.71273],[13.56596,50.713],[13.56581,50.71321],[13.56525,50.71314],[13.56497,50.71328],[13.56444,50.7132],[13.56386,50.71348],[13.56373,50.71351],[13.56366,50.71343],[13.56353,50.71367],[13.5634,50.71372],[13.56287,50.71388],[13.56262,50.71385],[13.5624,50.71401],[13.56165,50.71428],[13.56149,50.71446],[13.56128,50.71443],[13.56124,50.71453],[13.56105,50.71444],[13.56041,50.71466],[13.56022,50.71459],[13.55998,50.71472],[13.55961,50.71472],[13.55952,50.71479],[13.55945,50.71473],[13.55926,50.7148],[13.5592,50.71472],[13.55887,50.7149],[13.55882,50.7148],[13.55866,50.71483],[13.55854,50.71475],[13.55832,50.71479],[13.55812,50.71495],[13.55777,50.71488],[13.55766,50.71474],[13.55752,50.71482],[13.55738,50.71478],[13.55738,50.71469],[13.55713,50.71462],[13.55676,50.71464],[13.55654,50.71475],[13.55602,50.71457],[13.55556,50.71459],[13.55531,50.71448],[13.55525,50.71455],[13.55487,50.71446],[13.55443,50.71452],[13.55415,50.71426],[13.55323,50.71417],[13.55314,50.71413],[13.55317,50.71407],[13.55266,50.71391],[13.55256,50.71399],[13.55203,50.71384],[13.55196,50.71367],[13.55132,50.71359],[13.55112,50.71334],[13.54977,50.71281],[13.54967,50.7125],[13.54938,50.71244],[13.54925,50.71226],[13.54847,50.71184],[13.54774,50.71172],[13.54753,50.71181],[13.54698,50.71164],[13.54636,50.71174],[13.54569,50.71162],[13.54559,50.71133],[13.5449,50.71127],[13.54461,50.71108],[13.54465,50.71085],[13.54457,50.71078],[13.54354,50.71027],[13.54326,50.71002],[13.54213,50.70953],[13.54208,50.70948],[13.54212,50.70935],[13.54171,50.70904],[13.5417,50.70883],[13.54153,50.70868],[13.54008,50.70833],[13.53981,50.70804],[13.54008,50.70759],[13.54004,50.70744],[13.54027,50.7073],[13.53978,50.7068],[13.53907,50.70646],[13.53889,50.70609],[13.53872,50.70595],[13.53668,50.7057],[13.53293,50.70602],[13.52884,50.7054],[13.52535,50.70448],[13.5256,50.70232],[13.52588,50.7012],[13.52578,50.701],[13.52627,50.70076],[13.5264,50.7005],[13.52668,50.70027],[13.52663,50.70016],[13.52683,50.69984],[13.5271,50.69964],[13.52708,50.69946],[13.52725,50.69919],[13.52798,50.69894],[13.52809,50.69862],[13.52805,50.69844],[13.5288,50.6982],[13.52896,50.69809],[13.52911,50.69783],[13.52955,50.69763],[13.5301,50.69723],[13.53049,50.69716],[13.53116,50.6969],[13.53147,50.69697],[13.53187,50.69692],[13.53226,50.69674],[13.53265,50.69676],[13.53317,50.69652],[13.53358,50.69618],[13.53389,50.69607],[13.53397,50.69594],[13.534,50.6952],[13.53441,50.6951],[13.53468,50.69483],[13.53485,50.69478],[13.53481,50.69459],[13.53518,50.69431],[13.53518,50.69392],[13.53557,50.69359],[13.53568,50.69339],[13.53686,50.69256],[13.53751,50.6925],[13.53812,50.69191],[13.53907,50.69161],[13.53944,50.69128],[13.53945,50.69114],[13.53934,50.69106],[13.5398,50.69093],[13.54001,50.69078],[13.54018,50.69022],[13.5406,50.68992],[13.54035,50.68929],[13.54045,50.689],[13.54031,50.68889],[13.54034,50.68881],[13.54073,50.68838],[13.54128,50.688],[13.54132,50.68731],[13.54161,50.68717],[13.54141,50.68696],[13.54145,50.68672],[13.54158,50.68657],[13.54147,50.68628],[13.5418,50.68595],[13.54153,50.68569],[13.54176,50.68554],[13.54189,50.68512],[13.54187,50.68487],[13.5417,50.68463],[13.5417,50.68423],[13.54191,50.68384],[13.54214,50.68381],[13.54255,50.6834],[13.54231,50.68326],[13.5423,50.68282],[13.54196,50.68273],[13.54185,50.68259],[13.54202,50.68243],[13.54205,50.68222],[13.54235,50.68189],[13.54238,50.6816],[13.54303,50.68134],[13.54301,50.68113],[13.54315,50.68107],[13.54309,50.68085],[13.54292,50.6809],[13.54298,50.68061],[13.54324,50.68054],[13.54318,50.68043],[13.54355,50.6803],[13.54375,50.68009],[13.54387,50.67979],[13.54407,50.67985],[13.54418,50.67978],[13.54406,50.67947],[13.54385,50.67933],[13.54418,50.67914],[13.54411,50.67896],[13.54424,50.67875],[13.54407,50.67866],[13.54419,50.67823],[13.54414,50.67805],[13.54418,50.67789],[13.54448,50.67764],[13.54436,50.67738],[13.54441,50.67725],[13.54409,50.67702],[13.54336,50.67669],[13.5427,50.67657],[13.54176,50.67625],[13.54139,50.67604],[13.54054,50.67572],[13.54018,50.6752],[13.5399,50.67502],[13.53999,50.67491],[13.53874,50.67316],[13.53885,50.67289],[13.53928,50.6725],[13.5394,50.67221],[13.53991,50.67178],[13.53995,50.67132],[13.54067,50.67044],[13.54063,50.66972],[13.54074,50.66904],[13.54033,50.66816],[13.53992,50.668],[13.53955,50.6677],[13.53835,50.66774],[13.53682,50.66798],[13.53585,50.66827],[13.53355,50.66863],[13.53226,50.66875],[13.53146,50.66858],[13.53112,50.66839],[13.53046,50.66819],[13.52976,50.6677],[13.52945,50.6672],[13.52852,50.66676],[13.52799,50.66633],[13.52677,50.6658],[13.52655,50.66546],[13.52625,50.66522],[13.52611,50.66471],[13.52559,50.66441],[13.52432,50.66291],[13.52369,50.66268],[13.5233,50.66264],[13.52287,50.66239],[13.52248,50.66181],[13.5219,50.66126],[13.52148,50.66113],[13.52122,50.66091],[13.52058,50.66067],[13.51927,50.65976],[13.51822,50.65944],[13.51783,50.65923],[13.51738,50.65877],[13.51732,50.65778],[13.51714,50.65715],[13.5163,50.65661],[13.51564,50.65632],[13.515,50.65612],[13.51439,50.65605],[13.51424,50.65582],[13.51407,50.65575],[13.51397,50.65553],[13.51391,50.6547],[13.51313,50.65415],[13.51289,50.65386],[13.51281,50.6533],[13.51297,50.65222],[13.51317,50.65178],[13.515,50.65035],[13.51607,50.65016],[13.5162,50.64997],[13.51648,50.64984],[13.5167,50.64943],[13.51666,50.64933],[13.51703,50.649],[13.51701,50.64888],[13.51723,50.64853],[13.51793,50.6483],[13.51963,50.64903],[13.52018,50.64905],[13.52151,50.64889],[13.52314,50.64896],[13.52451,50.64925],[13.5253,50.64926],[13.52578,50.64947],[13.52605,50.6495],[13.52591,50.64935],[13.52544,50.64911],[13.52529,50.6489],[13.52529,50.64867],[13.52503,50.64859],[13.52499,50.64821],[13.52485,50.64811],[13.52491,50.64797],[13.52488,50.64755],[13.52472,50.64742],[13.5247,50.64719],[13.52478,50.64709],[13.52466,50.64691],[13.52466,50.64629],[13.52448,50.6461],[13.52439,50.64579],[13.52403,50.64538],[13.52401,50.64523],[13.52372,50.64504],[13.52374,50.64494],[13.52345,50.64444],[13.52352,50.64412],[13.52366,50.64394],[13.52338,50.64366],[13.5237,50.64336],[13.52353,50.64321],[13.52357,50.643],[13.52341,50.64281],[13.52348,50.64276],[13.52315,50.64259],[13.52333,50.64243],[13.52358,50.64239],[13.52378,50.64211],[13.52398,50.64203],[13.52392,50.64148],[13.52407,50.64146],[13.52413,50.64134],[13.52404,50.64127],[13.52418,50.64114],[13.52438,50.64113],[13.52451,50.64102],[13.5244,50.64085],[13.52457,50.64058],[13.52453,50.64031],[13.5247,50.6402],[13.52456,50.64001],[13.52441,50.64],[13.52429,50.63967],[13.52438,50.63908],[13.52387,50.63895],[13.5236,50.63875],[13.52333,50.63882],[13.52256,50.63864],[13.52199,50.63866],[13.52188,50.63853],[13.52131,50.63831],[13.52113,50.63832],[13.52107,50.63821],[13.52051,50.63818],[13.52026,50.63809],[13.52001,50.6379],[13.51905,50.63762],[13.51886,50.63739],[13.51842,50.63731],[13.51827,50.63722],[13.5183,50.63713],[13.51815,50.63688],[13.51775,50.63669],[13.51762,50.63651],[13.51721,50.63635],[13.51666,50.63644],[13.51632,50.63635],[13.51609,50.63638],[13.51497,50.63606],[13.51452,50.63612],[13.51385,50.636],[13.51345,50.63611],[13.51292,50.63605],[13.51268,50.63621],[13.51263,50.63634],[13.51199,50.63608],[13.51145,50.63604],[13.51137,50.63597],[13.51109,50.63602],[13.51104,50.63593],[13.51061,50.63593],[13.51031,50.6358],[13.51004,50.63579],[13.50956,50.63556],[13.50952,50.63541],[13.50888,50.63532],[13.50836,50.63514],[13.50792,50.63514],[13.50771,50.63526],[13.50738,50.6352],[13.50723,50.63504],[13.50697,50.63499],[13.50671,50.63497],[13.50654,50.63508],[13.50622,50.63499],[13.50567,50.63506],[13.50515,50.63489],[13.50517,50.6347],[13.50503,50.63466],[13.50437,50.63462],[13.50355,50.63429],[13.50329,50.63434],[13.5032,50.63423],[13.50279,50.63421],[13.5024,50.63407],[13.5021,50.63379],[13.50216,50.63357],[13.50204,50.63332],[13.50187,50.63325],[13.50212,50.63312],[13.50195,50.63302],[13.50196,50.63292],[13.5018,50.63292],[13.50174,50.63272],[13.50128,50.63257],[13.50101,50.63267],[13.50075,50.63245],[13.50045,50.63235],[13.49953,50.63244],[13.49888,50.63223],[13.49847,50.63231],[13.49819,50.63209],[13.49772,50.63207],[13.49742,50.63168],[13.49711,50.63154],[13.49686,50.6313],[13.49682,50.63114],[13.49663,50.63109],[13.49595,50.63035],[13.49605,50.62997],[13.49591,50.62972],[13.49613,50.62957],[13.49622,50.62937],[13.49606,50.62916],[13.49617,50.62907],[13.49619,50.62885],[13.49611,50.62876],[13.4962,50.62873],[13.49605,50.6286],[13.49602,50.62841],[13.49609,50.6282],[13.49602,50.62809],[13.49618,50.62794],[13.49576,50.62729],[13.49561,50.62699],[13.49561,50.62677],[13.49485,50.62624],[13.49456,50.62568],[13.49455,50.62535],[13.49413,50.62481],[13.49408,50.62456],[13.49392,50.62453],[13.49388,50.62439],[13.49365,50.62416],[13.49344,50.62411],[13.49302,50.6238],[13.49289,50.62356],[13.49242,50.62336],[13.49184,50.62333],[13.49154,50.62311],[13.49121,50.62314],[13.49098,50.62287],[13.49075,50.62298],[13.49046,50.62273],[13.49009,50.62272],[13.48996,50.62259],[13.48973,50.62259],[13.48954,50.62243],[13.48922,50.62235],[13.48925,50.62224],[13.48902,50.62222],[13.4888,50.62199],[13.48849,50.62189],[13.48844,50.622],[13.4883,50.62203],[13.4881,50.62191],[13.48805,50.62171],[13.48754,50.62177],[13.48735,50.62162],[13.48725,50.62172],[13.48707,50.62168],[13.48707,50.62177],[13.48699,50.62177],[13.48692,50.62158],[13.48679,50.62157],[13.4869,50.62141],[13.48673,50.62122],[13.48662,50.62129],[13.48645,50.62109],[13.48616,50.62107],[13.48623,50.62086],[13.48602,50.62092],[13.48572,50.62076],[13.48551,50.62058],[13.48554,50.6205],[13.48544,50.62045],[13.48538,50.62019],[13.48526,50.62024],[13.48509,50.62017],[13.48474,50.61974],[13.48459,50.61969],[13.48467,50.61949],[13.48437,50.61935],[13.48424,50.61938],[13.48429,50.61948],[13.48416,50.61952],[13.48406,50.61941],[13.48376,50.61946],[13.48355,50.61927],[13.48332,50.61919],[13.48326,50.61923],[13.48335,50.61937],[13.48282,50.6193],[13.48247,50.61942],[13.48239,50.61932],[13.48238,50.61893],[13.4822,50.61896],[13.48226,50.61845],[13.48182,50.61825],[13.48186,50.61808],[13.48161,50.61797],[13.48157,50.61784],[13.48119,50.6176],[13.48058,50.61685],[13.48038,50.61679],[13.48014,50.6166],[13.47974,50.61651],[13.47965,50.61635],[13.47922,50.61605],[13.47876,50.61596],[13.47846,50.61571],[13.47805,50.61575],[13.4774,50.61537],[13.47719,50.61483],[13.47689,50.61457],[13.47689,50.61427],[13.47735,50.61399],[13.47712,50.61361],[13.47744,50.61307],[13.47747,50.61267],[13.47764,50.61247],[13.47719,50.6123],[13.47671,50.61229],[13.47501,50.61186],[13.47463,50.61118],[13.47391,50.6106],[13.47375,50.61064],[13.47374,50.61049],[13.47339,50.61],[13.47237,50.60986],[13.47206,50.60971],[13.47136,50.60957],[13.47077,50.60924],[13.4709,50.60901],[13.47065,50.60879],[13.47087,50.60849],[13.4707,50.60813],[13.47079,50.60787],[13.47072,50.60776],[13.47036,50.60765],[13.47015,50.60769],[13.46913,50.60722],[13.46902,50.60715],[13.46892,50.6068],[13.46826,50.60635],[13.46736,50.6061],[13.4668,50.60613],[13.46651,50.60601],[13.46645,50.6059],[13.46649,50.60557],[13.46705,50.60501],[13.46683,50.60468],[13.46616,50.60422],[13.46606,50.60384],[13.46586,50.60352],[13.46594,50.60306],[13.46581,50.60273],[13.46584,50.60249],[13.46566,50.60233],[13.46494,50.602],[13.46489,50.60195],[13.46496,50.60188],[13.46442,50.60183],[13.46355,50.602],[13.46293,50.60187],[13.46231,50.60186],[13.46189,50.60217],[13.46196,50.60256],[13.46169,50.60272],[13.46178,50.6029],[13.4617,50.60311],[13.46097,50.60366],[13.46054,50.6041],[13.46001,50.60435],[13.45866,50.60472],[13.45738,50.60469],[13.45652,50.60475],[13.45493,50.6051],[13.45217,50.60595],[13.451,50.60601],[13.45078,50.60619],[13.45101,50.60656],[13.45088,50.60677],[13.4494,50.60786],[13.44748,50.60876],[13.44658,50.60892],[13.4464,50.60925],[13.44624,50.60924],[13.44615,50.60911],[13.44599,50.6091],[13.44589,50.60912],[13.446,50.60933],[13.44572,50.6094],[13.44555,50.60939],[13.44541,50.60922],[13.44504,50.60937],[13.44429,50.60936],[13.44411,50.60958],[13.44402,50.61008],[13.44362,50.61],[13.44324,50.6103],[13.44309,50.61034],[13.4428,50.61023],[13.44263,50.61025],[13.44223,50.61061],[13.44184,50.61066],[13.44137,50.61129],[13.44104,50.61134],[13.44023,50.61121],[13.43994,50.61096],[13.43869,50.611],[13.43817,50.6108],[13.43762,50.61081],[13.43753,50.61075],[13.43755,50.61057],[13.43738,50.61052],[13.43629,50.61066],[13.43609,50.6106],[13.43587,50.61037],[13.4354,50.61042],[13.43446,50.61074],[13.43409,50.61075],[13.43407,50.61051],[13.43318,50.61042],[13.43273,50.61045],[13.43235,50.61068],[13.43222,50.61067],[13.43207,50.61046],[13.43181,50.61046],[13.43008,50.61057],[13.42986,50.61076],[13.42937,50.61075],[13.42909,50.61083],[13.42861,50.61116],[13.42823,50.61126],[13.42817,50.61158],[13.42773,50.61187],[13.42689,50.6121],[13.42506,50.61298],[13.42532,50.61362],[13.42577,50.61381],[13.42618,50.61418],[13.4264,50.61476],[13.42722,50.61553],[13.42662,50.61594],[13.42582,50.61611],[13.42574,50.61617],[13.42573,50.6165],[13.42566,50.61658],[13.42504,50.61673],[13.42352,50.61671],[13.42229,50.61641],[13.42156,50.61611],[13.42036,50.61608],[13.41944,50.61582],[13.41869,50.61548],[13.41849,50.6155],[13.41714,50.61611],[13.41624,50.61606],[13.41555,50.61653],[13.41507,50.61663],[13.41468,50.61735],[13.41499,50.61773],[13.41494,50.61781],[13.41292,50.61812],[13.41239,50.61846],[13.41221,50.6187],[13.41237,50.61953],[13.41249,50.61971],[13.41275,50.61985],[13.41344,50.6199],[13.41383,50.62035],[13.41383,50.62058],[13.41351,50.62071],[13.41317,50.6212],[13.4132,50.62134],[13.41361,50.62182],[13.41364,50.62197],[13.41292,50.62233],[13.41276,50.62269],[13.41178,50.6235],[13.41158,50.62361],[13.4108,50.62374],[13.41071,50.62382],[13.41087,50.62408],[13.41067,50.62442],[13.4104,50.62455],[13.4097,50.62469],[13.40968,50.62478],[13.40984,50.62494],[13.40981,50.62518],[13.40929,50.6258],[13.40919,50.62628],[13.40847,50.62695],[13.40873,50.62714],[13.40882,50.62734],[13.40856,50.6278],[13.40837,50.62799],[13.40737,50.62821],[13.40711,50.6284],[13.40743,50.62845],[13.40755,50.62904],[13.40734,50.62985],[13.40695,50.63032],[13.40642,50.6306],[13.40622,50.63096],[13.40618,50.63129],[13.40633,50.63177],[13.40633,50.63211],[13.40606,50.63295],[13.40565,50.63366],[13.40555,50.6347],[13.40489,50.63501],[13.40347,50.63549],[13.40296,50.6354],[13.40318,50.63514],[13.40317,50.63506],[13.40304,50.63499],[13.40242,50.63515],[13.40208,50.63573],[13.40165,50.63595],[13.40146,50.63625],[13.40115,50.6365],[13.40127,50.63695],[13.4012,50.63708],[13.40008,50.63716],[13.39938,50.63769],[13.39833,50.63796],[13.39706,50.63885],[13.39662,50.63957],[13.39696,50.64],[13.39667,50.64059],[13.39632,50.64079],[13.39556,50.64066],[13.39535,50.64072],[13.39504,50.64117],[13.39495,50.64148],[13.39498,50.64168],[13.3949,50.64178],[13.39349,50.64204],[13.39318,50.64199],[13.39271,50.64176],[13.39249,50.64177],[13.39273,50.64244],[13.39243,50.64291],[13.3923,50.6437],[13.39153,50.64416],[13.39142,50.6444],[13.39145,50.64487],[13.39182,50.64507],[13.39194,50.64526],[13.3918,50.6456],[13.39187,50.64586],[13.39215,50.64623],[13.39209,50.64647],[13.39192,50.64672],[13.39111,50.64691],[13.38941,50.647],[13.38745,50.64686],[13.38653,50.64692],[13.38592,50.64687],[13.38489,50.64631],[13.38385,50.64593],[13.38375,50.64518],[13.38359,50.64497],[13.38292,50.64494],[13.3824,50.64516],[13.3818,50.64562],[13.38101,50.64601],[13.38005,50.64662],[13.37892,50.64698],[13.37836,50.6475],[13.37822,50.64778],[13.37816,50.64821],[13.37784,50.64841],[13.37729,50.64854],[13.37686,50.64885],[13.37624,50.64962],[13.37598,50.65026],[13.3758,50.65044],[13.37552,50.65048],[13.37544,50.65038],[13.37519,50.65036],[13.37452,50.65045],[13.37364,50.65076],[13.37116,50.65091],[13.37114,50.65069],[13.37055,50.6502],[13.37055,50.65003],[13.37102,50.64961],[13.37172,50.64928],[13.37202,50.64903],[13.37226,50.64828],[13.37262,50.64779],[13.37269,50.64743],[13.37257,50.6467],[13.37266,50.64629],[13.37255,50.64597],[13.37305,50.64572],[13.37323,50.64549],[13.37314,50.64511],[13.37288,50.64473],[13.37298,50.64459],[13.37342,50.64444],[13.37352,50.64433],[13.37305,50.64398],[13.37355,50.64385],[13.37369,50.64359],[13.37373,50.64318],[13.37413,50.64296],[13.37408,50.64277],[13.37373,50.64242],[13.3737,50.64225],[13.37429,50.64182],[13.37459,50.64127],[13.37452,50.64101],[13.37441,50.64099],[13.3738,50.64121],[13.37363,50.64115],[13.37357,50.64104],[13.37387,50.64058],[13.3737,50.64004],[13.37379,50.63978],[13.37445,50.63935],[13.37475,50.63891],[13.37476,50.63878],[13.37453,50.63864],[13.37383,50.63852],[13.37358,50.63779],[13.37361,50.63764],[13.37376,50.63744],[13.37401,50.6373],[13.37504,50.63708],[13.37555,50.63681],[13.37563,50.63669],[13.37551,50.6365],[13.37475,50.6359],[13.37434,50.63529],[13.37438,50.63502],[13.37488,50.63492],[13.37504,50.63485],[13.37511,50.63469],[13.37503,50.63443],[13.37449,50.63404],[13.37433,50.63381],[13.37433,50.63357],[13.37446,50.63333],[13.37427,50.63275],[13.375,50.63167],[13.37535,50.631],[13.37654,50.62986],[13.377,50.62959],[13.3775,50.62895],[13.37789,50.62861],[13.37794,50.6284],[13.37788,50.6283],[13.37728,50.62769],[13.37748,50.62749],[13.3774,50.62735],[13.37698,50.62711],[13.37661,50.62701],[13.3751,50.62679],[13.37448,50.62635],[13.37379,50.62606],[13.37306,50.62556],[13.37266,50.62538],[13.37188,50.62537],[13.37112,50.62524],[13.3701,50.6249],[13.36922,50.6235],[13.36897,50.62323],[13.36879,50.62276],[13.36906,50.62214],[13.3688,50.62168],[13.36881,50.62129],[13.36895,50.62089],[13.36887,50.62056],[13.36841,50.62007],[13.36789,50.61922],[13.36751,50.61888],[13.36545,50.61808],[13.36489,50.61794],[13.36445,50.61805],[13.36412,50.61831],[13.36373,50.6189],[13.36344,50.61914],[13.36308,50.61929],[13.36176,50.61948],[13.361,50.61939],[13.36032,50.6195],[13.36014,50.61943],[13.36004,50.61929],[13.36025,50.61849],[13.35998,50.61745],[13.35952,50.61683],[13.35886,50.6163],[13.3581,50.61599],[13.35752,50.61593],[13.35654,50.6162],[13.35587,50.61626],[13.35546,50.61619],[13.3546,50.61584],[13.3539,50.61578],[13.35287,50.61526],[13.35199,50.61411],[13.3518,50.61398],[13.35117,50.61389],[13.35045,50.61411],[13.34949,50.61454],[13.34895,50.61462],[13.34816,50.61437],[13.34723,50.6139],[13.34675,50.61377],[13.34539,50.61379],[13.345,50.61359],[13.34442,50.61309],[13.34382,50.61287],[13.3427,50.61296],[13.34229,50.61269],[13.34199,50.61264],[13.34068,50.61304],[13.34013,50.61309],[13.33772,50.61278],[13.33755,50.61245],[13.33748,50.61183],[13.33774,50.6117],[13.33843,50.61166],[13.33862,50.61158],[13.3388,50.61137],[13.3388,50.61099],[13.33853,50.61079],[13.33808,50.61066],[13.33713,50.61061],[13.33579,50.61018],[13.33542,50.60867],[13.33539,50.60807],[13.33505,50.60745],[13.3349,50.60687],[13.33479,50.60678],[13.33461,50.60674],[13.33432,50.60684],[13.33354,50.6075],[13.33194,50.60801],[13.32873,50.60816],[13.32844,50.6083],[13.32783,50.60841],[13.32617,50.60843],[13.32536,50.60868],[13.32489,50.60855],[13.3246,50.60767],[13.32462,50.60755],[13.32469,50.60745],[13.32562,50.60687],[13.32608,50.606],[13.32617,50.60536],[13.32597,50.60473],[13.32558,50.6045],[13.32479,50.60423],[13.32435,50.60379],[13.3237,50.60356],[13.32226,50.60275],[13.32114,50.6025],[13.3201,50.60262],[13.31945,50.60217],[13.31939,50.60198],[13.31964,50.60164],[13.32108,50.60069],[13.3211,50.59978],[13.32093,50.59951],[13.32095,50.59931],[13.32154,50.59914],[13.32171,50.59893],[13.32164,50.59871],[13.32237,50.59816],[13.32251,50.59785],[13.32289,50.59765],[13.323,50.59749],[13.32299,50.59633],[13.32215,50.5953],[13.3218,50.5947],[13.3217,50.59435],[13.3217,50.59371],[13.32153,50.59285],[13.32179,50.59188],[13.32176,50.59143],[13.32183,50.59119],[13.32176,50.59097],[13.32158,50.5908],[13.32176,50.59067],[13.3218,50.59048],[13.32143,50.59042],[13.32125,50.59022],[13.32155,50.59004],[13.3213,50.58965],[13.32177,50.58951],[13.32204,50.58918],[13.32267,50.58885],[13.32293,50.5886],[13.32336,50.58852],[13.32357,50.58827],[13.32439,50.58786],[13.32453,50.58767],[13.32454,50.58739],[13.32415,50.58676],[13.32421,50.58608],[13.32408,50.58537],[13.32419,50.58496],[13.32458,50.58444],[13.32432,50.58419],[13.32432,50.58396],[13.32489,50.58361],[13.32487,50.58325],[13.32519,50.58294],[13.32468,50.58232],[13.3235,50.58186],[13.32333,50.58163],[13.32325,50.58119],[13.32199,50.58119],[13.32093,50.58082],[13.32023,50.58075],[13.32006,50.58082],[13.32008,50.5809],[13.31937,50.58097],[13.31925,50.5808],[13.3184,50.58063],[13.31748,50.58019],[13.31508,50.57986],[13.31494,50.57971],[13.31454,50.57976],[13.31453,50.57966],[13.31429,50.57959],[13.31439,50.57952],[13.31432,50.57947],[13.314,50.57949],[13.31371,50.57941],[13.31312,50.57953],[13.3131,50.57943],[13.31295,50.57937],[13.31269,50.57948],[13.31246,50.57942],[13.31188,50.5795],[13.31178,50.57938],[13.31154,50.57936],[13.31146,50.57925],[13.31113,50.57943],[13.31081,50.57933],[13.31062,50.57919],[13.3096,50.579],[13.30908,50.57899],[13.30866,50.57918],[13.30839,50.57917],[13.30805,50.57934],[13.30747,50.57934],[13.30676,50.57924],[13.30612,50.57934],[13.30603,50.57926],[13.30578,50.57944],[13.30561,50.57938],[13.30547,50.57942],[13.30547,50.57953],[13.30517,50.57955],[13.30483,50.57939],[13.30401,50.57921],[13.30364,50.57899],[13.30265,50.57899],[13.30221,50.57886],[13.30194,50.57894],[13.30108,50.57893],[13.30086,50.57882],[13.30042,50.57894],[13.30008,50.57874],[13.29997,50.5785],[13.29831,50.57846],[13.29775,50.57826],[13.29729,50.5779],[13.2969,50.57786],[13.29626,50.57699],[13.29604,50.5769],[13.29592,50.57672],[13.29549,50.57661],[13.29452,50.57607],[13.29293,50.57552],[13.29269,50.57554],[13.2924,50.57537],[13.29182,50.57538],[13.29119,50.57503],[13.29083,50.57553],[13.29095,50.57652],[13.29047,50.57758],[13.29022,50.57778],[13.28914,50.57826],[13.28904,50.57871],[13.28868,50.57899],[13.2879,50.57918],[13.28724,50.57948],[13.28582,50.58138],[13.28598,50.58209],[13.28544,50.58235],[13.28531,50.58255],[13.28538,50.58293],[13.28495,50.584],[13.28448,50.58436],[13.28415,50.58476],[13.28385,50.58536],[13.2837,50.58605],[13.28373,50.58623],[13.28393,50.5867],[13.28462,50.58724],[13.28481,50.58762],[13.28412,50.58874],[13.28346,50.58936],[13.28323,50.58978],[13.28228,50.59092],[13.28216,50.59125],[13.27881,50.59307],[13.27679,50.59293],[13.26573,50.59279],[13.26486,50.59291],[13.26294,50.59277],[13.26135,50.5922],[13.26031,50.5923],[13.25998,50.59241],[13.25991,50.59266],[13.25979,50.59274],[13.25956,50.59275],[13.25934,50.593],[13.25871,50.59331],[13.25874,50.59349],[13.25861,50.59369],[13.25808,50.59388],[13.2575,50.59424],[13.25754,50.59431],[13.2573,50.59468],[13.25737,50.59473],[13.25731,50.59481],[13.25657,50.59497],[13.25636,50.59535],[13.25603,50.59549],[13.25531,50.59545],[13.25492,50.59525],[13.2542,50.59527],[13.25348,50.59514],[13.25286,50.59484],[13.25237,50.59496],[13.25221,50.59483],[13.25194,50.59479],[13.25191,50.59443],[13.25211,50.5941],[13.25203,50.59399],[13.25135,50.59373],[13.25094,50.59336],[13.25005,50.59325],[13.24951,50.59278],[13.24911,50.5926],[13.24883,50.5923],[13.24846,50.59218],[13.24818,50.59149],[13.24799,50.59121],[13.24772,50.59105],[13.24764,50.59028],[13.24835,50.58957],[13.24806,50.58922],[13.24826,50.58901],[13.24803,50.58881],[13.24775,50.5887],[13.24763,50.58854],[13.24796,50.58787],[13.24789,50.5877],[13.24793,50.58748],[13.24761,50.58711],[13.24656,50.58646],[13.24581,50.58612],[13.245,50.58601],[13.2437,50.58607],[13.2423,50.58537],[13.2409,50.5852],[13.23963,50.58474],[13.23957,50.58466],[13.2397,50.58454],[13.23968,50.58442],[13.23907,50.5842],[13.23892,50.58406],[13.23895,50.58389],[13.23876,50.58292],[13.23828,50.5825],[13.2381,50.58223],[13.23782,50.58156],[13.2378,50.58122],[13.23766,50.58092],[13.23769,50.58057],[13.23754,50.58013],[13.23706,50.57984],[13.23621,50.57974],[13.23566,50.5795],[13.23538,50.57945],[13.23503,50.57954],[13.23454,50.57941],[13.23416,50.57958],[13.23394,50.57944],[13.23319,50.57927],[13.23317,50.57918],[13.23346,50.57882],[13.23385,50.57893],[13.23392,50.57857],[13.23363,50.57846],[13.23314,50.57848],[13.23302,50.57834],[13.23334,50.57809],[13.23355,50.57822],[13.23381,50.57813],[13.23383,50.57792],[13.23344,50.57792],[13.23344,50.57754],[13.23362,50.57757],[13.23366,50.57762],[13.23358,50.57771],[13.2337,50.57773],[13.23396,50.57758],[13.23409,50.57729],[13.23378,50.57721],[13.23371,50.57706],[13.23418,50.57689],[13.23443,50.57661],[13.23442,50.57654],[13.23411,50.57654],[13.23423,50.57645],[13.23425,50.5763],[13.23363,50.57631],[13.23363,50.57625],[13.23392,50.57598],[13.23408,50.57568],[13.23465,50.57549],[13.23457,50.5751],[13.23487,50.57469],[13.23522,50.57464],[13.23527,50.57452],[13.23518,50.57444],[13.23532,50.57429],[13.23529,50.57409],[13.23536,50.57398],[13.23559,50.57393],[13.23585,50.57372],[13.23589,50.57332],[13.23571,50.57321],[13.23558,50.57322],[13.23555,50.57298],[13.23589,50.57308],[13.23598,50.57303],[13.23591,50.57292],[13.23568,50.57283],[13.23612,50.57226],[13.23587,50.57198],[13.2361,50.57193],[13.23638,50.57162],[13.23641,50.57149],[13.23637,50.5714],[13.23612,50.57147],[13.23605,50.5714],[13.23616,50.57118],[13.23592,50.57116],[13.23578,50.57124],[13.23557,50.57111],[13.23547,50.57073],[13.23555,50.57049],[13.23606,50.57041],[13.23605,50.57032],[13.23536,50.56999],[13.23531,50.56985],[13.23516,50.56976],[13.23473,50.56979],[13.23451,50.56948],[13.23416,50.56946],[13.23407,50.56934],[13.23386,50.56928],[13.23352,50.56935],[13.23333,50.56913],[13.23257,50.56889],[13.23237,50.56877],[13.23251,50.56859],[13.23235,50.56844],[13.23164,50.56855],[13.23154,50.56853],[13.23158,50.56843],[13.23147,50.56836],[13.23051,50.56836],[13.23053,50.56825],[13.22998,50.56802],[13.22894,50.56785],[13.22804,50.56738],[13.22762,50.56707],[13.22711,50.56691],[13.2267,50.56652],[13.22608,50.56639],[13.22596,50.56631],[13.22548,50.56563],[13.2249,50.56539],[13.22464,50.56518],[13.22455,50.5645],[13.2247,50.56426],[13.22458,50.5641],[13.22425,50.56398],[13.22379,50.564],[13.22313,50.56354],[13.22273,50.56279],[13.22271,50.56258],[13.22315,50.56234],[13.22363,50.56225],[13.2243,50.56144],[13.22405,50.56094],[13.22406,50.56077],[13.22427,50.56053],[13.22404,50.56035],[13.22376,50.55995],[13.22345,50.55908],[13.2233,50.55891],[13.22333,50.55855],[13.22374,50.55835],[13.22355,50.55819],[13.22406,50.55807],[13.22436,50.55783],[13.22427,50.55775],[13.22383,50.55766],[13.22395,50.55739],[13.22425,50.55754],[13.22465,50.55752],[13.22476,50.55739],[13.22475,50.55715],[13.22489,50.5571],[13.22497,50.55726],[13.2254,50.55727],[13.22551,50.55724],[13.22563,50.55695],[13.22587,50.5571],[13.22614,50.55712],[13.22641,50.55702],[13.22629,50.55678],[13.22664,50.55685],[13.2267,50.55676],[13.22666,50.55659],[13.22674,50.55652],[13.2269,50.55652],[13.22716,50.5567],[13.22735,50.55671],[13.22742,50.55656],[13.22715,50.55637],[13.22725,50.55632],[13.22751,50.55645],[13.22774,50.55643],[13.22794,50.55617],[13.22817,50.55603],[13.228,50.5559],[13.22818,50.55563],[13.22855,50.55548],[13.22873,50.5553],[13.22876,50.55524],[13.22864,50.55508],[13.22831,50.55494],[13.22872,50.55469],[13.22882,50.55449],[13.22874,50.55438],[13.22878,50.55424],[13.22839,50.55407],[13.22837,50.55395],[13.22847,50.55384],[13.22875,50.5538],[13.22881,50.5537],[13.22855,50.55349],[13.22854,50.55339],[13.22869,50.55323],[13.22847,50.55295],[13.22893,50.55265],[13.22887,50.55239],[13.22906,50.55224],[13.22942,50.55152],[13.22919,50.55123],[13.22894,50.55109],[13.22896,50.55099],[13.22927,50.55077],[13.22929,50.55057],[13.22952,50.55041],[13.22953,50.55024],[13.22939,50.55006],[13.22911,50.55011],[13.22913,50.5497],[13.229,50.54933],[13.22842,50.54859],[13.22765,50.5485],[13.22766,50.54833],[13.22752,50.54821],[13.22687,50.54816],[13.22676,50.54796],[13.22656,50.54786],[13.22562,50.54775],[13.22517,50.54747],[13.22396,50.54719],[13.22384,50.54703],[13.22371,50.54712],[13.22343,50.54708],[13.22312,50.54679],[13.22305,50.5466],[13.22279,50.54662],[13.22275,50.54669],[13.22263,50.54664],[13.22245,50.54621],[13.2226,50.54613],[13.22259,50.54606],[13.22184,50.54612],[13.2217,50.54552],[13.22154,50.54525],[13.22162,50.54505],[13.22128,50.54487],[13.22103,50.54432],[13.22118,50.5441],[13.22151,50.54393],[13.22148,50.54367],[13.22161,50.5436],[13.2219,50.54364],[13.22193,50.5431],[13.22207,50.54284],[13.22192,50.54265],[13.22214,50.5424],[13.22218,50.54205],[13.22204,50.54193],[13.22152,50.54185],[13.22115,50.54163],[13.22096,50.54138],[13.22064,50.54132],[13.22054,50.54108],[13.22033,50.54117],[13.22017,50.54108],[13.22008,50.54095],[13.22022,50.54066],[13.21998,50.54058],[13.21985,50.54072],[13.21962,50.54063],[13.21954,50.5402],[13.21956,50.54],[13.2197,50.53982],[13.21956,50.53958],[13.2192,50.53931],[13.21932,50.53904],[13.21886,50.53862],[13.21909,50.5385],[13.21893,50.53834],[13.21856,50.5382],[13.21839,50.53801],[13.21838,50.53788],[13.21859,50.53781],[13.21859,50.5377],[13.21846,50.5376],[13.21828,50.53771],[13.21791,50.53762],[13.21778,50.53742],[13.21795,50.53719],[13.21731,50.53702],[13.21711,50.53685],[13.21703,50.53662],[13.2168,50.53633],[13.21657,50.53612],[13.21629,50.53606],[13.21618,50.53565],[13.21593,50.5354],[13.21592,50.53524],[13.21571,50.53486],[13.21576,50.5346],[13.21538,50.53432],[13.21537,50.53413],[13.21502,50.53404],[13.21477,50.53407],[13.21503,50.53391],[13.21502,50.53385],[13.21463,50.53363],[13.2145,50.5337],[13.21431,50.53365],[13.21401,50.53343],[13.21397,50.53328],[13.21374,50.53339],[13.2135,50.53337],[13.21342,50.53321],[13.21256,50.533],[13.21258,50.53294],[13.21278,50.53297],[13.21279,50.5329],[13.2123,50.53276],[13.21181,50.5325],[13.21166,50.5323],[13.21162,50.53189],[13.21124,50.53184],[13.21118,50.53175],[13.21123,50.53158],[13.21088,50.53153],[13.21107,50.5314],[13.21088,50.53127],[13.21055,50.53129],[13.21065,50.53113],[13.21031,50.53107],[13.21049,50.53093],[13.21025,50.53055],[13.21,50.53057],[13.20981,50.53049],[13.20984,50.53039],[13.20969,50.53019],[13.20971,50.53011],[13.20945,50.52988],[13.20942,50.52971],[13.20959,50.52958],[13.20932,50.52932],[13.20936,50.52904],[13.20923,50.52881],[13.20908,50.5287],[13.209,50.52821],[13.20899,50.52785],[13.2091,50.52758],[13.20903,50.52726],[13.20909,50.52698],[13.20947,50.52627],[13.20947,50.52609],[13.20932,50.52598],[13.20945,50.52571],[13.20908,50.52535],[13.20871,50.52457],[13.20876,50.52409],[13.20829,50.52348],[13.20826,50.5232],[13.20805,50.52292],[13.2081,50.52285],[13.20778,50.52279],[13.20791,50.52257],[13.20765,50.5224],[13.20798,50.52229],[13.2074,50.52189],[13.20766,50.52184],[13.20766,50.52173],[13.20697,50.52126],[13.20574,50.52079],[13.20574,50.52071],[13.20549,50.52051],[13.2055,50.52013],[13.20491,50.52012],[13.2046,50.52027],[13.20428,50.52005],[13.20402,50.52002],[13.20366,50.51986],[13.2036,50.51967],[13.20333,50.51981],[13.20316,50.51959],[13.2027,50.51947],[13.20284,50.51938],[13.20276,50.51926],[13.20236,50.51925],[13.20224,50.51897],[13.20158,50.51891],[13.20065,50.5184],[13.19999,50.51829],[13.19964,50.51803],[13.19953,50.51787],[13.19887,50.51793],[13.19883,50.51785],[13.19898,50.51771],[13.19894,50.51763],[13.19836,50.5174],[13.19813,50.51754],[13.19799,50.51753],[13.1979,50.51735],[13.19768,50.51736],[13.19763,50.51711],[13.19721,50.51694],[13.19696,50.51702],[13.19664,50.5169],[13.19642,50.51693],[13.19624,50.51671],[13.19605,50.51673],[13.19574,50.51644],[13.19524,50.51619],[13.19522,50.51603],[13.19537,50.5158],[13.19515,50.51576],[13.19507,50.51561],[13.1948,50.51552],[13.19487,50.51507],[13.19464,50.51489],[13.19475,50.51475],[13.19456,50.51465],[13.19461,50.51436],[13.19502,50.51414],[13.19508,50.51399],[13.19531,50.51386],[13.19508,50.51374],[13.1952,50.51346],[13.19546,50.51342],[13.19577,50.51313],[13.19582,50.51299],[13.19576,50.51275],[13.19598,50.51226],[13.19578,50.51212],[13.19576,50.51203],[13.19617,50.51159],[13.1964,50.51165],[13.19653,50.51159],[13.19644,50.51137],[13.19661,50.51104],[13.19642,50.51092],[13.19662,50.51084],[13.19652,50.5105],[13.19614,50.51037],[13.19584,50.51011],[13.19581,50.5098],[13.19567,50.50963],[13.19583,50.50951],[13.19563,50.50942],[13.19575,50.50919],[13.19552,50.50886],[13.19569,50.50881],[13.19576,50.50864],[13.19564,50.50859],[13.19589,50.50828],[13.19571,50.50808],[13.19585,50.50789],[13.19634,50.50762],[13.19626,50.50756],[13.19628,50.50747],[13.19655,50.50728],[13.1966,50.50702],[13.19687,50.50699],[13.19684,50.5068],[13.19707,50.50682],[13.19739,50.50665],[13.1972,50.50656],[13.1972,50.50622],[13.19742,50.50599],[13.1973,50.50585],[13.19703,50.50451],[13.19684,50.50451],[13.19697,50.50438],[13.19696,50.5043],[13.19656,50.50414],[13.19638,50.50393],[13.19611,50.50389],[13.19601,50.50361],[13.19581,50.50359],[13.19539,50.50334],[13.19487,50.50346],[13.19448,50.50334],[13.1942,50.50342],[13.19396,50.50332],[13.19343,50.50336],[13.18836,50.50409],[13.17799,50.50299],[13.17118,50.50603],[13.16974,50.50612],[13.16881,50.50595],[13.16789,50.50596],[13.16562,50.50607],[13.16512,50.50622],[13.16473,50.50649],[13.16451,50.50649],[13.16383,50.50674],[13.16287,50.50675],[13.16257,50.50686],[13.1616,50.50684],[13.16111,50.50707],[13.16032,50.50725],[13.16001,50.50744],[13.15963,50.50746],[13.15945,50.50757],[13.15928,50.50753],[13.15877,50.50767],[13.15783,50.5078],[13.15759,50.50776],[13.15729,50.50795],[13.15688,50.50807],[13.1565,50.50807],[13.15633,50.50831],[13.1553,50.50843],[13.15508,50.50834],[13.15479,50.50843],[13.1543,50.50842],[13.15404,50.50852],[13.15396,50.50846],[13.15343,50.5086],[13.15271,50.50824],[13.15255,50.50798],[13.15226,50.50793],[13.15171,50.50761],[13.15139,50.50753],[13.15104,50.5076],[13.15073,50.50753],[13.15008,50.50756],[13.14966,50.50747],[13.14923,50.50766],[13.14878,50.50757],[13.14851,50.5077],[13.14814,50.50759],[13.14786,50.50768],[13.1473,50.50769],[13.14656,50.50737],[13.14586,50.50668],[13.14555,50.5065],[13.1455,50.50633],[13.14432,50.50616],[13.14387,50.5059],[13.14263,50.5057],[13.14218,50.50591],[13.14127,50.50604],[13.14027,50.50595],[13.13944,50.50613],[13.13906,50.50608],[13.1388,50.50623],[13.13852,50.50619],[13.13814,50.50627],[13.13748,50.5066],[13.13672,50.50651],[13.13668,50.50673],[13.13705,50.50721],[13.13731,50.50828],[13.13767,50.50889],[13.13775,50.50946],[13.13814,50.50974],[13.13871,50.51047],[13.13878,50.51146],[13.13862,50.51194],[13.13796,50.51293],[13.13736,50.51322],[13.13661,50.51373],[13.13478,50.51423],[13.13453,50.5144],[13.13428,50.5152],[13.13425,50.5156],[13.13431,50.5159],[13.13459,50.51637],[13.13392,50.51746],[13.13331,50.51774],[13.13296,50.5182],[13.13269,50.51815],[13.13259,50.51822],[13.13249,50.51856],[13.13266,50.51873],[13.13165,50.51863],[13.12784,50.51778],[13.12698,50.51746],[13.12513,50.51602],[13.12279,50.51477],[13.12194,50.51444],[13.12003,50.51411],[13.11883,50.51308],[13.11813,50.51213],[13.11538,50.50993],[13.11369,50.50913],[13.11189,50.50854],[13.10965,50.5072],[13.10828,50.50614],[13.10567,50.50473],[13.10354,50.50369],[13.10102,50.5029],[13.10029,50.50288],[13.09982,50.50269],[13.0988,50.50277],[13.09706,50.50244],[13.09498,50.50251],[13.09082,50.50213],[13.08938,50.50186],[13.08868,50.50137],[13.08775,50.50113],[13.08575,50.50037],[13.08539,50.50033],[13.08145,50.50047],[13.07731,50.50013],[13.07581,50.50032],[13.07528,50.50029],[13.07299,50.50098],[13.07203,50.50102],[13.07152,50.50091],[13.07047,50.50096],[13.06905,50.50116],[13.06737,50.50093],[13.06672,50.50094],[13.06478,50.50075],[13.06268,50.5009],[13.06182,50.50114],[13.0608,50.50116],[13.06036,50.50108],[13.0587,50.50122],[13.0572,50.50118],[13.05622,50.50134],[13.05439,50.50321],[13.05384,50.50365],[13.05372,50.50388],[13.05238,50.50462],[13.05157,50.5067],[13.05142,50.50678],[13.05146,50.5069],[13.05071,50.50751],[13.04993,50.50798],[13.04678,50.50928],[13.04564,50.50998],[13.04519,50.51015],[13.04491,50.51048],[13.04344,50.51118],[13.0426,50.51167],[13.04243,50.51156],[13.04231,50.51134],[13.04118,50.51061],[13.03993,50.50995],[13.03933,50.50972],[13.03874,50.5097],[13.03819,50.50957],[13.03739,50.5096],[13.03704,50.50952],[13.03678,50.50934],[13.03657,50.50936],[13.03591,50.50966],[13.03455,50.51002],[13.03245,50.51006],[13.03179,50.50987],[13.03154,50.50966],[13.0311,50.50902],[13.03082,50.50827],[13.031,50.50775],[13.03108,50.50732],[13.03104,50.50704],[13.03131,50.50632],[13.03191,50.50561],[13.03186,50.50535],[13.03158,50.50499],[13.03146,50.50464],[13.03171,50.50391],[13.03158,50.50349],[13.0316,50.5031],[13.03184,50.50269],[13.03243,50.50231],[13.03269,50.50205],[13.03272,50.5018],[13.03242,50.50071],[13.03219,50.50032],[13.03185,50.50008],[13.03123,50.49937],[13.03085,50.49909],[13.0305,50.49824],[13.02998,50.49796],[13.02914,50.49703],[13.02859,50.49617],[13.02833,50.49557],[13.02794,50.49373],[13.02742,50.49306],[13.02643,50.49224],[13.02631,50.49192],[13.02629,50.4913],[13.02558,50.4907],[13.02546,50.49035],[13.02504,50.49005],[13.02476,50.4893],[13.02436,50.48888],[13.02428,50.48865],[13.02384,50.4884],[13.02333,50.48827],[13.02333,50.48818],[13.02351,50.48805],[13.02348,50.48792],[13.02272,50.48716],[13.0227,50.48706],[13.0228,50.48694],[13.02252,50.48647],[13.02252,50.48629],[13.02278,50.48622],[13.02288,50.48637],[13.02301,50.48639],[13.02348,50.48627],[13.02274,50.48586],[13.02274,50.48573],[13.02287,50.48558],[13.02285,50.48516],[13.02307,50.48514],[13.02328,50.48523],[13.02378,50.48505],[13.02385,50.48493],[13.02297,50.48491],[13.02266,50.4845],[13.02278,50.48426],[13.02265,50.48386],[13.02284,50.48383],[13.02306,50.48395],[13.02329,50.48378],[13.02326,50.48367],[13.02286,50.48349],[13.02345,50.48302],[13.0231,50.48265],[13.0226,50.48232],[13.02234,50.48205],[13.02232,50.48197],[13.02256,50.48191],[13.02299,50.48199],[13.02311,50.48171],[13.02284,50.48147],[13.02242,50.48142],[13.02231,50.48129],[13.02231,50.48114],[13.02195,50.4809],[13.0219,50.47994],[13.02161,50.47967],[13.02147,50.47926],[13.02113,50.47897],[13.02121,50.47858],[13.0214,50.47839],[13.0215,50.47813],[13.02134,50.47775],[13.02142,50.47754],[13.02128,50.47732],[13.02084,50.47698],[13.02065,50.47649],[13.02074,50.47622],[13.02074,50.47577],[13.02047,50.47558],[13.0203,50.47531],[13.02047,50.47502],[13.02031,50.47468],[13.02036,50.47436],[13.02068,50.47382],[13.02065,50.47349],[13.02078,50.47309],[13.02104,50.47293],[13.02081,50.47263],[13.02031,50.47226],[13.0201,50.472],[13.02034,50.47136],[13.02001,50.47111],[13.01985,50.47076],[13.01978,50.46978],[13.01945,50.46915],[13.01934,50.46874],[13.01898,50.46822],[13.01917,50.46759],[13.01877,50.46735],[13.01853,50.46708],[13.01868,50.4665],[13.01916,50.46623],[13.01899,50.46593],[13.0191,50.46539],[13.01935,50.46535],[13.01938,50.4651],[13.01992,50.46498],[13.01971,50.46477],[13.01969,50.46451],[13.02002,50.46407],[13.02002,50.46388],[13.01966,50.46394],[13.01942,50.4638],[13.01993,50.46356],[13.01963,50.46322],[13.01975,50.46289],[13.01999,50.46272],[13.02012,50.46222],[13.01994,50.46172],[13.01975,50.46155],[13.01977,50.46115],[13.01947,50.46109],[13.01946,50.46103],[13.01946,50.46093],[13.01968,50.4607],[13.01962,50.46047],[13.01967,50.46037],[13.0201,50.45997],[13.02026,50.45965],[13.02031,50.45937],[13.02008,50.45927],[13.02008,50.45906],[13.02038,50.45892],[13.02053,50.45874],[13.0206,50.45856],[13.02052,50.45837],[13.02087,50.45811],[13.02089,50.45798],[13.02109,50.45789],[13.02153,50.45786],[13.02172,50.45771],[13.02179,50.45758],[13.0215,50.45735],[13.02152,50.45727],[13.02182,50.45714],[13.02199,50.45682],[13.02231,50.45681],[13.02246,50.45668],[13.02218,50.45645],[13.02204,50.45621],[13.02219,50.45588],[13.02213,50.45547],[13.02232,50.45531],[13.02266,50.45522],[13.02272,50.45477],[13.02365,50.45449],[13.02385,50.45429],[13.02387,50.45414],[13.02406,50.45399],[13.02386,50.45372],[13.02348,50.45356],[13.02318,50.45318],[13.02318,50.45292],[13.02295,50.45234],[13.02275,50.4522],[13.0225,50.4518],[13.02239,50.45137],[13.02193,50.45099],[13.02198,50.45077],[13.02185,50.45035],[13.0216,50.45022],[13.0216,50.44969],[13.02151,50.44943],[13.02142,50.4494],[13.02122,50.44957],[13.02105,50.44954],[13.02115,50.44933],[13.02086,50.44917],[13.02092,50.44899],[13.02084,50.44885],[13.02069,50.44876],[13.02055,50.44888],[13.02032,50.44881],[13.02,50.44844],[13.01999,50.44828],[13.02031,50.44812],[13.02024,50.44767],[13.02028,50.44751],[13.0195,50.44696],[13.02005,50.44692],[13.02008,50.44683],[13.01996,50.44666],[13.01988,50.44661],[13.01972,50.44671],[13.01947,50.44663],[13.01944,50.4465],[13.01965,50.4464],[13.01956,50.44631],[13.01898,50.4462],[13.01886,50.44614],[13.01878,50.44593],[13.01834,50.44583],[13.01844,50.44563],[13.0181,50.44533],[13.01803,50.44498],[13.01685,50.4443],[13.01621,50.44373],[13.01551,50.44349],[13.01483,50.44354],[13.01476,50.44348],[13.01481,50.44314],[13.01423,50.44279],[13.0139,50.4429],[13.01385,50.44299],[13.01392,50.44322],[13.0138,50.44326],[13.01351,50.44312],[13.01353,50.44289],[13.01326,50.44284],[13.01337,50.44259],[13.01307,50.44262],[13.01285,50.44247],[13.01239,50.44243],[13.0125,50.44228],[13.01243,50.4422],[13.01225,50.44224],[13.01217,50.44236],[13.01202,50.44237],[13.01196,50.4423],[13.01205,50.44215],[13.01192,50.44203],[13.01167,50.44219],[13.01154,50.44213],[13.01163,50.44203],[13.01157,50.44184],[13.01132,50.44173],[13.01129,50.44161],[13.01145,50.44157],[13.01146,50.44149],[13.01133,50.44143],[13.01099,50.44149],[13.01102,50.44124],[13.0109,50.44117],[13.01073,50.44121],[13.01058,50.44139],[13.01042,50.44129],[13.01049,50.44098],[13.01068,50.44087],[13.01062,50.44078],[13.01016,50.44073],[13.00988,50.44036],[13.00939,50.44037],[13.0091,50.43984],[13.00857,50.43984],[13.00852,50.4398],[13.00864,50.43958],[13.00862,50.43941],[13.00767,50.43928],[13.00737,50.43898],[13.00661,50.43865],[13.00647,50.43863],[13.00629,50.43875],[13.00602,50.4386],[13.0058,50.4383],[13.00561,50.43818],[13.00458,50.43818],[13.00412,50.43801],[13.00372,50.43773],[13.00281,50.4376],[13.00173,50.4369],[13.00091,50.43675],[13.00038,50.436],[13.00007,50.43571],[12.99878,50.43537],[12.99862,50.43522],[12.99834,50.43524],[12.99798,50.43493],[12.99739,50.43464],[12.99707,50.43429],[12.99634,50.43411],[12.99556,50.43368],[12.99502,50.43316],[12.99501,50.43288],[12.99471,50.43267],[12.99478,50.43244],[12.9946,50.43233],[12.99459,50.43218],[12.99435,50.43184],[12.99416,50.43174],[12.99432,50.43152],[12.99428,50.43139],[12.99404,50.43103],[12.99376,50.43088],[12.99348,50.43027],[12.99319,50.43002],[12.99265,50.42997],[12.99231,50.42948],[12.99098,50.42867],[12.99094,50.42822],[12.99105,50.42806],[12.99103,50.42794],[12.99088,50.42799],[12.99073,50.42793],[12.99071,50.42774],[12.99055,50.42775],[12.99038,50.42754],[12.99058,50.42748],[12.99019,50.42738],[12.99019,50.42729],[12.99039,50.42722],[12.99032,50.42698],[12.99015,50.42694],[12.99008,50.4268],[12.99027,50.42657],[12.99006,50.42644],[12.98997,50.42651],[12.98985,50.42644],[12.99012,50.42637],[12.99014,50.42617],[12.98979,50.42606],[12.98987,50.42597],[12.98981,50.42582],[12.98986,50.42575],[12.98972,50.42567],[12.98953,50.42574],[12.9896,50.42553],[12.98952,50.42542],[12.98955,50.42523],[12.9891,50.42497],[12.98904,50.42479],[12.98891,50.42479],[12.98911,50.42467],[12.98877,50.42462],[12.98854,50.42448],[12.98899,50.42432],[12.9885,50.42404],[12.9887,50.42396],[12.98841,50.42389],[12.98845,50.42378],[12.98832,50.42367],[12.98854,50.42349],[12.9883,50.42347],[12.9883,50.42356],[12.98818,50.42357],[12.98816,50.42325],[12.98798,50.42298],[12.98818,50.42271],[12.98785,50.42262],[12.98779,50.42248],[12.98766,50.42243],[12.98758,50.42232],[12.98775,50.42222],[12.98771,50.42215],[12.98748,50.42217],[12.98753,50.42203],[12.98731,50.42197],[12.98721,50.42185],[12.98733,50.42164],[12.98641,50.42139],[12.98604,50.42109],[12.98557,50.42093],[12.98558,50.42077],[12.98531,50.42047],[12.98492,50.42039],[12.9843,50.42014],[12.98409,50.42022],[12.98369,50.42013],[12.98349,50.41968],[12.98296,50.41959],[12.98269,50.41941],[12.98245,50.41945],[12.98222,50.41974],[12.98194,50.41975],[12.98158,50.41989],[12.98118,50.4198],[12.98106,50.41971],[12.9811,50.41952],[12.98104,50.4194],[12.98083,50.41941],[12.98052,50.41913],[12.97991,50.41883],[12.9788,50.41874],[12.97785,50.41828],[12.97776,50.41813],[12.97694,50.41796],[12.97668,50.41773],[12.97661,50.41778],[12.97643,50.41772],[12.97641,50.4178],[12.97616,50.4177],[12.97609,50.41749],[12.97582,50.41733],[12.97551,50.41736],[12.97402,50.41706],[12.97335,50.41674],[12.97224,50.41684],[12.97226,50.41661],[12.97217,50.41656],[12.97112,50.41652],[12.97017,50.41631],[12.96919,50.41635],[12.96912,50.41618],[12.96854,50.41612],[12.96803,50.41586],[12.96772,50.41581],[12.96759,50.41568],[12.96714,50.41564],[12.96699,50.4155],[12.96648,50.41531],[12.96611,50.41527],[12.9659,50.41514],[12.96538,50.41513],[12.9651,50.41496],[12.96418,50.41481],[12.96397,50.41484],[12.96381,50.41467],[12.96226,50.41463],[12.962,50.41455],[12.96171,50.41462],[12.96124,50.41452],[12.96092,50.41455],[12.96071,50.41466],[12.96033,50.4145],[12.95967,50.41461],[12.95944,50.41449],[12.95853,50.41459],[12.95806,50.41445],[12.95737,50.4145],[12.95651,50.41443],[12.95625,50.41433],[12.95601,50.41446],[12.95493,50.41445],[12.95479,50.41433],[12.9542,50.41435],[12.95386,50.4142],[12.95356,50.41428],[12.95327,50.41413],[12.95293,50.41422],[12.95225,50.41405],[12.95095,50.414],[12.95043,50.41382],[12.94949,50.41368],[12.9494,50.41375],[12.94916,50.41373],[12.94834,50.4135],[12.94761,50.41361],[12.94734,50.41345],[12.9472,50.41351],[12.9468,50.41333],[12.94601,50.41323],[12.94565,50.41306],[12.94532,50.41305],[12.94503,50.41288],[12.94432,50.41274],[12.94352,50.41231],[12.94306,50.41223],[12.94304,50.41205],[12.94234,50.41182],[12.94219,50.41157],[12.94163,50.41119],[12.94139,50.41083],[12.94137,50.41048],[12.94118,50.41028],[12.9411,50.40967],[12.94119,50.40956],[12.94077,50.409],[12.9406,50.40857],[12.94044,50.40845],[12.9405,50.40817],[12.94105,50.40754],[12.94108,50.40728],[12.94124,50.40713],[12.94402,50.40607],[12.94475,50.40654],[12.94576,50.40698],[12.9464,50.40712],[12.9477,50.40725],[12.94817,50.40576],[12.94827,50.40482],[12.95001,50.40409],[12.95294,50.40322],[12.95464,50.40284],[12.95701,50.40195],[12.9589,50.40146],[12.9611,50.40143],[12.96367,50.40105],[12.96418,50.40105],[12.96574,50.40017],[12.96678,50.39909],[12.96828,50.39849],[12.96901,50.398],[12.96984,50.3968],[12.97004,50.39631],[12.97018,50.39533],[12.97075,50.39437],[12.97099,50.39366],[12.97144,50.39286],[12.9719,50.39239],[12.97274,50.39187],[12.97351,50.39117],[12.97438,50.38941],[12.9815,50.39146],[12.98634,50.39306],[12.98802,50.39347],[12.98846,50.39329],[12.98877,50.39329],[12.98914,50.39317],[12.99027,50.39313],[12.99066,50.39268],[12.9911,50.39249],[12.99122,50.39237],[12.99124,50.39196],[12.99142,50.39177],[12.99178,50.39159],[12.99453,50.39119],[12.99504,50.39138],[12.99688,50.39249],[12.9972,50.39279],[12.99778,50.39308],[12.99752,50.39289],[12.99736,50.39194],[12.99659,50.39139],[12.99615,50.39082],[13.00327,50.39221],[13.0109,50.3938],[13.02159,50.39583],[13.02144,50.39554],[13.02165,50.39492],[13.02204,50.39436],[13.02295,50.39336],[13.02341,50.39234],[13.0241,50.39181],[13.02651,50.39051],[13.02686,50.39014],[13.02779,50.38962],[13.02891,50.38938],[13.03043,50.38863],[13.0313,50.38837],[13.03189,50.38802],[13.03503,50.38749],[13.03608,50.38741],[13.0368,50.38756],[13.03743,50.38747],[13.0381,50.38725],[13.03842,50.38685],[13.03902,50.38643],[13.03966,50.38565],[13.04008,50.38543],[13.04101,50.38502],[13.04349,50.38467],[13.04405,50.38448],[13.04438,50.38424],[13.04585,50.38429],[13.04514,50.38463],[13.04433,50.38551],[13.04496,50.3858],[13.04583,50.38637],[13.04548,50.38676],[13.04519,50.38733],[13.04629,50.38863],[13.04724,50.38899],[13.04916,50.38916],[13.04968,50.38894],[13.04981,50.38837],[13.05086,50.38805],[13.05186,50.38786],[13.05196,50.38778],[13.05258,50.38801],[13.05354,50.38811],[13.05478,50.38843],[13.05515,50.38844],[13.05616,50.38818],[13.05775,50.38759],[13.05928,50.38722],[13.06388,50.38673],[13.067,50.38663],[13.06862,50.38684],[13.06914,50.38698],[13.06903,50.38722],[13.06843,50.38784],[13.0671,50.3887],[13.0678,50.38913],[13.06963,50.38973],[13.06969,50.38969],[13.06966,50.38933],[13.0702,50.38909],[13.07036,50.38887],[13.07082,50.38885],[13.07106,50.38865],[13.07194,50.38859],[13.07249,50.38838],[13.07266,50.38788],[13.07297,50.38767],[13.07313,50.38745],[13.07333,50.38736],[13.07391,50.3867],[13.07422,50.38603],[13.07494,50.38625],[13.07502,50.38601],[13.07525,50.38578],[13.07517,50.38562],[13.0753,50.38534],[13.07545,50.38529],[13.07581,50.38462],[13.07616,50.38424],[13.07642,50.38415],[13.07639,50.38392],[13.07654,50.38352],[13.07641,50.38319],[13.07736,50.3825],[13.07755,50.38188],[13.07772,50.38182],[13.07936,50.38217],[13.07941,50.38182],[13.07954,50.38161],[13.08007,50.38127],[13.08075,50.38053],[13.08243,50.38081],[13.08271,50.38056],[13.08295,50.38048],[13.08358,50.38043],[13.08405,50.38064],[13.08434,50.38051],[13.08516,50.3805],[13.08556,50.38058],[13.08563,50.38074],[13.08627,50.381],[13.08695,50.38104],[13.08701,50.38111],[13.08897,50.38141],[13.09025,50.38139],[13.09126,50.38185],[13.09294,50.38204],[13.09314,50.38218],[13.09453,50.3824],[13.09494,50.38257],[13.09651,50.38262],[13.09725,50.38257],[13.09872,50.382],[13.09967,50.38028],[13.10249,50.3771],[13.10352,50.3762],[13.10432,50.37516],[13.10506,50.37477],[13.10539,50.37449],[13.10649,50.37438],[13.10798,50.37355],[13.10881,50.37229],[13.10869,50.37192],[13.10846,50.37171],[13.10841,50.37155],[13.10845,50.37102],[13.10835,50.37077],[13.10841,50.37056],[13.10827,50.36997],[13.10781,50.37007],[13.10253,50.36974],[13.10122,50.36918],[13.10051,50.36858],[13.09988,50.36696],[13.09903,50.36578],[13.09883,50.36515],[13.09867,50.3636],[13.09849,50.36276],[13.09759,50.36022],[13.09712,50.35957],[13.09595,50.35862],[13.09522,50.35834],[13.09305,50.35801],[13.0932,50.35746],[13.09334,50.35732],[13.09327,50.35722],[13.09355,50.35705],[13.0935,50.35692],[13.09364,50.35671],[13.09354,50.3566],[13.09361,50.35653],[13.09345,50.35618],[13.09346,50.35598],[13.09328,50.35581],[13.09316,50.35552],[13.09313,50.35512],[13.09321,50.35484],[13.094,50.35534],[13.09688,50.35681],[13.09796,50.35711],[13.09948,50.35683],[13.0995,50.35651],[13.09942,50.3564],[13.1016,50.35502],[13.10182,50.35526],[13.10296,50.3549],[13.10342,50.35466],[13.10357,50.35448],[13.10369,50.35426],[13.10342,50.35405],[13.10517,50.35358],[13.10559,50.35403],[13.10571,50.35432],[13.1069,50.35376],[13.10713,50.35351],[13.10793,50.35367],[13.10864,50.35421],[13.1099,50.35439],[13.11015,50.35368],[13.11164,50.35347],[13.11229,50.35315],[13.1121,50.35221],[13.11128,50.35187],[13.11099,50.35137],[13.11085,50.35131],[13.11057,50.3514],[13.11043,50.35119],[13.1107,50.35058],[13.11172,50.35043],[13.11185,50.35049],[13.11184,50.35075],[13.11192,50.35082],[13.11219,50.35084],[13.11237,50.35078],[13.11438,50.34937],[13.11393,50.34888],[13.11373,50.34827],[13.11359,50.34712],[13.11411,50.34657],[13.11427,50.34603],[13.11512,50.34608],[13.1149,50.34535],[13.11615,50.34538],[13.1164,50.34554],[13.11654,50.34587],[13.11667,50.34674],[13.11672,50.34814],[13.11717,50.34851],[13.11737,50.34883],[13.11767,50.34979],[13.11762,50.35038],[13.11816,50.35033],[13.11915,50.35051],[13.11934,50.35062],[13.11982,50.35115],[13.12014,50.35104],[13.1206,50.35102],[13.12146,50.35129],[13.12168,50.3511],[13.12232,50.3513],[13.12196,50.35195],[13.12179,50.35286],[13.12144,50.353],[13.12129,50.35317],[13.12062,50.35337],[13.12027,50.35307],[13.11971,50.35357],[13.11998,50.35385],[13.12078,50.35401],[13.12211,50.3546],[13.12442,50.35506],[13.12598,50.35611],[13.12624,50.3561],[13.12766,50.35684],[13.12861,50.35763],[13.12899,50.35715],[13.12942,50.35729],[13.12963,50.35755],[13.12981,50.35763],[13.12981,50.35797],[13.13,50.35794],[13.13085,50.35826],[13.13127,50.359],[13.13164,50.35931],[13.13257,50.35983],[13.13363,50.36008],[13.1337,50.35981],[13.13421,50.35991],[13.13619,50.35959],[13.13624,50.3597],[13.13642,50.35969],[13.13708,50.3593],[13.13732,50.35905],[13.13742,50.35857],[13.1373,50.35808],[13.13812,50.35796],[13.13887,50.35796],[13.13944,50.35801],[13.13973,50.35812],[13.14,50.35783],[13.14003,50.35755],[13.14026,50.35736],[13.14046,50.35749],[13.14139,50.35776],[13.14216,50.35788],[13.14278,50.35834],[13.14367,50.35805],[13.14429,50.35806],[13.14447,50.35793],[13.14564,50.35791],[13.14773,50.35759],[13.14843,50.35774],[13.14923,50.35757],[13.15109,50.35689],[13.1516,50.35657],[13.15164,50.35591],[13.15142,50.35584],[13.15151,50.35544],[13.15184,50.35491],[13.15249,50.35436],[13.15289,50.35421],[13.15303,50.35443],[13.15354,50.3546],[13.15401,50.35439],[13.15458,50.35458],[13.15605,50.3545],[13.15652,50.35422],[13.15693,50.35364],[13.15724,50.35339],[13.15844,50.35288],[13.15859,50.35275],[13.15872,50.35241],[13.15954,50.3525],[13.15996,50.35265],[13.1608,50.35333],[13.16084,50.35347],[13.16322,50.35283],[13.16361,50.35334],[13.16392,50.35327],[13.16483,50.35329],[13.16687,50.35297],[13.1688,50.35236],[13.16884,50.35242],[13.16968,50.35223],[13.16998,50.35256],[13.17072,50.35308],[13.17119,50.35323],[13.17205,50.35329],[13.17309,50.35324],[13.17528,50.35355],[13.17609,50.35378],[13.17796,50.35413],[13.17986,50.35435],[13.18135,50.35423],[13.18264,50.35439],[13.1839,50.35441],[13.18442,50.35417],[13.18411,50.35319],[13.18415,50.35237],[13.18394,50.35184],[13.18421,50.35009],[13.184,50.34966],[13.18402,50.34954],[13.18425,50.34944],[13.18452,50.34952],[13.18488,50.35008],[13.18549,50.35065],[13.18543,50.35126],[13.18626,50.3523],[13.18621,50.35264],[13.18628,50.35277],[13.18675,50.35306],[13.18738,50.35322],[13.18886,50.35342],[13.18929,50.35361],[13.18982,50.35424],[13.19085,50.35446],[13.19115,50.35445],[13.19142,50.35429],[13.19153,50.35414],[13.19145,50.35407],[13.19147,50.35375],[13.19172,50.35339],[13.19192,50.35328],[13.19309,50.3531],[13.19404,50.35332],[13.19536,50.35404],[13.19699,50.35455],[13.19715,50.35567],[13.19757,50.35614],[13.19842,50.35648],[13.19911,50.35719],[13.19935,50.35732],[13.19986,50.3575],[13.20143,50.35778],[13.20192,50.35801],[13.20198,50.35812],[13.20196,50.35881],[13.20214,50.35899],[13.20468,50.35959],[13.20511,50.35993],[13.20561,50.36017],[13.20589,50.36048],[13.20619,50.36064],[13.20827,50.36147],[13.20913,50.3616],[13.20963,50.36143],[13.20969,50.36138],[13.20964,50.361],[13.21034,50.36065],[13.21098,50.36],[13.21098,50.3597],[13.21049,50.35873],[13.21053,50.3584],[13.21093,50.35763],[13.21092,50.35747],[13.21073,50.35724],[13.21015,50.35686],[13.20836,50.35533],[13.20819,50.35507],[13.20778,50.35474],[13.20777,50.35454],[13.20939,50.35418],[13.20981,50.35429],[13.21015,50.35427],[13.211,50.35405],[13.2118,50.35425],[13.21226,50.35452],[13.21263,50.35428],[13.21377,50.35387],[13.2147,50.35374],[13.21568,50.35385],[13.21659,50.35376],[13.21855,50.35324],[13.21943,50.35316],[13.2206,50.35285],[13.22148,50.3524],[13.2222,50.35264],[13.22222,50.35257],[13.2218,50.35234],[13.22117,50.35212],[13.22184,50.35072],[13.22322,50.35078],[13.22362,50.34998],[13.22356,50.34982],[13.22386,50.34918],[13.22412,50.34804],[13.22497,50.34729],[13.22565,50.34627],[13.22586,50.34615],[13.22605,50.3459],[13.22614,50.34545],[13.22604,50.34524],[13.22602,50.34479],[13.22585,50.34463],[13.22581,50.34441],[13.22605,50.34409],[13.22598,50.34386],[13.22571,50.34375],[13.22571,50.34364],[13.2255,50.34335],[13.22554,50.34315],[13.22567,50.34292],[13.22718,50.34199],[13.22741,50.3417],[13.22806,50.34143],[13.22823,50.34074],[13.22802,50.34052],[13.22715,50.34019],[13.22743,50.33971],[13.22784,50.33938],[13.22775,50.33909],[13.22791,50.33889],[13.22856,50.33849],[13.22908,50.33843],[13.22963,50.33821],[13.23152,50.33793],[13.23369,50.33774],[13.23503,50.33781],[13.23543,50.33743],[13.2376,50.33608],[13.23782,50.33562],[13.23733,50.33509],[13.23605,50.33456],[13.23436,50.33357],[13.23287,50.3323],[13.23252,50.33187],[13.23328,50.33151],[13.23324,50.33115],[13.23461,50.33044],[13.23514,50.33005],[13.23687,50.32743],[13.23753,50.32549],[13.2375,50.32535],[13.23706,50.32529],[13.23502,50.32442],[13.23489,50.32289],[13.23499,50.32289],[13.23487,50.32262],[13.23529,50.3218],[13.23624,50.32158],[13.23523,50.32094],[13.23401,50.32106],[13.23175,50.32113],[13.2316,50.32105],[13.23106,50.32071],[13.23086,50.32035],[13.2305,50.31999],[13.22855,50.31878],[13.22779,50.31864],[13.22659,50.31756],[13.22612,50.31783],[13.22452,50.31708],[13.22277,50.31562],[13.2222,50.31526],[13.2229,50.31468],[13.22165,50.31397],[13.22089,50.31331],[13.22064,50.31299],[13.22082,50.31256],[13.22132,50.31185],[13.22137,50.31158],[13.22162,50.31129],[13.22251,50.31105],[13.22281,50.31088],[13.22333,50.31018],[13.22318,50.30997],[13.22455,50.3096],[13.2233,50.30782],[13.22321,50.30757],[13.22355,50.30635],[13.22643,50.30669],[13.22824,50.30669],[13.22836,50.30565],[13.22848,50.30522],[13.22904,50.30389],[13.22841,50.30319],[13.22898,50.30321],[13.23001,50.30346],[13.23091,50.30337],[13.23163,50.30318],[13.23257,50.30317],[13.23336,50.30298],[13.23401,50.30301],[13.23408,50.30293],[13.23414,50.30275],[13.23445,50.30238],[13.23446,50.30187],[13.23401,50.30081],[13.23398,50.29907],[13.23412,50.29824],[13.23437,50.29796],[13.23452,50.29706],[13.2345,50.29657],[13.23291,50.29679],[13.23179,50.29683],[13.22941,50.29733],[13.229,50.29714],[13.22852,50.29655],[13.22824,50.29634],[13.22788,50.2963],[13.22671,50.29595],[13.22375,50.29457],[13.22322,50.29438],[13.22378,50.2939],[13.22346,50.29373],[13.22353,50.29241],[13.22377,50.29195],[13.2244,50.28991],[13.22545,50.28965],[13.22645,50.2893],[13.22706,50.28896],[13.22687,50.28869],[13.2258,50.28864],[13.22449,50.28837],[13.22361,50.28763],[13.22361,50.28723],[13.22379,50.28648],[13.22278,50.28649],[13.22105,50.28668],[13.22011,50.28635],[13.21907,50.28637],[13.21876,50.28647],[13.21866,50.28634],[13.21959,50.28593],[13.22007,50.28552],[13.22139,50.28472],[13.2218,50.28432],[13.21903,50.28397],[13.21415,50.28376],[13.21112,50.28386],[13.20942,50.28377],[13.20654,50.28343],[13.20655,50.28329],[13.20292,50.28287],[13.20302,50.28234],[13.2033,50.28218],[13.20293,50.28203],[13.20294,50.2818],[13.20228,50.28145],[13.20169,50.28138],[13.20119,50.28141],[13.2004,50.28119],[13.20023,50.28106],[13.20008,50.28053],[13.19988,50.28029],[13.19927,50.27986],[13.20049,50.27926],[13.20263,50.27949],[13.20274,50.27996],[13.20527,50.28019],[13.20683,50.27979],[13.20698,50.27995],[13.20701,50.28032],[13.20841,50.28048],[13.21007,50.28131],[13.21111,50.28196],[13.21169,50.28193],[13.21216,50.28207],[13.21343,50.28212],[13.21516,50.28189],[13.21531,50.28174],[13.216,50.28156],[13.21629,50.28158],[13.21688,50.28187],[13.21723,50.28215],[13.21834,50.28216],[13.21861,50.28233],[13.21913,50.28232],[13.22007,50.2821],[13.22107,50.28224],[13.22025,50.27954],[13.22047,50.27838],[13.22017,50.27798],[13.21941,50.2778],[13.21895,50.2778],[13.21825,50.2775],[13.21773,50.27739],[13.2173,50.27703],[13.2164,50.27664],[13.21582,50.27629],[13.21534,50.27624],[13.21518,50.27618],[13.21513,50.27608],[13.21498,50.27609],[13.21464,50.2757],[13.21432,50.27557],[13.21446,50.27387],[13.21483,50.27352],[13.21492,50.27306],[13.21726,50.2733],[13.21862,50.27382],[13.21942,50.27423],[13.21988,50.27436],[13.221,50.27367],[13.22356,50.27315],[13.22444,50.27312],[13.23056,50.27349],[13.232,50.27335],[13.23342,50.27278],[13.2335,50.27267],[13.2335,50.27196],[13.23338,50.27118],[13.23325,50.27098],[13.23152,50.26994],[13.23072,50.26933],[13.23043,50.26896],[13.23027,50.26753],[13.23001,50.26645],[13.22983,50.26517],[13.22978,50.26352],[13.22985,50.26297],[13.23234,50.26323],[13.23266,50.26316],[13.23366,50.26108],[13.23409,50.25983],[13.23426,50.25904],[13.2342,50.25865],[13.23407,50.25838],[13.23326,50.25714],[13.2333,50.25687],[13.23364,50.25641],[13.23707,50.25305],[13.23747,50.25253],[13.23753,50.25227],[13.23726,50.25109],[13.23801,50.24897],[13.23805,50.24875],[13.23797,50.2481],[13.23781,50.24772],[13.23761,50.24751],[13.23722,50.24717],[13.23686,50.24701],[13.23602,50.24624],[13.23522,50.24588],[13.23411,50.24557],[13.23175,50.24544],[13.23021,50.24546],[13.22704,50.2458],[13.22424,50.24599],[13.22496,50.24536],[13.22436,50.24541],[13.2228,50.24483],[13.22356,50.2439],[13.22301,50.24361],[13.22277,50.24313],[13.22219,50.24303],[13.22223,50.24243],[13.22243,50.24199],[13.22528,50.24176],[13.22477,50.24088],[13.22353,50.24008],[13.22335,50.23972],[13.22354,50.23955],[13.2241,50.23927],[13.22516,50.23723],[13.22529,50.23681],[13.2264,50.23535],[13.22738,50.23466],[13.22782,50.23449],[13.22918,50.23359],[13.22941,50.23367],[13.23019,50.23344],[13.23048,50.2326],[13.23186,50.2324],[13.23255,50.23207],[13.23348,50.232],[13.23372,50.23191],[13.23363,50.23189],[13.23372,50.23157],[13.23615,50.23233],[13.23888,50.23306],[13.23899,50.2328],[13.24075,50.23293],[13.24267,50.23327],[13.24284,50.23287],[13.24563,50.23278],[13.24556,50.23218],[13.24599,50.23162],[13.24726,50.23101],[13.24689,50.23054],[13.24731,50.23043],[13.24701,50.22995],[13.24859,50.22953],[13.24874,50.22966],[13.25112,50.23035],[13.25194,50.23019],[13.25213,50.23033],[13.2523,50.23016],[13.25262,50.23007],[13.25267,50.23013],[13.25557,50.22917],[13.25495,50.22817],[13.25473,50.22735],[13.25423,50.2274],[13.25386,50.22699],[13.25128,50.22566],[13.24918,50.22627],[13.2487,50.22606],[13.24806,50.22628],[13.24747,50.22593],[13.24906,50.22491],[13.25187,50.22419],[13.25162,50.22363],[13.25228,50.22348],[13.25217,50.22334],[13.25147,50.22295],[13.25066,50.22262],[13.25115,50.22208],[13.25086,50.22185],[13.25108,50.22167],[13.25099,50.22162],[13.25147,50.22132],[13.25084,50.22084],[13.25061,50.22052],[13.24998,50.22072],[13.2482,50.22173],[13.24727,50.22205],[13.24593,50.22278],[13.24252,50.22329],[13.24211,50.22365],[13.24187,50.22377],[13.24171,50.22368],[13.24091,50.22421],[13.24029,50.22379],[13.24131,50.22344],[13.24123,50.22337],[13.24143,50.22329],[13.24015,50.22315],[13.2384,50.22265],[13.23648,50.22194],[13.23531,50.2218],[13.23383,50.22129],[13.23028,50.22029],[13.22776,50.21927],[13.22685,50.21908],[13.22451,50.21901],[13.22263,50.21931],[13.22284,50.2199],[13.22368,50.22002],[13.22585,50.21996],[13.22601,50.22024],[13.22414,50.22051],[13.22402,50.22035],[13.22338,50.22043],[13.22339,50.2205],[13.22271,50.22062],[13.22246,50.22025],[13.22219,50.22048],[13.22142,50.22007],[13.21921,50.22008],[13.21915,50.21931],[13.21767,50.21931],[13.21599,50.21977],[13.21512,50.21988],[13.21213,50.21974],[13.2122,50.21961],[13.21213,50.21938],[13.21295,50.21907],[13.2127,50.21889],[13.212,50.21648],[13.21198,50.2162],[13.21224,50.21604],[13.21292,50.21608],[13.21316,50.21588],[13.21423,50.21577],[13.21431,50.21605],[13.21456,50.21625],[13.21553,50.21641],[13.21618,50.21643],[13.21643,50.21678],[13.21886,50.21742],[13.21925,50.21742],[13.21941,50.21737],[13.21936,50.21724],[13.2197,50.21705],[13.22054,50.2169],[13.22093,50.21674],[13.22111,50.21657],[13.22152,50.21572],[13.22289,50.21486],[13.22379,50.21484],[13.22401,50.21421],[13.2253,50.21439],[13.22647,50.21415],[13.22738,50.21411],[13.22895,50.21445],[13.23022,50.21486],[13.23121,50.21496],[13.23176,50.2149],[13.23164,50.21475],[13.23125,50.21472],[13.23137,50.21441],[13.2322,50.21364],[13.23306,50.21308],[13.23356,50.21289],[13.23399,50.21231],[13.23446,50.21141],[13.23474,50.21121],[13.23558,50.21108],[13.23659,50.21106],[13.23882,50.21178],[13.23918,50.21194],[13.23946,50.21218],[13.24016,50.21189],[13.24094,50.21132],[13.24107,50.21102],[13.24175,50.21027],[13.24182,50.21009],[13.24234,50.20691],[13.24252,50.20682],[13.24609,50.20651],[13.24831,50.20627],[13.24837,50.2062],[13.24912,50.20652],[13.25249,50.1991],[13.25202,50.19897],[13.25024,50.19554],[13.2525,50.19515],[13.25553,50.19414],[13.25656,50.19372],[13.25808,50.19331],[13.26082,50.19284],[13.2643,50.19239],[13.2646,50.19224],[13.26471,50.19201],[13.2645,50.19187],[13.26469,50.1914],[13.26515,50.19136],[13.26594,50.19108],[13.26626,50.19108],[13.2671,50.19078],[13.26827,50.1902],[13.26794,50.18999],[13.26803,50.18994],[13.27001,50.18922],[13.27014,50.18893],[13.2701,50.1887],[13.26989,50.18808],[13.26974,50.18789],[13.27088,50.18679],[13.27184,50.18637],[13.2739,50.18599],[13.27446,50.18575],[13.27477,50.18444],[13.27447,50.18426],[13.27593,50.18311],[13.27628,50.18225],[13.27678,50.18151],[13.27695,50.18073],[13.27729,50.18037],[13.2773,50.18017],[13.27695,50.17909],[13.27696,50.17879],[13.2787,50.17743],[13.27968,50.17646],[13.27961,50.17622],[13.27916,50.17569],[13.27911,50.1747],[13.27923,50.17383],[13.27913,50.17347],[13.27814,50.17205],[13.27812,50.17192],[13.276,50.17118],[13.27479,50.17034],[13.27406,50.16867],[13.27396,50.16866],[13.27441,50.16854],[13.27488,50.16853],[13.27697,50.16865],[13.27932,50.16842],[13.27957,50.16831],[13.28028,50.16829],[13.28322,50.16861],[13.28358,50.16821],[13.28391,50.168],[13.28621,50.16822],[13.2872,50.16823],[13.28612,50.1662],[13.28507,50.16447],[13.2843,50.16366],[13.28487,50.16308],[13.2854,50.16176],[13.28475,50.16062],[13.28418,50.16003],[13.28371,50.15926],[13.28324,50.15897],[13.28373,50.15878],[13.28468,50.15859],[13.28426,50.15747],[13.28419,50.15654],[13.28237,50.15729],[13.28209,50.15747],[13.2818,50.1578],[13.2812,50.15788],[13.27982,50.15787],[13.27967,50.15755],[13.27901,50.15769],[13.27736,50.15826],[13.27723,50.15824],[13.2742,50.15917],[13.27325,50.15919],[13.27204,50.15896],[13.27084,50.15857],[13.26899,50.15815],[13.26737,50.15795],[13.26496,50.15748],[13.26505,50.15735],[13.26504,50.15674],[13.26596,50.15646],[13.26745,50.15637],[13.26715,50.15707],[13.26779,50.15708],[13.26806,50.1562],[13.26751,50.15619],[13.2673,50.15577],[13.26708,50.15467],[13.26693,50.15425],[13.26682,50.15308],[13.26773,50.15313],[13.26851,50.15306],[13.26842,50.15275],[13.26845,50.15267],[13.26864,50.15262],[13.26879,50.15198],[13.26889,50.1519],[13.27375,50.15112],[13.27426,50.15078],[13.27567,50.15041],[13.2763,50.15014],[13.27642,50.14999],[13.27684,50.14985],[13.2786,50.14981],[13.27883,50.14848],[13.27967,50.14825],[13.28036,50.14776],[13.28038,50.14765],[13.28028,50.14754],[13.27919,50.14703],[13.27872,50.14718],[13.27806,50.14657],[13.27731,50.14703],[13.27682,50.14687],[13.2767,50.14669],[13.27634,50.14677],[13.27646,50.14651],[13.27763,50.14605],[13.27848,50.14585],[13.27871,50.1462],[13.28023,50.14546],[13.28065,50.14594],[13.28265,50.14532],[13.28428,50.14465],[13.28359,50.14414],[13.28344,50.14394],[13.28343,50.14363],[13.28369,50.14332],[13.28275,50.14256],[13.28147,50.14295],[13.28142,50.14278],[13.28083,50.14195],[13.28043,50.14178],[13.28065,50.1417],[13.28159,50.14098],[13.28173,50.14073],[13.28266,50.13993],[13.28307,50.13948],[13.28257,50.13921],[13.2826,50.13909],[13.28315,50.13855],[13.28326,50.13823],[13.28345,50.13817],[13.28379,50.13776],[13.28379,50.1376],[13.28397,50.13753],[13.28424,50.13709],[13.28391,50.13659],[13.2824,50.13786],[13.28217,50.13783],[13.28126,50.13733],[13.28031,50.13721],[13.2792,50.13731],[13.27908,50.13704],[13.27834,50.13719],[13.27776,50.13746],[13.27756,50.1374],[13.27528,50.13808],[13.27492,50.13847],[13.27437,50.1389],[13.27327,50.13957],[13.2716,50.14006],[13.26961,50.14118],[13.26958,50.14137],[13.26907,50.14146],[13.26898,50.1414],[13.26866,50.14159],[13.2684,50.14158],[13.2684,50.14167],[13.26815,50.14189],[13.26799,50.1419],[13.2677,50.1421],[13.26748,50.14215],[13.26774,50.1424],[13.26919,50.14211],[13.26941,50.14223],[13.27011,50.14196],[13.27044,50.14226],[13.27061,50.14255],[13.27033,50.14266],[13.26921,50.1426],[13.26674,50.1438],[13.2666,50.14364],[13.26675,50.1434],[13.2659,50.14329],[13.26272,50.14391],[13.26184,50.14325],[13.26178,50.14311],[13.26211,50.14305],[13.26202,50.14244],[13.26151,50.14246],[13.26006,50.14299],[13.25895,50.14328],[13.25697,50.14363],[13.257,50.14396],[13.25676,50.14413],[13.25538,50.14446],[13.25293,50.14485],[13.25148,50.14602],[13.25088,50.14635],[13.25087,50.14654],[13.25065,50.14605],[13.2499,50.14516],[13.24981,50.14449],[13.24968,50.1442],[13.25088,50.14402],[13.25023,50.14366],[13.24801,50.14323],[13.24736,50.14331],[13.24716,50.14343],[13.24642,50.1428],[13.24565,50.14244],[13.24524,50.14214],[13.24408,50.14165],[13.24412,50.14154],[13.2432,50.14164],[13.24308,50.14157],[13.24232,50.14156],[13.24225,50.14149],[13.24132,50.14174],[13.24074,50.14163],[13.24042,50.14175],[13.23982,50.14169],[13.23974,50.14178],[13.23908,50.14166],[13.23903,50.14176],[13.23864,50.14178],[13.23831,50.14148],[13.23887,50.14142],[13.23835,50.14014],[13.23749,50.14021],[13.23761,50.13929],[13.23645,50.13924],[13.23576,50.13907],[13.23591,50.13846],[13.23735,50.13757],[13.23908,50.13702],[13.23908,50.13676],[13.2419,50.13666],[13.24195,50.13641],[13.24105,50.13495],[13.24079,50.13499],[13.2403,50.13443],[13.2391,50.13474],[13.23568,50.135],[13.23535,50.1351],[13.2354,50.13491],[13.23393,50.1348],[13.23239,50.13488],[13.23141,50.13472],[13.22991,50.13435],[13.22875,50.13419],[13.22828,50.13421],[13.22817,50.13411],[13.22939,50.13381],[13.23063,50.1328],[13.23148,50.13232],[13.23195,50.13194],[13.23261,50.13155],[13.23362,50.1307],[13.23371,50.13145],[13.23465,50.13167],[13.23574,50.13176],[13.23583,50.13183],[13.23642,50.13123],[13.23816,50.1307],[13.23873,50.1304],[13.23879,50.12998],[13.23866,50.129],[13.23917,50.12906],[13.23986,50.12898],[13.23965,50.12867],[13.2397,50.12844],[13.24011,50.12824],[13.24228,50.12743],[13.2433,50.12733],[13.24315,50.1271],[13.24222,50.12689],[13.24233,50.12613],[13.24366,50.12617],[13.24549,50.12633],[13.24545,50.12605],[13.24707,50.12576],[13.24792,50.12544],[13.24836,50.12535],[13.24853,50.12501],[13.24722,50.12443],[13.2482,50.12435],[13.24936,50.12407],[13.24963,50.1241],[13.24983,50.12436],[13.25003,50.12468],[13.25027,50.12542],[13.24949,50.12626],[13.24958,50.12674],[13.25104,50.12815],[13.25137,50.12838],[13.25189,50.12797],[13.25197,50.12731],[13.25195,50.12662],[13.25559,50.12619],[13.25698,50.12613],[13.2575,50.1262],[13.25848,50.12671],[13.25945,50.12694],[13.26035,50.1273],[13.26112,50.12746],[13.2623,50.12757],[13.26358,50.12795],[13.26412,50.12801],[13.26473,50.12797],[13.26524,50.12806],[13.26644,50.12874],[13.26754,50.12878],[13.26864,50.12781],[13.26957,50.12787],[13.27019,50.12736],[13.2708,50.12778],[13.27151,50.12777],[13.27197,50.128],[13.27395,50.12822],[13.27543,50.12686],[13.27815,50.12494],[13.27847,50.12467],[13.27867,50.12432],[13.27929,50.1237],[13.27937,50.12335],[13.27937,50.12257],[13.27945,50.12233],[13.27951,50.12112],[13.27947,50.12069],[13.28108,50.12004],[13.28182,50.11985],[13.28417,50.11948],[13.28983,50.11822],[13.28893,50.11758],[13.28765,50.11713],[13.28672,50.11667],[13.28474,50.11668],[13.28381,50.11623],[13.28227,50.11582],[13.28256,50.11537],[13.28155,50.11498],[13.28191,50.11467],[13.28209,50.11437],[13.28344,50.115],[13.28362,50.11493],[13.28359,50.11462],[13.28491,50.11508],[13.28523,50.11502],[13.28542,50.11489],[13.28597,50.11487],[13.28879,50.11541],[13.28932,50.11528],[13.28984,50.11593],[13.28987,50.11613],[13.2903,50.11638],[13.29112,50.11651],[13.29241,50.11634],[13.29185,50.11528],[13.29235,50.11508],[13.29283,50.11452],[13.29396,50.1141],[13.29367,50.11372],[13.29407,50.11333],[13.29471,50.11303],[13.29532,50.11287],[13.29632,50.1128],[13.29658,50.11263],[13.29567,50.11199],[13.2965,50.11112],[13.29629,50.11082],[13.29634,50.11055],[13.29627,50.11031],[13.29637,50.1098],[13.29656,50.10935],[13.29659,50.10866],[13.29708,50.10806],[13.29734,50.10729],[13.29807,50.10624],[13.29837,50.1056],[13.29836,50.10529],[13.29753,50.10445],[13.29775,50.10378],[13.29816,50.1031],[13.29854,50.10272],[13.29974,50.10312],[13.29991,50.10292],[13.29928,50.10283],[13.29769,50.1021],[13.29776,50.10139],[13.29752,50.10121],[13.29689,50.10096],[13.29676,50.10074],[13.29703,50.10011],[13.29704,50.09952],[13.2985,50.09954],[13.29916,50.09942],[13.29945,50.09989],[13.30137,50.10004],[13.30189,50.09933],[13.3025,50.09941],[13.30285,50.09955],[13.30251,50.0999],[13.30241,50.10015],[13.30246,50.10047],[13.30355,50.1007],[13.30405,50.10067],[13.30446,50.10092],[13.30568,50.10111],[13.30601,50.10099],[13.30636,50.10072],[13.30658,50.10054],[13.30681,50.10018],[13.30779,50.10087],[13.30799,50.10045],[13.30967,50.10066],[13.31046,50.10069],[13.31057,50.10054],[13.31078,50.10064],[13.31185,50.10072],[13.31382,50.10054],[13.31475,50.10061],[13.31514,50.10079],[13.31657,50.10101],[13.3177,50.10105],[13.31943,50.10097],[13.32201,50.10115],[13.32204,50.10165],[13.32195,50.10269],[13.32166,50.10351],[13.32323,50.10358],[13.32474,50.10348],[13.32402,50.10294],[13.32391,50.10169],[13.32436,50.0996],[13.32508,50.09824],[13.32529,50.09727],[13.32528,50.09634],[13.32619,50.09472],[13.32584,50.09413],[13.32531,50.09366],[13.32497,50.09155],[13.3249,50.09035],[13.32494,50.08906],[13.32412,50.08784],[13.32407,50.08753],[13.32579,50.08742],[13.32773,50.08768],[13.32848,50.08768],[13.32849,50.0879],[13.32891,50.08795],[13.32901,50.08851],[13.33067,50.08817],[13.33115,50.08799],[13.33111,50.08745],[13.33285,50.0869],[13.33374,50.08671],[13.33438,50.08717],[13.33505,50.08798],[13.3352,50.08842],[13.33516,50.08909],[13.33563,50.0895],[13.33624,50.08974],[13.33678,50.09017],[13.3371,50.09084],[13.33692,50.09166],[13.33798,50.09199],[13.33911,50.09216],[13.33975,50.09198],[13.34103,50.09213],[13.34148,50.09321],[13.34163,50.09387],[13.34115,50.09452],[13.34019,50.09525],[13.34009,50.09564],[13.34183,50.09794],[13.34166,50.09829],[13.34182,50.09855],[13.34192,50.09896],[13.34247,50.09906],[13.3438,50.09905],[13.34402,50.09944],[13.34364,50.09974],[13.34389,50.10041],[13.34574,50.10044],[13.34775,50.10062],[13.34835,50.10054],[13.34905,50.10121],[13.34969,50.10159],[13.35034,50.10182],[13.35115,50.10183],[13.35237,50.10251],[13.35352,50.10329],[13.35393,50.10312],[13.35486,50.10447],[13.3559,50.10452],[13.3565,50.10412],[13.35716,50.10437],[13.35784,50.10322],[13.35841,50.10254],[13.35434,50.10193],[13.35179,50.10051],[13.3521,50.09998],[13.35372,50.10034],[13.35441,50.10018],[13.35456,50.09964],[13.35497,50.09892],[13.35682,50.09883],[13.35817,50.09892],[13.35813,50.09873],[13.35834,50.09855],[13.35766,50.0981],[13.35789,50.09778],[13.35784,50.09716],[13.3587,50.09678],[13.35881,50.09661],[13.35881,50.09645],[13.35833,50.09607],[13.35731,50.09557],[13.35545,50.09498],[13.35535,50.09481],[13.35537,50.09442],[13.35553,50.0943],[13.35624,50.09406],[13.3574,50.09411],[13.35816,50.09386],[13.35856,50.09386],[13.35954,50.09406],[13.36014,50.09432],[13.36058,50.09467],[13.36083,50.09465],[13.36159,50.09311],[13.36218,50.09279],[13.36265,50.09228],[13.36401,50.09235],[13.3658,50.09189],[13.36589,50.09161],[13.36546,50.09132],[13.36526,50.0905],[13.36582,50.09068],[13.36699,50.09086],[13.36758,50.09087],[13.36864,50.09114],[13.36994,50.09127],[13.3704,50.09129],[13.37089,50.09097],[13.37107,50.09001],[13.37097,50.08925],[13.37035,50.08784],[13.37044,50.08657],[13.37032,50.08619],[13.36996,50.08588],[13.3699,50.08411],[13.36918,50.08409],[13.36893,50.08385],[13.36896,50.08366],[13.36917,50.0833],[13.36922,50.08265],[13.36901,50.08225],[13.36862,50.08179],[13.36878,50.08092],[13.3688,50.07981],[13.36957,50.07956],[13.37036,50.07961],[13.37174,50.07858],[13.37156,50.07783],[13.37129,50.0774],[13.37221,50.07705],[13.37254,50.07863],[13.37393,50.07847],[13.37436,50.07798],[13.37447,50.0776],[13.37583,50.07758],[13.37581,50.07766],[13.37703,50.07772],[13.37722,50.07868],[13.37774,50.07843],[13.37847,50.07824],[13.37839,50.07874],[13.37919,50.07894],[13.37979,50.07926],[13.37978,50.07931],[13.38113,50.07959],[13.38365,50.08043],[13.3869,50.08124],[13.38685,50.08215],[13.39013,50.0825],[13.39018,50.08231],[13.39128,50.08238],[13.39153,50.08051],[13.39449,50.08046],[13.39535,50.08052],[13.39498,50.08246],[13.39575,50.08297],[13.39702,50.08355],[13.3979,50.08215],[13.39849,50.0822],[13.39782,50.08379],[13.39833,50.08386],[13.39887,50.08228],[13.39935,50.08232],[13.39897,50.08364],[13.39916,50.08368],[13.39922,50.08357],[13.39999,50.08355],[13.39987,50.08393],[13.40124,50.08409],[13.40289,50.08461],[13.40336,50.08485],[13.40346,50.08496],[13.4034,50.08506],[13.40404,50.08548],[13.40462,50.085],[13.4053,50.08564],[13.40545,50.086],[13.40543,50.0862],[13.40464,50.08689],[13.40481,50.08707],[13.40482,50.08727],[13.40457,50.08798],[13.40423,50.08836],[13.40386,50.08896],[13.40461,50.08906],[13.40478,50.09034],[13.40514,50.09034],[13.40684,50.08968],[13.40761,50.09042],[13.40739,50.09078],[13.40742,50.09088],[13.40758,50.09097],[13.40805,50.09101],[13.40814,50.09111],[13.40827,50.09154],[13.40839,50.09155],[13.40851,50.09168],[13.40902,50.09248],[13.40939,50.09345],[13.40974,50.09402],[13.40969,50.09429],[13.40918,50.09531],[13.40914,50.0958],[13.40902,50.09585],[13.40922,50.09603],[13.40844,50.09623],[13.40843,50.09615],[13.40622,50.09678],[13.40498,50.09742],[13.4045,50.09807],[13.40616,50.09852],[13.41011,50.09907],[13.41066,50.09909],[13.41132,50.10043],[13.41212,50.10074],[13.41372,50.10039],[13.41629,50.09964],[13.41721,50.09957],[13.41734,50.10029],[13.41811,50.10177],[13.42048,50.1018],[13.42059,50.10194],[13.42062,50.10228],[13.42098,50.10238],[13.42086,50.10305],[13.4208,50.10319],[13.42072,50.10318],[13.42064,50.1037],[13.42443,50.10363],[13.42442,50.10376],[13.4255,50.10374],[13.4257,50.10398],[13.4257,50.10469],[13.42551,50.10541],[13.42501,50.10595],[13.42641,50.10609],[13.42561,50.1084],[13.42545,50.10926],[13.42976,50.10987],[13.43262,50.10991],[13.43472,50.10979],[13.43574,50.1098],[13.43797,50.1091],[13.43877,50.11008],[13.44047,50.10924],[13.44067,50.10935],[13.44167,50.10791],[13.44234,50.10749],[13.44282,50.10731],[13.44355,50.10726],[13.44381,50.107],[13.44455,50.10666],[13.4451,50.10618],[13.4453,50.10609],[13.44684,50.10618],[13.44823,50.10612],[13.44894,50.10662],[13.44929,50.10647],[13.44966,50.10654],[13.4509,50.10621],[13.45174,50.10546],[13.45311,50.10502],[13.455,50.10456],[13.45605,50.10443],[13.45681,50.10449],[13.45804,50.10493],[13.45866,50.10499],[13.45919,50.10524],[13.46012,50.10524],[13.46045,50.10546],[13.46067,50.10539],[13.46104,50.10547],[13.46152,50.10531],[13.4622,50.10534],[13.46279,50.10548],[13.46297,50.1056],[13.46307,50.10581],[13.46299,50.10669],[13.46285,50.10711],[13.463,50.10785],[13.46331,50.10785],[13.4637,50.10761],[13.4642,50.10764],[13.46381,50.10902],[13.46439,50.10939],[13.46441,50.10986],[13.46453,50.11016],[13.46388,50.11046],[13.46287,50.11122],[13.46151,50.11162],[13.45989,50.11235],[13.45999,50.11345],[13.46094,50.11317],[13.46115,50.11393],[13.46353,50.1141],[13.46453,50.1131],[13.46743,50.11339],[13.46986,50.11381],[13.47044,50.11398],[13.47111,50.114],[13.47112,50.11428],[13.4709,50.11495],[13.47064,50.11538],[13.47025,50.11579],[13.46979,50.11585],[13.46911,50.11608],[13.46839,50.11664],[13.46918,50.11749],[13.46957,50.11766],[13.46902,50.11815],[13.46933,50.11951],[13.46915,50.11982],[13.46932,50.11987],[13.46902,50.12017],[13.46866,50.12039],[13.46867,50.12063],[13.46987,50.1207],[13.46994,50.12116],[13.46989,50.12145],[13.46902,50.12191],[13.46863,50.12223],[13.4683,50.12272],[13.4677,50.12289],[13.46779,50.12336],[13.4681,50.12391],[13.46819,50.12517],[13.46752,50.12529],[13.46751,50.12626],[13.46742,50.12628],[13.46735,50.12657],[13.46731,50.12721],[13.46746,50.1281],[13.4677,50.12858],[13.46813,50.12894],[13.46814,50.12914],[13.46825,50.12925],[13.46917,50.12985],[13.46929,50.12982],[13.46937,50.13025],[13.46921,50.13129],[13.46952,50.13145],[13.47034,50.13223],[13.47079,50.13252],[13.47123,50.13218],[13.4718,50.13202],[13.47267,50.13162],[13.47129,50.13018],[13.4715,50.13001],[13.47133,50.12987],[13.47209,50.12926],[13.47241,50.1296],[13.47254,50.12998],[13.47301,50.13054],[13.47359,50.13071],[13.47389,50.13048],[13.47391,50.13028],[13.47385,50.13027],[13.47391,50.13015],[13.47418,50.13013],[13.47441,50.12998],[13.47448,50.12983],[13.47477,50.12967],[13.475,50.12964],[13.47509,50.12951],[13.47582,50.12908],[13.47615,50.12899],[13.47647,50.1283],[13.47644,50.12796],[13.47626,50.12762],[13.4764,50.12724],[13.47714,50.12654],[13.47722,50.12622],[13.4773,50.1262],[13.47775,50.12615],[13.47805,50.12655],[13.47982,50.12673],[13.48194,50.12666],[13.48323,50.12631],[13.48425,50.12628],[13.4857,50.12656],[13.48676,50.12689],[13.48739,50.12678],[13.48803,50.1264],[13.48863,50.12627],[13.48895,50.12639],[13.48906,50.12693],[13.49065,50.12672],[13.49205,50.12776],[13.49286,50.1281],[13.49266,50.12815],[13.49246,50.12836],[13.49207,50.12901],[13.49127,50.13085],[13.49094,50.13125],[13.49036,50.13157],[13.49031,50.13168],[13.49036,50.13184],[13.49132,50.13222],[13.49148,50.13239],[13.49162,50.13283],[13.49176,50.13395],[13.48999,50.13391],[13.48982,50.13475],[13.48995,50.13509],[13.48965,50.13542],[13.4886,50.13527],[13.48833,50.13565],[13.48819,50.13626],[13.48829,50.13672],[13.48898,50.1381],[13.48921,50.1388],[13.48903,50.13975],[13.48856,50.14097],[13.48763,50.14198],[13.48598,50.14301],[13.48376,50.14266],[13.48147,50.14243],[13.47925,50.14353],[13.48156,50.14397],[13.4839,50.1442],[13.48655,50.14428],[13.48806,50.14459],[13.48883,50.1446],[13.49003,50.14446],[13.49071,50.14456],[13.49137,50.14454],[13.49254,50.14433],[13.49266,50.14453],[13.49272,50.14541],[13.49293,50.14603],[13.49293,50.14634],[13.49373,50.14645],[13.49386,50.14672],[13.49426,50.14711],[13.49445,50.14745],[13.49323,50.14732],[13.49312,50.14872],[13.49456,50.14887],[13.49482,50.14944],[13.49303,50.14926],[13.49274,50.1502],[13.49217,50.15068],[13.49186,50.15081],[13.49156,50.15149],[13.49144,50.15148],[13.49122,50.15188],[13.49092,50.15325],[13.49093,50.15367],[13.49208,50.15368],[13.49177,50.1545],[13.49175,50.15517],[13.49094,50.15522],[13.4905,50.15569],[13.4896,50.15689],[13.48949,50.15722],[13.48964,50.15769],[13.48775,50.15774],[13.48785,50.15825],[13.48861,50.1589],[13.48926,50.15924],[13.48951,50.15923],[13.48965,50.15937],[13.48993,50.15931],[13.49076,50.15939],[13.48798,50.16357],[13.48822,50.16334],[13.48902,50.16316],[13.48979,50.1631],[13.48911,50.16603],[13.48838,50.16601],[13.48829,50.16624],[13.48934,50.16643],[13.48997,50.16664],[13.49042,50.16613],[13.49071,50.16596],[13.49239,50.16539],[13.49298,50.16504],[13.49382,50.16437],[13.49502,50.16374],[13.4954,50.16371],[13.49485,50.16489],[13.49476,50.16533],[13.49555,50.16544],[13.4972,50.16586],[13.49924,50.16599],[13.49928,50.16589],[13.50256,50.16634],[13.50278,50.16557],[13.50427,50.16579],[13.5077,50.16669],[13.50765,50.16684],[13.50747,50.1669],[13.50695,50.1673],[13.50901,50.16778],[13.5088,50.16852],[13.51262,50.16858],[13.51295,50.16872],[13.51248,50.16925],[13.51373,50.1702],[13.51269,50.17078],[13.51204,50.17131],[13.51277,50.17168],[13.51334,50.17186],[13.51405,50.17225],[13.51479,50.17192],[13.51553,50.17228],[13.51652,50.17301],[13.51691,50.17284],[13.51792,50.17319],[13.5179,50.17327],[13.51832,50.17378],[13.51811,50.17436],[13.51726,50.17386],[13.51633,50.17358],[13.51606,50.1734],[13.51584,50.17355],[13.51555,50.17389],[13.51541,50.17429],[13.5157,50.17439],[13.51607,50.17472],[13.51621,50.1751],[13.5162,50.17538],[13.51443,50.17684],[13.51583,50.17754],[13.51624,50.17786],[13.51644,50.17817],[13.51678,50.17841],[13.51748,50.17877],[13.51878,50.17911],[13.5189,50.1792],[13.51952,50.17907],[13.51991,50.17913],[13.52046,50.179],[13.52241,50.17826],[13.52319,50.17907],[13.5234,50.18006],[13.52333,50.18044],[13.5234,50.18061],[13.52457,50.1804],[13.52546,50.18043],[13.52545,50.1814],[13.52637,50.18132],[13.52634,50.18186],[13.52658,50.18242],[13.52752,50.18217],[13.52839,50.18209],[13.52824,50.18256],[13.52851,50.18272],[13.52887,50.18278],[13.5301,50.18319],[13.53041,50.18315],[13.5326,50.18361],[13.53298,50.18365],[13.53358,50.18351],[13.53412,50.1835],[13.53448,50.18363],[13.53462,50.18427],[13.53508,50.1853],[13.53611,50.18542],[13.5359,50.18608],[13.53586,50.18714],[13.53531,50.18729],[13.53566,50.18911],[13.53652,50.18894],[13.53771,50.18923],[13.53863,50.18933],[13.53965,50.18996],[13.54083,50.19004],[13.54184,50.19025],[13.54227,50.19021],[13.54258,50.19057],[13.54311,50.19092],[13.54374,50.19112],[13.54456,50.1912],[13.54534,50.19121],[13.54518,50.19083],[13.54562,50.1908],[13.54607,50.19082],[13.54624,50.19125],[13.54791,50.19115],[13.55017,50.19071],[13.55122,50.19064],[13.5523,50.19063],[13.55479,50.19081],[13.55302,50.19278],[13.55395,50.193],[13.55435,50.19295],[13.55486,50.19246],[13.55596,50.19216],[13.55666,50.19208],[13.55769,50.19225],[13.55825,50.19256],[13.55933,50.19211],[13.55975,50.19183],[13.56004,50.19134],[13.56051,50.1914],[13.56065,50.19086],[13.561,50.19044],[13.56174,50.18994],[13.56249,50.18963],[13.56298,50.18956],[13.56376,50.18909],[13.5643,50.18797],[13.56539,50.1867],[13.56777,50.18587],[13.56868,50.18493],[13.56987,50.18485],[13.57081,50.18505],[13.571,50.1852],[13.57188,50.18507],[13.57202,50.1858],[13.57214,50.18598],[13.57288,50.18658],[13.57371,50.18692],[13.57597,50.18741],[13.57974,50.18776],[13.58188,50.18772],[13.58461,50.18754],[13.58702,50.18761],[13.58812,50.18781],[13.58919,50.18812],[13.59093,50.1891],[13.59105,50.18946],[13.59347,50.1902],[13.59546,50.1911],[13.59718,50.19216],[13.59737,50.19212],[13.59933,50.19383],[13.59942,50.19435],[13.59963,50.19446],[13.60012,50.19445],[13.60082,50.19431],[13.60508,50.19309],[13.60691,50.19241],[13.6078,50.19188],[13.60863,50.19258],[13.60904,50.19283],[13.60808,50.19372],[13.60669,50.19467],[13.60686,50.19474],[13.60596,50.19548],[13.60683,50.1959],[13.60714,50.19614],[13.60793,50.19644],[13.61228,50.19778],[13.61325,50.19827],[13.61339,50.1982],[13.61483,50.19897],[13.61742,50.20016],[13.61862,50.20119],[13.62094,50.2024],[13.62176,50.20224],[13.62225,50.20222],[13.6228,50.20253],[13.6223,50.20417],[13.62126,50.20609],[13.61604,50.21097],[13.61932,50.2094],[13.6199,50.2092],[13.62091,50.20902],[13.62356,50.20888],[13.62564,50.20891],[13.63196,50.20846],[13.63222,50.20858],[13.63405,50.20973],[13.63426,50.21085],[13.63492,50.21242],[13.63485,50.21277],[13.63457,50.21314],[13.63489,50.21342],[13.63557,50.21436],[13.63593,50.21463],[13.63614,50.21491],[13.63689,50.21549],[13.63801,50.21606],[13.63842,50.21663],[13.63854,50.2169],[13.6378,50.2174],[13.63742,50.21746],[13.63687,50.21792],[13.63771,50.21815],[13.64133,50.21771],[13.64252,50.21775],[13.64316,50.21802],[13.64478,50.21797],[13.64541,50.21829],[13.64674,50.21861],[13.64737,50.21917],[13.64723,50.21936],[13.64747,50.21956],[13.64703,50.22045],[13.64717,50.22055],[13.6473,50.22083],[13.64855,50.22141],[13.64905,50.22218],[13.64996,50.22252],[13.6505,50.22286],[13.65035,50.22324],[13.65143,50.22471],[13.65202,50.22517],[13.65246,50.22578],[13.65507,50.22767],[13.65635,50.2285],[13.65636,50.22867],[13.65686,50.2292],[13.65903,50.23125],[13.65902,50.23155],[13.65931,50.2316],[13.65992,50.23186],[13.66144,50.23265],[13.6621,50.23336],[13.66259,50.23377],[13.66317,50.2341],[13.66463,50.23571],[13.66549,50.23609],[13.66626,50.23677],[13.66747,50.23742],[13.66893,50.23798],[13.6693,50.23831],[13.66956,50.23839],[13.6698,50.23841],[13.67065,50.23757],[13.67245,50.23631],[13.6727,50.23607],[13.67317,50.23537],[13.67045,50.23406],[13.67134,50.23276],[13.67152,50.23205],[13.67141,50.23189],[13.67233,50.23109],[13.67263,50.23067],[13.67255,50.23017],[13.67262,50.22951],[13.67197,50.22881],[13.67161,50.22717],[13.67111,50.22635],[13.66975,50.22546],[13.6695,50.22494],[13.66985,50.22444],[13.67067,50.22402],[13.67113,50.22356],[13.67081,50.2229],[13.67095,50.22272],[13.67171,50.22255],[13.67236,50.22282],[13.67263,50.22317],[13.67583,50.22555],[13.6768,50.22585],[13.67774,50.22602],[13.68023,50.22627],[13.68162,50.22623],[13.68285,50.22608],[13.68336,50.22592],[13.68399,50.22546],[13.68447,50.22533],[13.68671,50.22528],[13.68775,50.22512],[13.68933,50.22474],[13.69186,50.22368],[13.69238,50.22333],[13.69322,50.22249],[13.69432,50.22176],[13.69539,50.22139],[13.69822,50.22117],[13.69964,50.22113],[13.69967,50.22135],[13.70055,50.22202],[13.70118,50.22229],[13.70153,50.22236],[13.70527,50.22243],[13.70821,50.22221],[13.70886,50.22246],[13.7106,50.2237],[13.71137,50.22402],[13.71266,50.2244],[13.71347,50.22456],[13.71741,50.22507],[13.71964,50.2255],[13.72145,50.22562],[13.72382,50.22551],[13.72697,50.22509],[13.72834,50.22505],[13.72906,50.22489],[13.72999,50.22487],[13.7339,50.22444],[13.7365,50.22455],[13.73909,50.22453],[13.74142,50.22444],[13.74233,50.22424],[13.74241,50.22493],[13.74255,50.22512],[13.74268,50.22525],[13.74288,50.22527],[13.74302,50.22544],[13.74313,50.22544],[13.74331,50.22559],[13.74523,50.22512],[13.74679,50.22502],[13.7482,50.22483],[13.74912,50.22432],[13.74901,50.22408],[13.74984,50.22358],[13.74978,50.22354],[13.7515,50.22377],[13.75181,50.22462],[13.75212,50.22498],[13.75223,50.22532],[13.75228,50.22564],[13.75211,50.226],[13.7522,50.22646],[13.75308,50.22814],[13.75365,50.22978],[13.75372,50.23099],[13.75321,50.23271],[13.75329,50.23333],[13.75345,50.23376],[13.75339,50.23494],[13.75465,50.23498],[13.75469,50.23355],[13.75732,50.23357],[13.75727,50.23551],[13.75754,50.23666],[13.75805,50.2377],[13.75926,50.23958],[13.76011,50.24066],[13.76086,50.24028],[13.76115,50.24022],[13.7622,50.23947],[13.76345,50.23769],[13.76455,50.23695],[13.76398,50.23583],[13.76377,50.23521],[13.76376,50.23435],[13.76383,50.234],[13.76403,50.23385],[13.76378,50.2331],[13.76315,50.23312],[13.76292,50.23275],[13.76885,50.23228],[13.76905,50.23255],[13.76886,50.23286],[13.76919,50.2332],[13.76982,50.23322],[13.77066,50.23378],[13.77057,50.23394],[13.77057,50.2343],[13.77086,50.23467],[13.77082,50.23485],[13.77096,50.23518],[13.77097,50.23553],[13.77086,50.23569],[13.7712,50.23612],[13.77141,50.23616],[13.77164,50.23649],[13.7717,50.23674],[13.77686,50.23631],[13.77682,50.23682],[13.77691,50.23714],[13.77734,50.23785],[13.77874,50.23881],[13.7794,50.23973],[13.78092,50.24106],[13.78171,50.24224],[13.78229,50.24265],[13.78322,50.24294],[13.78374,50.24326],[13.78445,50.24416],[13.78521,50.24475],[13.78585,50.24556],[13.7864,50.24603],[13.78739,50.24728],[13.78838,50.24809],[13.79075,50.24956],[13.79133,50.25026],[13.79261,50.25104],[13.79349,50.25182],[13.79468,50.25246],[13.79473,50.25225],[13.79526,50.25251],[13.79701,50.25406],[13.7977,50.25504],[13.79829,50.25557],[13.79875,50.25742],[13.79909,50.25829],[13.79947,50.2589],[13.79978,50.26009],[13.80022,50.25998],[13.80111,50.26005],[13.80378,50.26059],[13.80429,50.25973],[13.80515,50.25998],[13.80532,50.2599],[13.80615,50.26034],[13.80727,50.26077],[13.80764,50.26097],[13.80768,50.26108],[13.80986,50.26123],[13.80934,50.26175],[13.80976,50.26188],[13.81007,50.26175],[13.81106,50.26173],[13.81174,50.2619],[13.81313,50.26247],[13.81241,50.26362],[13.81292,50.26331],[13.81342,50.26311],[13.81365,50.26294],[13.81377,50.26271],[13.81456,50.2629],[13.81526,50.2629],[13.81536,50.26275],[13.81667,50.263],[13.81754,50.26305],[13.81803,50.26113],[13.8206,50.26147],[13.8207,50.26116],[13.82065,50.26093],[13.82009,50.26015],[13.81932,50.26016],[13.81823,50.2593],[13.81873,50.25899],[13.82008,50.25958],[13.82026,50.25898],[13.82167,50.25898],[13.82152,50.2585],[13.82113,50.25788],[13.82179,50.25764],[13.82199,50.25773],[13.82246,50.25861],[13.82268,50.25986],[13.82263,50.26055],[13.82397,50.26078],[13.82564,50.26076],[13.82608,50.26089],[13.82679,50.2608],[13.82695,50.26023],[13.82776,50.25925],[13.82897,50.25855],[13.82985,50.2576],[13.83037,50.25593],[13.83113,50.25472],[13.83218,50.25243],[13.8328,50.25244],[13.83298,50.25251],[13.83312,50.25202],[13.8333,50.25177],[13.83442,50.25096],[13.83481,50.25047],[13.83491,50.24999],[13.83577,50.24823],[13.8363,50.24754],[13.83595,50.24666],[13.83594,50.24636],[13.83619,50.24567],[13.83659,50.24534],[13.83661,50.24507],[13.83679,50.24479],[13.83643,50.24375],[13.8362,50.24338],[13.83623,50.24328],[13.8377,50.24252],[13.83793,50.2419],[13.83827,50.24152],[13.83879,50.2414],[13.83861,50.24116],[13.83871,50.24105],[13.83938,50.24044],[13.83989,50.24018],[13.84356,50.24184],[13.84674,50.24219],[13.8491,50.24224],[13.85247,50.24243],[13.85384,50.24239],[13.85609,50.24246],[13.85794,50.24288],[13.86,50.24316],[13.86287,50.2437],[13.86364,50.24393],[13.86394,50.24425],[13.86389,50.24514],[13.8633,50.2469],[13.86316,50.24869],[13.86337,50.25003],[13.8637,50.2504],[13.86414,50.25245],[13.86419,50.25359],[13.86446,50.25391],[13.86859,50.25452],[13.86773,50.2561],[13.8674,50.25652],[13.86731,50.25684],[13.86658,50.25769],[13.86589,50.2581],[13.86525,50.25871],[13.86508,50.25897],[13.865,50.25953],[13.86587,50.25994],[13.86751,50.26052],[13.87023,50.26126],[13.87302,50.26285],[13.87364,50.2633],[13.87511,50.26533],[13.87583,50.26596],[13.87649,50.26638],[13.87678,50.26813],[13.8771,50.26856],[13.87737,50.26916],[13.87746,50.26962],[13.87793,50.27027],[13.88406,50.27033],[13.88622,50.27017],[13.89037,50.2713],[13.8909,50.27162],[13.89115,50.27196],[13.89145,50.27218],[13.89327,50.27263],[13.89472,50.27283],[13.89731,50.27302],[13.90194,50.27403],[13.90246,50.27404],[13.90368,50.27425],[13.90487,50.27429],[13.90948,50.27567],[13.91129,50.27584],[13.91174,50.27595],[13.91212,50.27597],[13.91271,50.27585],[13.91346,50.27593],[13.91391,50.27356],[13.91217,50.27321],[13.91173,50.27254],[13.91182,50.27197],[13.91167,50.27151],[13.91325,50.27192],[13.91439,50.27208],[13.91607,50.2725],[13.91738,50.2727],[13.91837,50.27264],[13.9198,50.27305],[13.92235,50.27405],[13.92497,50.27537],[13.92547,50.27548],[13.92711,50.27731],[13.92765,50.27816],[13.92815,50.27847],[13.92949,50.27846],[13.93054,50.27855],[13.93295,50.27908],[13.93277,50.27968],[13.9335,50.27956],[13.93505,50.27959],[13.93553,50.27948],[13.937,50.27961],[13.94041,50.28018],[13.94053,50.28099],[13.94088,50.28163],[13.94131,50.28207],[13.9421,50.28234],[13.94232,50.28269],[13.94213,50.28447],[13.94063,50.28426],[13.94179,50.28643],[13.94223,50.28627],[13.94235,50.28662],[13.94231,50.28719],[13.94274,50.28744],[13.94295,50.28771],[13.94829,50.28889],[13.94786,50.28975],[13.94862,50.28979],[13.94941,50.28832],[13.94992,50.28764],[13.95157,50.28819],[13.95118,50.28884],[13.95053,50.28948],[13.95043,50.28964],[13.95041,50.29001],[13.9512,50.29019],[13.95214,50.29023],[13.95225,50.29073],[13.95253,50.29087],[13.95427,50.29114],[13.95476,50.29099],[13.95549,50.29106],[13.95536,50.29142],[13.95607,50.29157],[13.95591,50.29196],[13.95712,50.2922],[13.95648,50.29337],[13.95624,50.29425],[13.95645,50.2943],[13.95638,50.29531],[13.95643,50.29541],[13.95735,50.29532],[13.95748,50.2955],[13.95751,50.29572],[13.95745,50.29735],[13.95666,50.29751],[13.95687,50.29882],[13.95685,50.29965],[13.95691,50.2998],[13.9568,50.29989],[13.95659,50.30105],[13.95571,50.30104],[13.95558,50.30185],[13.95387,50.30179],[13.95388,50.30215],[13.95293,50.3022],[13.953,50.30275],[13.95426,50.30269],[13.95418,50.30312],[13.9542,50.30357],[13.95211,50.30369],[13.95207,50.30391],[13.95163,50.30393],[13.95162,50.30402],[13.94964,50.30392],[13.94966,50.30432],[13.95154,50.30448],[13.9515,50.30467],[13.95198,50.30471],[13.95132,50.30665],[13.95231,50.30673],[13.95243,50.30726],[13.95319,50.3069],[13.95489,50.3068],[13.9551,50.30581],[13.95647,50.30596],[13.9566,50.30564],[13.95957,50.30592],[13.9599,50.30395],[13.96277,50.30408],[13.96282,50.30397],[13.96647,50.30374],[13.96768,50.30394],[13.96901,50.30484],[13.96925,50.30454],[13.97031,50.30492],[13.97187,50.30512],[13.972,50.30417],[13.96966,50.30385],[13.97005,50.30299],[13.97025,50.30186],[13.97203,50.3019],[13.97944,50.30278],[13.97952,50.30229],[13.98003,50.30228],[13.98,50.30205],[13.98193,50.30205],[13.98192,50.30229],[13.98123,50.30271],[13.98126,50.30275],[13.98321,50.30283],[13.98327,50.30346],[13.98512,50.30358],[13.98524,50.30319],[13.98637,50.30333],[13.98783,50.30339],[13.99039,50.3038],[13.99141,50.30379],[13.99169,50.30419],[13.99205,50.30496],[13.9925,50.30557],[13.99238,50.306],[13.99049,50.3063],[13.99055,50.30647],[13.98754,50.30707],[13.98779,50.30771],[13.99136,50.30736],[13.99429,50.30739],[13.99431,50.30747],[13.99265,50.30748],[13.99261,50.30769],[13.99059,50.30777],[13.99055,50.30836],[13.99028,50.3086],[13.99021,50.30901],[13.98834,50.30909],[13.98857,50.3106],[13.98843,50.31062],[13.98845,50.31089],[13.98887,50.31396],[13.98946,50.31393],[13.98965,50.31532],[13.99066,50.31533],[13.99059,50.31454],[13.99113,50.31455],[13.99134,50.31684],[13.99127,50.31693],[13.99147,50.31738],[13.99097,50.3175],[13.9914,50.31818],[13.9909,50.31825],[13.99092,50.31845],[13.98794,50.31933],[13.98798,50.31981],[13.98789,50.3205],[13.98756,50.32118],[13.98687,50.32225],[13.98509,50.32213],[13.98425,50.32254],[13.98324,50.32271],[13.98346,50.32407],[13.98348,50.3248],[13.98304,50.32669],[13.98194,50.33],[13.98163,50.33388],[13.98477,50.33424],[13.98658,50.33453],[13.99419,50.33621],[13.99419,50.33627],[13.99317,50.33653],[13.98958,50.33728],[13.99391,50.33796],[13.99505,50.33808],[13.99651,50.33811],[13.99689,50.34084],[13.9971,50.34168],[13.99731,50.34204],[13.99873,50.34208],[14.00199,50.34249],[14.00202,50.3429],[14.00414,50.34342],[14.0046,50.34364],[14.00631,50.34514],[14.00697,50.34564],[14.00773,50.34607],[14.00779,50.34615],[14.00771,50.34637],[14.01308,50.34734],[14.01807,50.34812],[14.01985,50.34852],[14.02077,50.34744],[14.02276,50.34586],[14.02316,50.34539],[14.02406,50.34397],[14.02478,50.34325],[14.02525,50.34333],[14.02631,50.3423],[14.02653,50.3423],[14.02748,50.34194],[14.02757,50.34177],[14.02844,50.34141],[14.02969,50.34071],[14.03063,50.34042],[14.03238,50.34046],[14.03235,50.34309],[14.0322,50.34405],[14.03202,50.34404],[14.03196,50.34423],[14.03313,50.34427],[14.03312,50.34438],[14.0359,50.34444],[14.03596,50.34504],[14.03626,50.34607],[14.03777,50.34545],[14.0397,50.34479],[14.04348,50.34368],[14.05275,50.34132],[14.05397,50.3406],[14.05422,50.34053],[14.05894,50.34058],[14.06274,50.34052],[14.06672,50.34061],[14.0668,50.33904],[14.07018,50.33903],[14.0704,50.33802],[14.07251,50.33816],[14.07267,50.33754],[14.07449,50.33772],[14.0748,50.33644],[14.07496,50.33645],[14.07526,50.33504],[14.07801,50.33525],[14.07807,50.33482],[14.08088,50.33484],[14.08092,50.33501],[14.08154,50.33501],[14.08681,50.33468],[14.08683,50.33479],[14.09125,50.3346],[14.09689,50.33414],[14.09697,50.33414],[14.09706,50.33467],[14.10015,50.33462],[14.10022,50.33488],[14.10227,50.33477],[14.10816,50.33508],[14.11209,50.33509],[14.11213,50.33486],[14.11681,50.33475],[14.117,50.3333],[14.11708,50.3333],[14.11713,50.3329],[14.11845,50.33285],[14.12005,50.33289],[14.12008,50.33295],[14.12135,50.33302],[14.12205,50.33304],[14.12205,50.33297],[14.12267,50.33295],[14.12459,50.33302],[14.12824,50.33291],[14.13184,50.33261],[14.13195,50.33282],[14.13318,50.33271],[14.13334,50.33318],[14.13459,50.33307],[14.13662,50.33276],[14.13931,50.33275],[14.14016,50.3324],[14.14044,50.33194],[14.14134,50.3309],[14.14173,50.33093],[14.14321,50.33075],[14.14367,50.33089],[14.14393,50.33087],[14.14437,50.33133],[14.14593,50.33137],[14.1461,50.33247],[14.14878,50.33256],[14.15568,50.33259],[14.16218,50.33326],[14.16685,50.3334],[14.16694,50.33426],[14.16875,50.33414],[14.16898,50.33572],[14.17656,50.33509],[14.18173,50.33443],[14.1824,50.33556],[14.18308,50.33717],[14.18316,50.33717],[14.18314,50.33795],[14.1837,50.34089],[14.18382,50.34194],[14.18377,50.34247],[14.18314,50.34359],[14.18242,50.3453],[14.18363,50.34526],[14.18802,50.34488],[14.18966,50.34465],[14.19347,50.34391],[14.19559,50.34359],[14.19798,50.34302],[14.19639,50.34155],[14.19437,50.34049],[14.19313,50.33944],[14.1955,50.33846],[14.1975,50.33749],[14.19887,50.33671],[14.19942,50.33625],[14.20081,50.3353],[14.20122,50.33575],[14.20185,50.33678],[14.20419,50.3363],[14.21122,50.33523],[14.21183,50.33714],[14.21036,50.33737],[14.21062,50.33793],[14.21493,50.33733],[14.21527,50.33833],[14.21546,50.33919],[14.21584,50.34004],[14.22125,50.33887],[14.22121,50.33857],[14.22136,50.33846],[14.2232,50.33803],[14.22591,50.33723],[14.23076,50.3355],[14.23476,50.33466],[14.24077,50.33363],[14.24035,50.33237],[14.245,50.3318],[14.24668,50.33145],[14.24883,50.33078],[14.24865,50.33063],[14.24787,50.33026],[14.24755,50.32999],[14.24754,50.32944],[14.24771,50.32851],[14.25068,50.32843],[14.25093,50.32938],[14.25135,50.3303],[14.25192,50.33021],[14.25275,50.33171],[14.25167,50.33195],[14.25194,50.33249],[14.25295,50.33388],[14.25304,50.33385],[14.25393,50.33505],[14.25286,50.33544],[14.25335,50.33603],[14.2557,50.33524],[14.25725,50.33759],[14.25827,50.33735],[14.25911,50.33855],[14.25995,50.34012],[14.26147,50.33966],[14.26244,50.34082],[14.26288,50.34071],[14.2644,50.34282],[14.26459,50.34366],[14.2642,50.34378],[14.26816,50.34882],[14.26725,50.34914],[14.2677,50.34968],[14.2685,50.35046],[14.26892,50.35025],[14.27119,50.34949],[14.27091,50.34993],[14.2727,50.35053],[14.27171,50.35151],[14.2724,50.35245],[14.2738,50.35388],[14.27457,50.35482],[14.2768,50.35424],[14.2767,50.35395],[14.28018,50.35344],[14.28048,50.35258],[14.28095,50.35192],[14.28156,50.35134],[14.28235,50.35083],[14.2841,50.35068],[14.28582,50.35036],[14.28774,50.34984],[14.28908,50.34962],[14.29533,50.34919],[14.29562,50.34995],[14.29595,50.35047],[14.2958,50.3505],[14.29603,50.35083],[14.29829,50.35264],[14.29841,50.35257],[14.29924,50.35323],[14.30083,50.35277],[14.30439,50.35213],[14.30383,50.35104],[14.30363,50.35045],[14.30701,50.34996],[14.30868,50.34992],[14.30835,50.35128],[14.30765,50.35295],[14.30743,50.35391],[14.30696,50.35531],[14.31016,50.3546],[14.31296,50.35384],[14.31384,50.35449],[14.31422,50.35458],[14.31454,50.35431],[14.31618,50.3537],[14.31856,50.35298],[14.32183,50.35269],[14.32288,50.35241],[14.32306,50.35337],[14.32191,50.35414],[14.32341,50.35723],[14.32473,50.35752],[14.32506,50.35631],[14.32708,50.35585],[14.32748,50.35678],[14.3279,50.35726],[14.32865,50.35712],[14.32883,50.3577],[14.33222,50.35743],[14.33599,50.35701],[14.33938,50.35629],[14.33864,50.35533],[14.33932,50.35509],[14.34018,50.35514],[14.34128,50.35505],[14.34411,50.35467],[14.34419,50.35384],[14.34387,50.35383],[14.34384,50.35361],[14.34397,50.35259],[14.34527,50.35254],[14.34671,50.35233],[14.35002,50.35254],[14.35052,50.35177],[14.35075,50.35107],[14.35085,50.35108],[14.35164,50.349],[14.35275,50.34935],[14.35354,50.34973],[14.35272,50.35071],[14.35318,50.35083],[14.35375,50.35013],[14.35487,50.34931],[14.35547,50.34978],[14.35623,50.35024],[14.35557,50.35097],[14.35497,50.35196],[14.35395,50.35167],[14.35422,50.35254],[14.35424,50.35301],[14.35686,50.35284],[14.35683,50.35266],[14.35871,50.35249],[14.35912,50.35238],[14.35814,50.35156],[14.35819,50.35153],[14.35688,50.3506],[14.35772,50.34989],[14.35809,50.34947],[14.35969,50.35054],[14.36033,50.35025],[14.36188,50.3513],[14.36256,50.35187],[14.36268,50.35212],[14.36486,50.35211],[14.36489,50.35219],[14.36559,50.35223],[14.36646,50.35222],[14.3672,50.3521],[14.36784,50.35407],[14.36798,50.35407],[14.36876,50.35558],[14.37055,50.35833],[14.37085,50.35893],[14.3721,50.35882],[14.37255,50.36008],[14.37193,50.36014],[14.37212,50.36133],[14.36993,50.36151],[14.37006,50.36238],[14.37184,50.36238],[14.37197,50.36299],[14.37219,50.36512],[14.37018,50.36516],[14.37018,50.36557],[14.37032,50.36623],[14.37097,50.36754],[14.36731,50.36802],[14.36795,50.36892],[14.36824,50.36979],[14.36845,50.37001],[14.3692,50.37152],[14.36919,50.37168],[14.36874,50.37222],[14.36837,50.37307],[14.36777,50.37379],[14.36745,50.37439],[14.36741,50.37481],[14.36765,50.3761],[14.36732,50.37737],[14.36942,50.37699],[14.37762,50.37606],[14.37765,50.37712],[14.37752,50.37889],[14.37712,50.3812],[14.37672,50.38539],[14.37662,50.3878],[14.37676,50.3893],[14.3765,50.39209],[14.3769,50.39213],[14.37672,50.39284],[14.37895,50.39322],[14.37844,50.39473],[14.37972,50.39514],[14.37906,50.39563],[14.37919,50.39568],[14.37903,50.39598],[14.3794,50.39602],[14.37959,50.3962],[14.3794,50.3966],[14.37849,50.39707],[14.37756,50.39723],[14.3766,50.39786],[14.37549,50.39821],[14.3742,50.39848],[14.37215,50.39859],[14.36849,50.39846],[14.36832,50.39852],[14.36879,50.39923],[14.36951,50.39936],[14.36939,50.40024],[14.36902,50.40032],[14.36898,50.40063],[14.36904,50.40088],[14.36976,50.40101],[14.37026,50.40216],[14.3703,50.40263],[14.37018,50.40289],[14.36998,50.40316],[14.36976,50.40328],[14.36934,50.4039],[14.36748,50.40437],[14.36538,50.40518],[14.36391,50.40544],[14.36392,50.40623],[14.36384,50.40631],[14.36326,50.40641],[14.3636,50.40783],[14.36362,50.40817],[14.3638,50.40856],[14.36495,50.40909],[14.36704,50.40956],[14.36859,50.41061],[14.36906,50.41084],[14.3705,50.41066],[14.37142,50.41031],[14.37299,50.40941],[14.37353,50.40893],[14.37445,50.40876],[14.3752,50.40873],[14.37516,50.40902],[14.37529,50.40942],[14.37558,50.40979],[14.37609,50.4101],[14.37777,50.41059],[14.37558,50.4113],[14.3744,50.41188],[14.37315,50.41271],[14.37148,50.41361],[14.37102,50.41405],[14.37122,50.41467],[14.37199,50.41543],[14.37248,50.41638],[14.37205,50.41642],[14.37076,50.41711],[14.36722,50.41811],[14.36752,50.41995],[14.36673,50.41996],[14.36661,50.42129],[14.36825,50.42068],[14.37059,50.42009],[14.37098,50.421],[14.37068,50.42135],[14.37039,50.42195],[14.36989,50.4226],[14.36903,50.42283],[14.36827,50.42369],[14.36741,50.42432],[14.36833,50.42488],[14.36726,50.42554],[14.36639,50.42587],[14.36653,50.42599],[14.36586,50.42628],[14.36317,50.42707],[14.3616,50.42737],[14.36224,50.42827],[14.36124,50.42835],[14.35943,50.42836],[14.35992,50.42991],[14.36085,50.42986],[14.36092,50.43028],[14.36245,50.4301],[14.36259,50.43051],[14.36513,50.43034],[14.36547,50.43159],[14.36798,50.43217],[14.3686,50.4326],[14.36919,50.43172],[14.36939,50.43177],[14.36879,50.43271],[14.36968,50.43336],[14.37186,50.43402],[14.37307,50.43481],[14.37639,50.43558],[14.37808,50.43619],[14.38173,50.43274],[14.38389,50.43098],[14.38648,50.42937],[14.38917,50.428],[14.39114,50.42711],[14.39488,50.42574],[14.39882,50.42466],[14.40131,50.42408],[14.4053,50.42296],[14.41553,50.42106],[14.41648,50.4208],[14.4182,50.42301],[14.42083,50.42211],[14.42156,50.42279],[14.42344,50.42215],[14.4237,50.42235],[14.42169,50.42329],[14.41831,50.42506],[14.41963,50.42575],[14.41932,50.42626],[14.42094,50.42705],[14.4225,50.4281],[14.41959,50.43005],[14.41784,50.42945],[14.41636,50.42917],[14.41273,50.42945],[14.41198,50.42962],[14.41082,50.42972],[14.41137,50.43006],[14.41014,50.431],[14.41374,50.43314],[14.41639,50.43438],[14.41694,50.43393],[14.41798,50.43336],[14.41913,50.43288],[14.42016,50.43261],[14.42059,50.43337],[14.4207,50.43369],[14.42126,50.43442],[14.42245,50.43567],[14.42027,50.43641],[14.41985,50.43618],[14.41904,50.43656],[14.41708,50.43724],[14.41772,50.43785],[14.42059,50.43687],[14.42187,50.43799],[14.42345,50.43907],[14.42639,50.44],[14.42618,50.44127],[14.42354,50.45336],[14.43334,50.44888],[14.43469,50.44869],[14.43958,50.44703],[14.44155,50.4469],[14.44244,50.44676],[14.44365,50.44667],[14.44543,50.44675],[14.44679,50.44667],[14.44759,50.44671],[14.44824,50.44665],[14.449,50.44646],[14.44874,50.4506],[14.44769,50.45423],[14.4507,50.45326],[14.4531,50.45294],[14.45356,50.45295],[14.45414,50.45262],[14.45616,50.45199],[14.45741,50.45189],[14.45857,50.45159],[14.4592,50.45112],[14.45997,50.45004],[14.46061,50.44943],[14.46135,50.44922],[14.46211,50.44915],[14.46449,50.44925],[14.46678,50.44911],[14.46719,50.44915],[14.46848,50.44955],[14.46847,50.44978],[14.46972,50.44976],[14.47135,50.44957],[14.47249,50.44934],[14.4733,50.44935],[14.47328,50.44967],[14.4729,50.45006],[14.47296,50.45009],[14.47268,50.45039],[14.47247,50.45078],[14.47216,50.45177],[14.47198,50.45211],[14.47191,50.45249],[14.47223,50.45324],[14.4728,50.45363],[14.4726,50.45401],[14.47345,50.45478],[14.4732,50.45503],[14.47291,50.45556],[14.47322,50.45643],[14.47276,50.45664],[14.47234,50.45702],[14.472,50.45758],[14.47197,50.45801],[14.47161,50.45845],[14.47163,50.45865],[14.47155,50.4587],[14.47186,50.45916],[14.47271,50.45965],[14.47322,50.46006],[14.47329,50.46023],[14.4735,50.46032],[14.47384,50.46112],[14.47376,50.46225],[14.47382,50.46298],[14.47388,50.463],[14.4732,50.46379],[14.47297,50.46418],[14.47296,50.46465],[14.47284,50.46466],[14.47277,50.46532],[14.4723,50.46591],[14.47184,50.46739],[14.47123,50.46813],[14.47072,50.46836],[14.4706,50.46892],[14.46972,50.46892],[14.4687,50.46904],[14.46768,50.46934],[14.46653,50.46986],[14.46706,50.47018],[14.46763,50.46978],[14.46768,50.46982],[14.46885,50.46949],[14.46952,50.46948],[14.46949,50.46955],[14.47066,50.4696],[14.47092,50.46974],[14.4713,50.47038],[14.47121,50.47145],[14.47088,50.47161],[14.47099,50.47263],[14.47126,50.47293],[14.47174,50.47327],[14.47256,50.47371],[14.47266,50.474],[14.47259,50.47419],[14.47232,50.47439],[14.47205,50.47434],[14.47164,50.47483],[14.47145,50.47522],[14.47157,50.47587],[14.47097,50.47633],[14.4701,50.47756],[14.47009,50.4782],[14.47044,50.47873],[14.47038,50.47901],[14.47011,50.47932],[14.47055,50.47951],[14.46752,50.48099],[14.46711,50.4813],[14.46698,50.48156],[14.46646,50.4819],[14.46628,50.48214],[14.46607,50.48272],[14.46609,50.48284],[14.46648,50.48316],[14.46647,50.48337],[14.46315,50.4868],[14.46287,50.48794],[14.46227,50.48836],[14.46231,50.4886],[14.46214,50.48881],[14.46206,50.48917],[14.46217,50.48961],[14.46185,50.49014],[14.46072,50.49126],[14.46051,50.49166],[14.46019,50.49191],[14.46006,50.49226],[14.45968,50.49271],[14.45942,50.49316],[14.45798,50.49338],[14.45732,50.49377],[14.45668,50.49376],[14.45633,50.4939],[14.45618,50.49414],[14.45621,50.49467],[14.4561,50.49514],[14.45527,50.49594],[14.45494,50.49657],[14.45543,50.49703],[14.45548,50.49698],[14.45582,50.49716],[14.4561,50.49739],[14.45707,50.49757],[14.45877,50.49736],[14.45925,50.49739],[14.45984,50.49775],[14.46345,50.4991],[14.46615,50.49913],[14.4688,50.49899],[14.46948,50.49877],[14.46996,50.49837],[14.47093,50.4982],[14.47108,50.49827],[14.47143,50.49877],[14.4719,50.49898],[14.47405,50.49938],[14.47245,50.50258],[14.46937,50.50942],[14.47186,50.50908],[14.47278,50.50933],[14.47332,50.50925],[14.47492,50.50838],[14.47572,50.50778],[14.47641,50.50744],[14.47831,50.50713],[14.47955,50.50666],[14.48023,50.50654],[14.48124,50.50657],[14.48159,50.50665],[14.48302,50.50638],[14.48397,50.50605],[14.48487,50.50536],[14.48528,50.50527],[14.48652,50.50506],[14.48717,50.50557],[14.48727,50.50587],[14.48706,50.50638],[14.48678,50.50676],[14.48648,50.50704],[14.48579,50.50795],[14.48544,50.50826],[14.48514,50.50841],[14.48519,50.50845],[14.48453,50.50858],[14.48391,50.50857],[14.48385,50.50903],[14.48357,50.50966],[14.4825,50.51065],[14.48337,50.51111],[14.48335,50.51118],[14.4838,50.51154],[14.4833,50.51182],[14.4822,50.51208],[14.48186,50.51216],[14.48133,50.51213],[14.48123,50.51231],[14.48064,50.51287],[14.48048,50.5132],[14.47987,50.51359],[14.47991,50.51396],[14.48077,50.51448],[14.48052,50.51577],[14.47915,50.51566],[14.47869,50.51552],[14.47657,50.51597],[14.47658,50.51669],[14.47625,50.51812],[14.47519,50.52023],[14.47479,50.52084],[14.4758,50.52313],[14.47486,50.52316],[14.4735,50.52343],[14.47314,50.52361],[14.47246,50.52366],[14.47207,50.52387],[14.47176,50.52377],[14.4716,50.52395],[14.4717,50.524],[14.47072,50.52439],[14.47198,50.52475],[14.47319,50.52524],[14.47245,50.52557],[14.47172,50.52606],[14.47043,50.5263],[14.46993,50.52652],[14.47028,50.5266],[14.4705,50.52678],[14.46943,50.52707],[14.46899,50.52675],[14.46803,50.52636],[14.46811,50.52631],[14.46637,50.52622],[14.46468,50.52667],[14.46325,50.52692],[14.46247,50.52733],[14.46,50.52729],[14.46025,50.52702],[14.46079,50.52667],[14.46082,50.52652],[14.46072,50.52635],[14.46074,50.52589],[14.46007,50.52587],[14.45976,50.52643],[14.45881,50.5269],[14.45631,50.52735],[14.45653,50.52782],[14.45676,50.5278],[14.45679,50.52793],[14.45555,50.5282],[14.45499,50.52843],[14.45495,50.5286],[14.45461,50.52833],[14.45455,50.52814],[14.45277,50.52809],[14.45247,50.5279],[14.45116,50.52816],[14.45086,50.52809],[14.44972,50.52828],[14.44944,50.52819],[14.44789,50.52837],[14.447,50.52869],[14.44663,50.52903],[14.44635,50.52916],[14.44593,50.52912],[14.44525,50.52892],[14.44376,50.52932],[14.44306,50.52935],[14.44231,50.52956],[14.44102,50.52952],[14.43993,50.53013],[14.4402,50.53045],[14.44069,50.53076],[14.44098,50.53111],[14.4416,50.53164],[14.44268,50.53241],[14.44296,50.53235],[14.4435,50.53298],[14.44381,50.53384],[14.44328,50.53415],[14.44204,50.53302],[14.44145,50.53259],[14.44129,50.53361],[14.44083,50.53393],[14.43975,50.53394],[14.43864,50.53379],[14.43843,50.53427],[14.4382,50.53443],[14.43716,50.53502],[14.43663,50.5351],[14.43767,50.53606],[14.43781,50.53604],[14.43841,50.53714],[14.43843,50.53766],[14.4391,50.53846],[14.44028,50.53893],[14.44052,50.53914],[14.43937,50.54001],[14.43938,50.54132],[14.43691,50.54106],[14.43502,50.54064],[14.4336,50.54061],[14.43368,50.54076],[14.43407,50.54098],[14.43399,50.541],[14.43397,50.54143],[14.43601,50.54179],[14.43631,50.54263],[14.43706,50.54329],[14.43585,50.54339],[14.4355,50.54349],[14.43572,50.54382],[14.43626,50.544],[14.43663,50.54434],[14.43668,50.54467],[14.43657,50.54512],[14.43567,50.54549],[14.43503,50.54603],[14.43275,50.54579],[14.43242,50.54595],[14.43204,50.54591],[14.43147,50.54633],[14.43085,50.54705],[14.43004,50.54765],[14.43075,50.54817],[14.43211,50.54861],[14.43181,50.54892],[14.4307,50.54857],[14.43052,50.54843],[14.43018,50.54862],[14.43032,50.5487],[14.43026,50.54894],[14.42958,50.54929],[14.42953,50.54944],[14.42914,50.54962],[14.42883,50.54998],[14.42842,50.54999],[14.42792,50.55044],[14.42753,50.5506],[14.42709,50.55191],[14.42628,50.55266],[14.42604,50.55311],[14.42601,50.55339],[14.42541,50.55479],[14.42377,50.555],[14.4235,50.55464],[14.42323,50.55403],[14.42288,50.55359],[14.42152,50.55352],[14.42182,50.55427],[14.42258,50.55533],[14.42038,50.55595],[14.41989,50.55618],[14.41878,50.5561],[14.41848,50.55625],[14.41857,50.55641],[14.41842,50.55652],[14.41831,50.55694],[14.41796,50.55702],[14.41785,50.55716],[14.41788,50.55727],[14.41816,50.55747],[14.4179,50.55769],[14.41801,50.55807],[14.41824,50.55823],[14.41861,50.55826],[14.41908,50.55851],[14.41911,50.55866],[14.41952,50.55878],[14.42078,50.55937],[14.42041,50.55979],[14.42026,50.56011],[14.42023,50.56045],[14.41945,50.56129],[14.41836,50.56215],[14.4182,50.5625],[14.41817,50.56279],[14.41916,50.56423],[14.41901,50.56447],[14.41887,50.56513],[14.41843,50.56545],[14.41744,50.56542],[14.41544,50.56578],[14.41528,50.56661],[14.4158,50.56703],[14.41567,50.56761],[14.41589,50.5682],[14.41623,50.56839],[14.41543,50.56908],[14.41367,50.57012],[14.41311,50.57094],[14.4126,50.5724],[14.41322,50.57267],[14.41418,50.57291],[14.41571,50.57355],[14.41525,50.57394],[14.41438,50.57417],[14.41278,50.57367],[14.41193,50.57353],[14.41179,50.5744],[14.41196,50.57505],[14.41209,50.57601],[14.41199,50.57629],[14.41137,50.57711],[14.41085,50.5772],[14.4103,50.57746],[14.41039,50.57801],[14.41035,50.57836],[14.41011,50.5786],[14.40904,50.57909],[14.40862,50.57957],[14.40842,50.5802],[14.40851,50.58096],[14.40834,50.58144],[14.40425,50.58181],[14.40353,50.58167],[14.40293,50.58193],[14.4032,50.58216],[14.40329,50.58249],[14.40341,50.5826],[14.40426,50.58297],[14.40558,50.58262],[14.40806,50.58242],[14.4082,50.58289],[14.40542,50.58322],[14.40519,50.58366],[14.40536,50.58393],[14.40531,50.58401],[14.40399,50.58462],[14.40392,50.58473],[14.40377,50.58539],[14.40435,50.58557],[14.40535,50.58614],[14.40502,50.58671],[14.40562,50.58743],[14.40477,50.58765],[14.40494,50.58795],[14.40363,50.5883],[14.3992,50.59005],[14.39856,50.59015],[14.39482,50.59035],[14.39316,50.59067],[14.39157,50.5914],[14.39114,50.59173],[14.39103,50.59216],[14.39054,50.5924],[14.39051,50.59264],[14.39176,50.59335],[14.3919,50.59355],[14.39193,50.59385],[14.39185,50.59435],[14.39177,50.59446],[14.39121,50.59459],[14.39093,50.59473],[14.39077,50.59515],[14.39046,50.59556],[14.39001,50.59587],[14.38806,50.59681],[14.38726,50.59735],[14.38689,50.59843],[14.38653,50.59874],[14.38655,50.59887],[14.38631,50.59947],[14.38513,50.59978],[14.3846,50.60002],[14.38321,50.60047],[14.38288,50.60043],[14.38148,50.60071],[14.38106,50.60072],[14.38093,50.60075],[14.38079,50.60093],[14.38057,50.60091],[14.3801,50.60106],[14.3803,50.60134],[14.38016,50.60136],[14.38016,50.6017],[14.38035,50.60167],[14.38052,50.60204],[14.38098,50.60216],[14.38092,50.60243],[14.38115,50.60242],[14.3813,50.6027],[14.38166,50.60288],[14.38196,50.60344],[14.38209,50.60349],[14.38229,50.60382],[14.3825,50.60384],[14.38261,50.604],[14.38286,50.60397],[14.38283,50.60407],[14.38308,50.60436],[14.38292,50.60442],[14.38289,50.60462],[14.38261,50.6047],[14.38266,50.60481],[14.38239,50.60485],[14.38264,50.60497],[14.38269,50.60509],[14.3825,50.60518],[14.38248,50.60529],[14.38265,50.60546],[14.38265,50.60555],[14.38241,50.60571],[14.3825,50.60574],[14.3825,50.60582],[14.3823,50.60598],[14.38222,50.60618],[14.38234,50.60622],[14.38227,50.60639],[14.38208,50.60651],[14.38212,50.60683],[14.38199,50.60699],[14.38219,50.60717],[14.38205,50.60746],[14.38223,50.60749],[14.38218,50.6076],[14.38197,50.60763],[14.38197,50.60774],[14.38207,50.60776],[14.38192,50.60792],[14.38214,50.60799],[14.38208,50.60816],[14.3819,50.60815],[14.38174,50.60836],[14.38176,50.60862],[14.38187,50.60881],[14.3818,50.60882],[14.38194,50.60905],[14.3821,50.60984],[14.38181,50.61007],[14.38159,50.61036],[14.38115,50.61051],[14.38112,50.61064],[14.38078,50.61098],[14.38047,50.61115],[14.38041,50.61139],[14.37973,50.61237],[14.37868,50.61338],[14.37876,50.61343],[14.37898,50.61422],[14.37762,50.6152],[14.37721,50.61571],[14.37591,50.61644],[14.37318,50.61757],[14.37197,50.61829],[14.37134,50.61842],[14.36985,50.61896],[14.36954,50.61918],[14.36865,50.61934],[14.36847,50.61942],[14.36828,50.61968],[14.36719,50.62003],[14.36817,50.62018],[14.369,50.62162],[14.36927,50.6224],[14.3699,50.62326],[14.36893,50.6237],[14.3681,50.62433],[14.36728,50.62473],[14.36708,50.62508],[14.36627,50.62594],[14.36568,50.62629],[14.36412,50.62679],[14.3632,50.62734],[14.36155,50.62749],[14.36059,50.6277],[14.35952,50.6281],[14.35913,50.62835],[14.35934,50.62886],[14.36004,50.62986],[14.36057,50.63037],[14.36072,50.63067],[14.36243,50.63124],[14.36273,50.63151],[14.36244,50.63172],[14.36267,50.63217],[14.36273,50.63276],[14.36302,50.63339],[14.36413,50.63303],[14.36458,50.634],[14.36507,50.63433],[14.36535,50.63466],[14.36607,50.6359],[14.36609,50.63625],[14.36597,50.6371],[14.36602,50.63802],[14.36595,50.63851],[14.36598,50.63892],[14.36586,50.63929],[14.36559,50.63957],[14.36555,50.64001],[14.3651,50.64117],[14.36431,50.64219],[14.36344,50.64307],[14.36308,50.64406],[14.36206,50.64555],[14.36164,50.64709],[14.36141,50.64743],[14.36124,50.64749],[14.36064,50.64725],[14.36001,50.64719],[14.35937,50.64808],[14.35948,50.64826],[14.35973,50.64841],[14.36061,50.64869],[14.36067,50.64894],[14.36,50.64994],[14.35967,50.6506],[14.35969,50.65087],[14.35936,50.65277],[14.3596,50.65324],[14.35987,50.65357],[14.36039,50.65362],[14.36078,50.65347],[14.3608,50.65361],[14.36165,50.65425],[14.36192,50.65475],[14.36069,50.65494],[14.36069,50.65501],[14.36097,50.65559],[14.36188,50.65611],[14.36271,50.65677],[14.36073,50.65712],[14.36036,50.65732],[14.36001,50.6577],[14.35936,50.65764],[14.3589,50.65752],[14.35863,50.65726],[14.35864,50.65684],[14.35848,50.65666],[14.35771,50.65636],[14.35689,50.65622],[14.35562,50.65651],[14.3545,50.65613],[14.35282,50.65587],[14.35238,50.65602],[14.35136,50.65616],[14.35137,50.65624],[14.35068,50.65617],[14.34983,50.65633],[14.34902,50.65631],[14.3479,50.65664],[14.34729,50.65646],[14.34674,50.65677],[14.34642,50.65716],[14.346,50.65726],[14.3455,50.65782],[14.34464,50.65799],[14.34447,50.65823],[14.34413,50.65817],[14.34355,50.65793],[14.34303,50.6581],[14.34275,50.65846],[14.34324,50.65946],[14.34324,50.66066],[14.34297,50.66187],[14.34306,50.66262],[14.34304,50.66346],[14.34318,50.66424],[14.34355,50.66521],[14.34334,50.66616],[14.34282,50.66689],[14.34294,50.66746],[14.34345,50.6682],[14.34353,50.66847],[14.34384,50.66884],[14.34432,50.66924],[14.34473,50.66975],[14.3455,50.67034],[14.34556,50.67053],[14.34544,50.67114],[14.34597,50.67145],[14.34652,50.67202],[14.34847,50.67438],[14.35109,50.67672],[14.35176,50.67742],[14.35233,50.67775],[14.35263,50.67802],[14.35318,50.67833],[14.35344,50.67821],[14.35439,50.67898],[14.35473,50.67881],[14.35553,50.67888],[14.35593,50.6787],[14.35607,50.67874],[14.35685,50.67934],[14.35754,50.67966],[14.35853,50.68039],[14.35919,50.68099],[14.36008,50.68145],[14.3616,50.68196],[14.36394,50.68317],[14.36516,50.68354],[14.36577,50.68356],[14.36715,50.68429],[14.36894,50.68498],[14.37059,50.6855],[14.37096,50.6857],[14.37229,50.68596],[14.37295,50.6862],[14.37419,50.68684],[14.37467,50.68718],[14.37601,50.68836],[14.37684,50.68895],[14.3774,50.68951],[14.3782,50.6905],[14.37906,50.69091],[14.37915,50.69131],[14.37896,50.69197],[14.3772,50.69379],[14.37614,50.69429],[14.37487,50.69467],[14.37426,50.69494],[14.37308,50.6957],[14.37132,50.69668],[14.36911,50.69725],[14.36845,50.69757],[14.36756,50.69815],[14.36737,50.69855],[14.36742,50.69909],[14.36704,50.70011],[14.36763,50.70215],[14.36813,50.70242],[14.36817,50.70258],[14.36784,50.70321],[14.36789,50.70344],[14.3682,50.70382],[14.36832,50.70422],[14.36774,50.70483],[14.36783,50.70509],[14.36831,50.70534],[14.36844,50.70594],[14.36859,50.7061],[14.36902,50.70622],[14.36968,50.70621],[14.37018,50.7063],[14.37031,50.70653],[14.37115,50.70701],[14.37173,50.70753],[14.37237,50.70769],[14.37263,50.70784],[14.37287,50.70861],[14.37281,50.70899],[14.37298,50.70919],[14.37396,50.70962],[14.37401,50.70983],[14.37388,50.71049],[14.37369,50.7106],[14.37345,50.71093],[14.37343,50.71118],[14.37394,50.71199],[14.37357,50.71227],[14.37353,50.71281],[14.37301,50.71353],[14.37333,50.71379],[14.37305,50.71417],[14.37255,50.71435],[14.37251,50.71446],[14.37295,50.71477],[14.37309,50.71533],[14.37302,50.71558],[14.37334,50.71607],[14.37377,50.71623],[14.37401,50.7167],[14.3739,50.7169],[14.3742,50.71723],[14.37519,50.7177],[14.37581,50.71833],[14.37623,50.71898],[14.37665,50.71985],[14.37672,50.72019],[14.37664,50.72042],[14.3761,50.72056],[14.37621,50.72063],[14.37611,50.72071],[14.37632,50.7209],[14.37677,50.72107],[14.37764,50.72113],[14.37893,50.72103],[14.37962,50.72125],[14.37974,50.72121],[14.38103,50.72188],[14.3816,50.72203],[14.3843,50.72226],[14.38561,50.72223],[14.38621,50.72258],[14.3865,50.72263],[14.39012,50.72299],[14.3923,50.72386],[14.39253,50.72376],[14.39299,50.72379],[14.3948,50.72436],[14.3966,50.72505],[14.39839,50.72549],[14.39996,50.72563],[14.4025,50.72569],[14.40334,50.72591],[14.40421,50.72648],[14.40547,50.72782],[14.40691,50.72978],[14.40715,50.73001],[14.40821,50.73185],[14.41013,50.73383],[14.41021,50.7341],[14.41018,50.73433],[14.40936,50.73563],[14.40933,50.73639],[14.40973,50.73663],[14.40999,50.73692],[14.41088,50.73736],[14.41078,50.73706],[14.41143,50.73732],[14.41226,50.73804],[14.41259,50.73806],[14.41294,50.73869],[14.4136,50.73953],[14.41467,50.74002],[14.41465,50.73936],[14.41441,50.73856],[14.4145,50.73838],[14.41429,50.738],[14.41445,50.73746],[14.41436,50.73657],[14.41441,50.73628],[14.41463,50.73584],[14.41484,50.73565],[14.41517,50.7345],[14.41621,50.73483],[14.41631,50.73455],[14.4157,50.73411],[14.41571,50.73374],[14.41558,50.73357],[14.41536,50.73362],[14.41485,50.73211],[14.4162,50.73224],[14.41662,50.73286],[14.41682,50.73228],[14.41661,50.73177],[14.4166,50.73157],[14.42239,50.73262],[14.42436,50.73312],[14.42557,50.73307],[14.42782,50.73373],[14.43127,50.73645],[14.43126,50.73652],[14.42821,50.73734],[14.42658,50.73812],[14.42235,50.73972],[14.41693,50.74144],[14.41838,50.74409],[14.41907,50.74553],[14.41912,50.74587],[14.4189,50.74688],[14.41856,50.74779],[14.41856,50.74828],[14.41848,50.74844],[14.4223,50.74994],[14.42204,50.75083],[14.42201,50.75135],[14.4224,50.75316],[14.4227,50.75351],[14.42337,50.7536],[14.4234,50.75375],[14.42388,50.75396],[14.42403,50.75447],[14.42488,50.75482],[14.42448,50.75554],[14.42428,50.75606],[14.42568,50.75653],[14.42603,50.75771],[14.42651,50.7582],[14.42651,50.75859],[14.42673,50.75911],[14.42655,50.75927],[14.42761,50.76057],[14.42749,50.76103],[14.42724,50.7613],[14.42751,50.76212],[14.42751,50.76232],[14.4272,50.76275],[14.42702,50.7633],[14.42645,50.76435],[14.42656,50.76475],[14.42728,50.76572],[14.42769,50.76679],[14.4279,50.76681],[14.42907,50.76805],[14.43059,50.76895],[14.43126,50.76923],[14.43289,50.77073],[14.43391,50.77137],[14.43342,50.77179],[14.43286,50.77255],[14.43272,50.77286],[14.43296,50.77299],[14.43398,50.77318],[14.43862,50.77329],[14.43912,50.77316],[14.44541,50.77224],[14.44848,50.77101],[14.45068,50.77248],[14.45183,50.77299],[14.45142,50.77332],[14.45139,50.7741],[14.45165,50.77456],[14.45233,50.77509],[14.4533,50.77573],[14.45386,50.77585],[14.4552,50.77632],[14.45568,50.77666],[14.45663,50.77701],[14.45726,50.77738],[14.45773,50.77767],[14.45793,50.77789],[14.45829,50.77859],[14.45807,50.77892],[14.45796,50.77949],[14.45745,50.78017],[14.45651,50.78077],[14.45559,50.78153],[14.45406,50.78219],[14.45239,50.78334],[14.45071,50.7839],[14.45044,50.78385],[14.44943,50.78396],[14.44844,50.78431],[14.44833,50.78456],[14.44833,50.78494],[14.44877,50.78588],[14.44901,50.78681],[14.44931,50.7871],[14.44977,50.78778],[14.45111,50.78827],[14.45215,50.78851],[14.45555,50.78999],[14.45688,50.79074],[14.45742,50.79114],[14.45842,50.79201],[14.45899,50.79275],[14.45864,50.79273],[14.4578,50.79287],[14.45706,50.79303],[14.457,50.79313],[14.45666,50.79324],[14.45642,50.79314],[14.45617,50.79319],[14.45624,50.79368],[14.45591,50.79398],[14.45618,50.79412],[14.45568,50.7943],[14.45585,50.79453],[14.45532,50.79472],[14.45524,50.79484],[14.45555,50.7953],[14.45518,50.79547],[14.45443,50.79485],[14.45328,50.7942],[14.45229,50.7945],[14.4499,50.79551],[14.44896,50.7958],[14.4486,50.79603],[14.4494,50.79619],[14.45115,50.79606],[14.45114,50.79723],[14.45288,50.79698],[14.45325,50.79731],[14.45295,50.79773],[14.45298,50.79787],[14.4531,50.79805],[14.45345,50.79829],[14.4527,50.79901],[14.45203,50.79953],[14.45126,50.79999],[14.45049,50.80067],[14.45085,50.80128],[14.45094,50.8016],[14.45135,50.80217],[14.45136,50.80284],[14.45161,50.80302],[14.45139,50.80332],[14.45165,50.80379],[14.45184,50.80455],[14.45226,50.80504],[14.45391,50.80552],[14.45461,50.80511],[14.45496,50.80482],[14.45575,50.80499],[14.4561,50.80546],[14.45602,50.80568],[14.45638,50.80598],[14.4559,50.80631],[14.45537,50.80649],[14.4546,50.80671],[14.45352,50.80684],[14.4529,50.8071],[14.45237,50.807],[14.4509,50.80634],[14.45,50.80565],[14.44959,50.80555],[14.44759,50.80571],[14.4468,50.80586],[14.44721,50.80617],[14.44817,50.80643],[14.44919,50.80683],[14.4499,50.80758],[14.45007,50.80808],[14.44864,50.8078],[14.44788,50.80784],[14.44743,50.80836],[14.44706,50.80864],[14.44736,50.80904],[14.448,50.80965],[14.44813,50.80998],[14.44845,50.81025],[14.44768,50.81053],[14.44704,50.81049],[14.44378,50.81103],[14.44302,50.81125],[14.44405,50.8116],[14.44576,50.8118],[14.4479,50.81224],[14.44847,50.81279],[14.44829,50.81312],[14.44935,50.81388],[14.45016,50.81401],[14.45155,50.81388],[14.45339,50.81352],[14.45432,50.81298],[14.4551,50.81269],[14.4552,50.81167],[14.45503,50.81108],[14.45649,50.81121],[14.45757,50.81102],[14.45829,50.81012],[14.45901,50.8094],[14.45972,50.80919],[14.46031,50.80935],[14.46081,50.80987],[14.46274,50.81105],[14.46366,50.81175],[14.46413,50.81216],[14.46455,50.81272],[14.46472,50.81323],[14.46562,50.81329],[14.46627,50.81352],[14.46662,50.81377],[14.46662,50.81399],[14.46736,50.81444],[14.46986,50.81447],[14.47133,50.81459],[14.47209,50.81496],[14.47388,50.81552],[14.47467,50.81597],[14.4753,50.81618],[14.4763,50.81634],[14.4776,50.81578],[14.47783,50.81558],[14.47854,50.81543],[14.4791,50.81491],[14.4795,50.81474],[14.48103,50.8145],[14.48167,50.81478],[14.48195,50.81511],[14.48254,50.81533],[14.4833,50.81587],[14.48396,50.81614],[14.48379,50.81368],[14.48291,50.81266],[14.48307,50.81242],[14.48441,50.81113],[14.48388,50.811],[14.48397,50.81089],[14.48391,50.81081],[14.48293,50.81049],[14.48277,50.81028],[14.48282,50.81022],[14.48222,50.80981],[14.48105,50.80953],[14.47978,50.80952],[14.4798,50.80941],[14.47894,50.8089],[14.47773,50.80903],[14.47873,50.80873],[14.48053,50.80859],[14.48135,50.809],[14.48227,50.80918],[14.48305,50.80946],[14.48317,50.80965],[14.4837,50.80994],[14.48383,50.81017],[14.48429,50.81031],[14.48453,50.81021],[14.4852,50.81039],[14.48611,50.81032],[14.48667,50.81016],[14.48712,50.81012],[14.48717,50.80997],[14.48777,50.80948],[14.48829,50.8095],[14.48822,50.80964],[14.48793,50.80976],[14.48764,50.81022],[14.48848,50.81072],[14.48985,50.81112],[14.49011,50.81157],[14.49108,50.81192],[14.4922,50.81196],[14.49269,50.81176],[14.49434,50.81165],[14.49471,50.81119],[14.49541,50.81115],[14.49674,50.81059],[14.49711,50.81025],[14.49697,50.80975],[14.49702,50.80954],[14.49692,50.80933],[14.49776,50.80939],[14.49793,50.80934],[14.49783,50.80921],[14.4981,50.80904],[14.49822,50.80869],[14.49859,50.80867],[14.49868,50.80862],[14.49869,50.80844],[14.49893,50.80836],[14.49947,50.80851],[14.50059,50.8083],[14.50059,50.80816],[14.50073,50.80814],[14.50076,50.80804],[14.50097,50.80803],[14.50087,50.808],[14.50091,50.80792],[14.50125,50.80786],[14.50122,50.80777],[14.50134,50.80761],[14.50141,50.80764],[14.50162,50.80753],[14.50145,50.80748],[14.50161,50.80738],[14.50155,50.8073],[14.50161,50.80723],[14.5017,50.80727],[14.50194,50.80717],[14.5022,50.80694],[14.50217,50.80686],[14.50253,50.80681],[14.50266,50.80674],[14.50265,50.80666],[14.5029,50.80674],[14.50296,50.80686],[14.50354,50.80677],[14.50354,50.80684],[14.50384,50.80687],[14.50403,50.807],[14.50458,50.80688],[14.50453,50.80682],[14.50468,50.80676],[14.5047,50.80665],[14.50491,50.80671],[14.50509,50.80657],[14.50535,50.80665],[14.50539,50.80643],[14.50554,50.80634],[14.5056,50.80638],[14.50563,50.8063],[14.50576,50.80633],[14.50599,50.80616],[14.50632,50.80613],[14.5062,50.80599],[14.50645,50.80584],[14.50666,50.80588],[14.50669,50.8058],[14.50658,50.80579],[14.50662,50.80567],[14.5068,50.8056],[14.50669,50.8055],[14.50686,50.80547],[14.50682,50.80535],[14.50687,50.80515],[14.50702,50.80505],[14.5069,50.80493],[14.50702,50.80488],[14.50694,50.80479],[14.50699,50.80469],[14.50688,50.80461],[14.50703,50.80455],[14.50699,50.80442],[14.50719,50.80432],[14.50705,50.80421],[14.50713,50.80415],[14.50728,50.80418],[14.50724,50.80409],[14.50732,50.80405],[14.50742,50.80409],[14.50757,50.8039],[14.50747,50.80373],[14.5076,50.80371],[14.50786,50.80349],[14.50799,50.80327],[14.5079,50.80319],[14.50824,50.80314],[14.50824,50.80293],[14.50862,50.80295],[14.50875,50.80275],[14.509,50.80259],[14.50913,50.80261],[14.50907,50.80253],[14.5096,50.80222],[14.50933,50.80182],[14.50961,50.80176],[14.5097,50.80165],[14.50968,50.80148],[14.50956,50.80147],[14.50978,50.80114],[14.51041,50.80106],[14.5106,50.80094],[14.51078,50.80098],[14.51097,50.80076],[14.51093,50.80072],[14.51128,50.80055],[14.51125,50.80048],[14.51145,50.80043],[14.51144,50.80033],[14.51185,50.80013],[14.51261,50.79999],[14.5127,50.79988],[14.51414,50.79993],[14.51563,50.79986],[14.51617,50.79962],[14.51613,50.79958],[14.51672,50.79888],[14.51695,50.79875],[14.51755,50.79863],[14.51764,50.79853],[14.51878,50.7986],[14.52033,50.79896],[14.52209,50.79918],[14.52334,50.79879],[14.52447,50.79769],[14.52573,50.79624],[14.52576,50.79541],[14.52693,50.79553],[14.52857,50.7965],[14.52943,50.79685],[14.52994,50.79694],[14.53156,50.79676],[14.53413,50.79699],[14.53575,50.79699],[14.53736,50.79678],[14.54004,50.79572],[14.54043,50.79548],[14.54079,50.79499],[14.54092,50.79433],[14.54098,50.79431],[14.54243,50.7955],[14.54201,50.79571],[14.54223,50.79591],[14.54236,50.79617],[14.54241,50.79678],[14.54254,50.79702],[14.5421,50.79742],[14.54218,50.79752],[14.54274,50.79748],[14.54303,50.79728],[14.54334,50.79727],[14.54311,50.79613],[14.54363,50.79614],[14.54726,50.79698],[14.54818,50.79689],[14.54901,50.79694],[14.54933,50.79704],[14.54966,50.79728],[14.55063,50.79734],[14.55256,50.79795],[14.55307,50.7983],[14.55333,50.79862],[14.55384,50.79892],[14.5554,50.79863],[14.5559,50.79869],[14.55618,50.79864],[14.55718,50.79891],[14.55755,50.79933],[14.55796,50.79937],[14.55871,50.79976],[14.55919,50.79977],[14.55983,50.7999],[14.56005,50.79982],[14.56081,50.79989],[14.56073,50.80004],[14.56081,50.80036],[14.56133,50.80082],[14.56126,50.80105],[14.56241,50.80355],[14.56254,50.80406],[14.56263,50.80527],[14.56273,50.80574],[14.56341,50.80655],[14.56351,50.8073],[14.56344,50.80782],[14.56292,50.80825],[14.56205,50.80921],[14.56184,50.80974],[14.56107,50.81109],[14.56046,50.81149],[14.56048,50.81255],[14.55961,50.81345],[14.55949,50.81389],[14.55958,50.81439],[14.56012,50.8149],[14.56076,50.8154],[14.56208,50.81578],[14.56255,50.81643],[14.56328,50.81696],[14.56334,50.81753],[14.56365,50.81803],[14.56377,50.8186],[14.56414,50.81917],[14.56431,50.81994],[14.56475,50.82123],[14.56455,50.82179],[14.56401,50.82223],[14.56319,50.82309],[14.56342,50.82364],[14.56378,50.82416],[14.56403,50.82487],[14.56332,50.82614],[14.56358,50.82636],[14.56356,50.82646],[14.56371,50.82653],[14.56386,50.82643],[14.56397,50.82647],[14.56421,50.82689],[14.56416,50.82696],[14.56487,50.82703],[14.56528,50.82696],[14.56604,50.82718],[14.56656,50.8272],[14.5667,50.82756],[14.56646,50.82782],[14.5665,50.828],[14.56702,50.82817],[14.56707,50.82828],[14.56792,50.82861],[14.5685,50.82844],[14.56922,50.82856],[14.57043,50.82911],[14.57059,50.82941],[14.57028,50.82996],[14.56966,50.83032],[14.56948,50.83054],[14.56883,50.83182],[14.56876,50.83182],[14.56889,50.83196],[14.56877,50.83209],[14.56889,50.8322],[14.56873,50.83237],[14.56888,50.83252],[14.56868,50.83256],[14.56862,50.83266],[14.56867,50.83285],[14.56861,50.83308],[14.56842,50.83304],[14.56835,50.8331],[14.56849,50.83319],[14.5683,50.83325],[14.56838,50.8334],[14.56829,50.83335],[14.5681,50.83341],[14.56824,50.83354],[14.56792,50.83358],[14.56794,50.83368],[14.5678,50.83377],[14.56797,50.83394],[14.56766,50.83402],[14.56784,50.83416],[14.56745,50.83453],[14.56749,50.83474],[14.56766,50.83483],[14.56795,50.83522],[14.56795,50.83535],[14.56773,50.83537],[14.5676,50.83555],[14.56727,50.8356],[14.56736,50.83566],[14.5669,50.83589],[14.56696,50.83594],[14.5669,50.83602],[14.56701,50.83603],[14.56691,50.8361],[14.56699,50.83615],[14.56682,50.83629],[14.56682,50.83647],[14.56697,50.83661],[14.56684,50.8367],[14.56702,50.83683],[14.56688,50.83693],[14.56685,50.83715],[14.56694,50.83726],[14.56696,50.83736],[14.56687,50.83741],[14.567,50.8378],[14.56773,50.83845],[14.56813,50.83868],[14.56994,50.83908],[14.57106,50.83898],[14.57333,50.83923],[14.57542,50.83922],[14.58026,50.83867],[14.58149,50.83878],[14.58444,50.83844],[14.58617,50.83807],[14.58738,50.83809],[14.58794,50.83818],[14.58856,50.83805],[14.5896,50.83809],[14.59062,50.83793],[14.59213,50.83787],[14.59321,50.83898],[14.59433,50.83928],[14.59471,50.8395],[14.59666,50.84025],[14.59899,50.84088],[14.59981,50.84101],[14.60319,50.84109],[14.60405,50.84125],[14.60446,50.84144],[14.60514,50.8416],[14.60565,50.84199],[14.60666,50.84259],[14.60844,50.84337],[14.60892,50.84453],[14.60934,50.84525],[14.60992,50.84686],[14.61133,50.84829],[14.61225,50.84949],[14.61392,50.8512],[14.61428,50.85185],[14.61485,50.85241],[14.61484,50.85299],[14.61534,50.85354],[14.61655,50.85456],[14.61696,50.85507],[14.61746,50.85613],[14.61903,50.85783],[14.61951,50.85867],[14.61974,50.85891],[14.62017,50.8596],[14.6202,50.86039],[14.61989,50.86103],[14.61951,50.86259],[14.61919,50.86318],[14.61903,50.86366],[14.61904,50.86445],[14.61932,50.86506],[14.62027,50.86575],[14.62243,50.86691],[14.62356,50.86773],[14.62419,50.86838],[14.62435,50.86864],[14.62463,50.86962],[14.6247,50.87098],[14.62478,50.87125],[14.62523,50.87195],[14.62544,50.87263],[14.62583,50.87298],[14.62618,50.87385],[14.62676,50.87476],[14.62698,50.87497],[14.62764,50.87649],[14.62861,50.87778],[14.62911,50.87959],[14.6294,50.88022],[14.63025,50.88127],[14.63067,50.88166],[14.63059,50.88184],[14.63122,50.88237],[14.63279,50.88337],[14.63256,50.88365],[14.63261,50.88456],[14.63325,50.88567],[14.63347,50.88621],[14.63362,50.88703],[14.63449,50.88859],[14.63476,50.8894],[14.63497,50.89089],[14.63505,50.89302],[14.63519,50.89405],[14.63554,50.89509],[14.63595,50.89597],[14.63629,50.89709],[14.63679,50.89791],[14.63737,50.89855],[14.63886,50.89981],[14.63963,50.90005],[14.64097,50.90086],[14.64441,50.90253],[14.64729,50.90407],[14.64824,50.90436],[14.65229,50.90522],[14.65295,50.90549],[14.65294,50.90613],[14.65241,50.90744],[14.65235,50.90821],[14.65248,50.9091],[14.65173,50.91223],[14.65173,50.91308],[14.65197,50.91468],[14.65211,50.91724],[14.65209,50.91761],[14.65193,50.91789],[14.6524,50.92598],[14.65201,50.92673],[14.65107,50.92781],[14.6507,50.92875],[14.65069,50.9298],[14.65032,50.93159],[14.6449,50.93166],[14.64417,50.93154],[14.6396,50.93031],[14.63833,50.92987],[14.63629,50.92884],[14.63404,50.92788],[14.63196,50.92709],[14.63009,50.92657],[14.62829,50.92556],[14.62556,50.92543],[14.62223,50.92559],[14.62088,50.92577],[14.61904,50.92559],[14.6172,50.92564],[14.61635,50.92483],[14.61423,50.92358],[14.61294,50.92261],[14.61237,50.92239],[14.61218,50.92243],[14.61082,50.92222],[14.60934,50.92189],[14.60757,50.92132],[14.60731,50.92129],[14.60689,50.92138],[14.60569,50.92104],[14.60565,50.92114],[14.60536,50.92119],[14.60457,50.92111],[14.60415,50.92122],[14.60327,50.92121],[14.60167,50.92087],[14.59911,50.91974],[14.59469,50.91715],[14.59415,50.91697],[14.5935,50.91642],[14.5916,50.91735],[14.59167,50.91726],[14.59161,50.91713],[14.59142,50.9172],[14.59138,50.91711],[14.59104,50.91703],[14.59084,50.91707],[14.59095,50.91715],[14.59081,50.91724],[14.59073,50.91714],[14.59041,50.91715],[14.59039,50.91704],[14.59015,50.91693],[14.58989,50.91694],[14.58959,50.9171],[14.58951,50.91697],[14.58939,50.91699],[14.58931,50.9169],[14.5891,50.91692],[14.58906,50.91701],[14.58885,50.91695],[14.58834,50.91648],[14.58823,50.91652],[14.58824,50.91642],[14.58783,50.91646],[14.58767,50.9164],[14.58741,50.91617],[14.5874,50.91604],[14.58687,50.91613],[14.58666,50.91601],[14.58602,50.91595],[14.58607,50.91575],[14.58618,50.91568],[14.58592,50.9156],[14.58585,50.91568],[14.58583,50.91559],[14.58568,50.91563],[14.5856,50.91557],[14.58556,50.91568],[14.58534,50.91562],[14.58516,50.9157],[14.585,50.91554],[14.58509,50.91551],[14.58504,50.91543],[14.58496,50.91549],[14.58489,50.91541],[14.58451,50.91542],[14.58444,50.91527],[14.58434,50.91528],[14.58435,50.91514],[14.58421,50.91515],[14.58426,50.91498],[14.58313,50.91445],[14.5832,50.91422],[14.58233,50.91382],[14.58232,50.91369],[14.58206,50.91362],[14.58171,50.91386],[14.58162,50.91376],[14.58123,50.91373],[14.58215,50.91468],[14.58074,50.9148],[14.57992,50.91504],[14.578,50.91601],[14.5778,50.91591],[14.57696,50.91606],[14.57493,50.91667],[14.5738,50.91685],[14.57246,50.9172],[14.57152,50.91728],[14.57031,50.91749],[14.56852,50.91795],[14.56758,50.91797],[14.56591,50.91823],[14.56548,50.91821],[14.56506,50.9183],[14.56448,50.91864],[14.56379,50.91956],[14.56354,50.92043],[14.56346,50.92116],[14.56311,50.92146],[14.56279,50.92207],[14.56217,50.92387],[14.5616,50.92452],[14.56063,50.92515],[14.56074,50.92531],[14.5613,50.92582],[14.56362,50.9275],[14.56588,50.92957],[14.56639,50.93021],[14.56712,50.93159],[14.56752,50.93296],[14.56775,50.93341],[14.57212,50.93759],[14.57297,50.93812],[14.5772,50.93964],[14.57834,50.94064],[14.57981,50.94152],[14.58027,50.94194],[14.58043,50.94197],[14.5808,50.94184],[14.58132,50.94204],[14.58149,50.94229],[14.58188,50.94247],[14.58185,50.94261],[14.58199,50.94278],[14.58197,50.94289],[14.58208,50.94292],[14.58209,50.94308],[14.58201,50.94322],[14.5822,50.94343],[14.58202,50.94365],[14.58203,50.94388],[14.58225,50.944],[14.58237,50.94398],[14.58239,50.94417],[14.58259,50.94425],[14.58255,50.9443],[14.58274,50.94432],[14.58282,50.94445],[14.58284,50.94474],[14.58276,50.94482],[14.58297,50.94497],[14.58299,50.9451],[14.58322,50.9451],[14.58341,50.94519],[14.58335,50.94535],[14.58353,50.94551],[14.58348,50.94575],[14.58356,50.94577],[14.58355,50.94586],[14.58376,50.94588],[14.58374,50.94597],[14.58384,50.94608],[14.58374,50.94618],[14.58367,50.94615],[14.58365,50.94635],[14.58396,50.94644],[14.58398,50.94665],[14.58389,50.94671],[14.58406,50.94687],[14.58395,50.94693],[14.58402,50.94696],[14.58402,50.9471],[14.58411,50.94711],[14.58395,50.94732],[14.58402,50.94743],[14.58397,50.94752],[14.58415,50.94751],[14.58413,50.94758],[14.5846,50.94826],[14.58471,50.94855],[14.58537,50.94911],[14.5855,50.94933],[14.58551,50.94944],[14.58535,50.94965],[14.5854,50.94993],[14.58521,50.95037],[14.58545,50.95174],[14.58654,50.9531],[14.58759,50.95378],[14.58894,50.95507],[14.59037,50.95681],[14.59271,50.95943],[14.59398,50.96107],[14.59518,50.96206],[14.59628,50.9628],[14.59586,50.9636],[14.59453,50.96508],[14.5937,50.96633],[14.59229,50.96681],[14.59348,50.96728],[14.59629,50.96862],[14.59678,50.96893],[14.59696,50.96919],[14.59734,50.96995],[14.59721,50.97081],[14.59711,50.97284],[14.59714,50.97386],[14.59724,50.97432],[14.59817,50.97639],[14.59889,50.97727],[14.60033,50.97875],[14.60077,50.97948],[14.60077,50.97959],[14.59867,50.98039],[14.59854,50.9808],[14.59853,50.98183],[14.59861,50.98252],[14.59884,50.98352],[14.59909,50.98391],[14.5992,50.9845],[14.59932,50.98642],[14.5992,50.98724],[14.59862,50.98713],[14.59769,50.98723],[14.59631,50.98696],[14.59337,50.98783],[14.58835,50.9904],[14.58681,50.99085],[14.58493,50.9921],[14.58162,50.99363],[14.58119,50.99408],[14.58096,50.99473],[14.58096,50.99587],[14.57998,50.99752],[14.57985,50.9975],[14.57919,50.99991],[14.57886,51.00043],[14.57524,51.00177],[14.57361,51.00254],[14.57247,51.00287],[14.57179,51.00338],[14.5714,51.00322],[14.57101,51.00341],[14.57134,51.00378],[14.57107,51.00385],[14.57075,51.00381],[14.57051,51.00421],[14.57031,51.00435],[14.56958,51.00436],[14.5693,51.0043],[14.56846,51.00463],[14.56863,51.00502],[14.56802,51.00539],[14.56785,51.00567],[14.56756,51.00584],[14.56732,51.00588],[14.56715,51.00573],[14.56652,51.00621],[14.5676,51.00747],[14.56762,51.00763],[14.56754,51.00775],[14.5671,51.00805],[14.56615,51.00929],[14.56468,51.01024],[14.56281,51.00916],[14.5615,51.00863],[14.56086,51.00816],[14.56059,51.00785],[14.56058,51.00752],[14.56108,51.00702],[14.56028,51.00714],[14.56009,51.00722],[14.5601,51.0073],[14.55891,51.00722],[14.55708,51.00732],[14.55576,51.00729],[14.55509,51.00716],[14.55316,51.00635],[14.55239,51.00611],[14.54974,51.00543],[14.5479,51.00557],[14.54554,51.00518],[14.54268,51.00492],[14.53894,51.00412],[14.53488,51.00381],[14.53417,51.00447],[14.53342,51.0049],[14.533,51.00556],[14.53272,51.00583],[14.53375,51.00657],[14.53477,51.00708],[14.53523,51.00754],[14.53482,51.00816],[14.53481,51.00882],[14.5351,51.00894],[14.53583,51.00951],[14.53629,51.00969],[14.53959,51.01027],[14.53991,51.01049],[14.53927,51.01123],[14.53855,51.01265],[14.53726,51.01356],[14.53431,51.015],[14.5337,51.01543],[14.53231,51.01665],[14.53072,51.01725],[14.52985,51.01736],[14.5291,51.01735],[14.52858,51.01745],[14.52651,51.01822],[14.52592,51.01851],[14.52534,51.01868],[14.52437,51.01861],[14.52111,51.01928],[14.51574,51.0195],[14.51505,51.01974],[14.51374,51.02003],[14.51232,51.02026],[14.51113,51.02036],[14.50971,51.02076],[14.50722,51.02044],[14.50606,51.02047],[14.50516,51.02065],[14.5033,51.02083],[14.50212,51.02124],[14.50148,51.02124],[14.50006,51.02179],[14.49872,51.02216],[14.49983,51.02505],[14.50016,51.02568],[14.50039,51.02714],[14.50076,51.02841],[14.50095,51.02974],[14.50158,51.03179],[14.50186,51.03244],[14.50241,51.03325],[14.50431,51.03543],[14.50673,51.03993],[14.50835,51.04187],[14.50863,51.04238],[14.50873,51.04277],[14.50865,51.04323],[14.50853,51.04338],[14.50793,51.04318],[14.50744,51.04321],[14.50744,51.0435],[14.5064,51.0437],[14.5061,51.04404],[14.5055,51.04433],[14.50513,51.04443],[14.50486,51.0444],[14.50472,51.04421],[14.50447,51.04415],[14.50427,51.04424],[14.50441,51.04454],[14.50414,51.04476],[14.50359,51.04469],[14.50156,51.04615],[14.50134,51.04609],[14.50113,51.04633],[14.50076,51.04651],[14.49974,51.04666],[14.49911,51.04657],[14.49868,51.04641],[14.49803,51.046],[14.49746,51.04527],[14.49702,51.04488],[14.49667,51.04468],[14.49576,51.04436],[14.49368,51.04395],[14.49089,51.04363],[14.49111,51.04332],[14.49125,51.04331],[14.49157,51.04287],[14.4921,51.04148],[14.49429,51.03649],[14.49445,51.03584],[14.49427,51.03411],[14.49365,51.03245],[14.49356,51.03199],[14.49352,51.03095],[14.49331,51.03061],[14.49303,51.02958],[14.49312,51.02924],[14.49374,51.02813],[14.49376,51.0275],[14.49372,51.02716],[14.4934,51.0264],[14.49329,51.02542],[14.49284,51.02348],[14.49204,51.0235],[14.49069,51.02369],[14.49,51.0236],[14.48809,51.02371],[14.48703,51.02359],[14.48602,51.02366],[14.4847,51.02384],[14.48401,51.02402],[14.48291,51.02449],[14.48111,51.02475],[14.47989,51.02475],[14.47802,51.025],[14.47454,51.02561],[14.47452,51.02591],[14.47483,51.02684],[14.47514,51.02871],[14.4755,51.0296],[14.47434,51.02967],[14.47268,51.03018],[14.47055,51.03101],[14.47018,51.03139],[14.46958,51.03181],[14.46923,51.0324],[14.46912,51.03275],[14.46789,51.03387],[14.46754,51.03405],[14.46581,51.03542],[14.4651,51.03531],[14.46386,51.0354],[14.46353,51.03555],[14.46262,51.03547],[14.46124,51.03567],[14.46065,51.03515],[14.45985,51.03514],[14.4595,51.03516],[14.45884,51.03548],[14.4579,51.03562],[14.45564,51.03559],[14.45485,51.03573],[14.45396,51.03602],[14.4522,51.03556],[14.45178,51.03522],[14.45092,51.03496],[14.45034,51.03491],[14.45,51.03472],[14.4496,51.03467],[14.44946,51.03447],[14.44898,51.03413],[14.44905,51.03403],[14.4481,51.0337],[14.44429,51.03186],[14.44168,51.0298],[14.43951,51.02859],[14.43814,51.02803],[14.43637,51.02758],[14.43529,51.0271],[14.43459,51.02666],[14.43368,51.0259],[14.43298,51.02552],[14.43251,51.02537],[14.43171,51.02475],[14.43162,51.02447],[14.43169,51.02406],[14.43215,51.02348],[14.4318,51.02352],[14.42997,51.02299],[14.42725,51.02247],[14.42627,51.02196],[14.42591,51.02163],[14.42514,51.02116],[14.42414,51.02074],[14.42287,51.02007],[14.41996,51.01913],[14.41752,51.01911],[14.41516,51.01888],[14.41345,51.01884],[14.40869,51.01886],[14.40804,51.01951],[14.40664,51.02017],[14.40533,51.02101],[14.40087,51.02215],[14.39614,51.02238],[14.39351,51.02343],[14.39204,51.02384],[14.39086,51.0239],[14.39008,51.02415],[14.38931,51.02467],[14.38755,51.02558],[14.38706,51.02609],[14.38618,51.02673],[14.3849,51.02706],[14.38439,51.02787],[14.38334,51.02846],[14.38332,51.02883],[14.38353,51.02907],[14.38368,51.02946],[14.38322,51.0309],[14.38316,51.0325],[14.3832,51.03275],[14.3834,51.03312],[14.38362,51.03335],[14.38358,51.03426],[14.38364,51.03485],[14.38344,51.0354],[14.38312,51.03694],[14.38273,51.0376],[14.38281,51.03861],[14.38228,51.03872],[14.37747,51.03916],[14.37639,51.03934],[14.37572,51.03927],[14.37416,51.0387],[14.37388,51.03898],[14.37367,51.03938],[14.37213,51.04035],[14.37081,51.04151],[14.37015,51.04194],[14.36942,51.04225],[14.36692,51.04297],[14.3661,51.04329],[14.36518,51.04396],[14.3621,51.0454],[14.35992,51.0444],[14.35794,51.04365],[14.35671,51.04328],[14.35556,51.04314],[14.35382,51.04338],[14.35126,51.04294],[14.34848,51.0416],[14.34738,51.0414],[14.34696,51.04153],[14.34624,51.04059],[14.34575,51.03976],[14.34559,51.03969],[14.34526,51.0391],[14.34351,51.03899],[14.34097,51.03858],[14.34027,51.03857],[14.33976,51.03861],[14.33946,51.03872],[14.33951,51.03877],[14.33706,51.03907],[14.3354,51.03969],[14.33515,51.03971],[14.33454,51.04014],[14.33368,51.04091],[14.33372,51.04093],[14.33323,51.04142],[14.33252,51.04233],[14.33119,51.04336],[14.3308,51.04446],[14.32996,51.04535],[14.32907,51.04579],[14.32818,51.04646],[14.32708,51.04709],[14.32723,51.04767],[14.32722,51.04834],[14.32709,51.04855],[14.32704,51.04896],[14.3268,51.04942],[14.3246,51.0505],[14.32428,51.05085],[14.32381,51.05116],[14.32284,51.05114],[14.3228,51.05133],[14.3227,51.05137],[14.32272,51.05148],[14.32244,51.05188],[14.32188,51.05199],[14.3216,51.05221],[14.32129,51.05218],[14.32104,51.05228],[14.32102,51.05241],[14.32082,51.05264],[14.32044,51.05276],[14.32022,51.05302],[14.31956,51.05317],[14.31944,51.05323],[14.31941,51.05339],[14.31914,51.05341],[14.31906,51.05353],[14.319,51.05346],[14.3188,51.05354],[14.31875,51.05362],[14.31884,51.05373],[14.31864,51.05375],[14.31845,51.05391],[14.31843,51.054],[14.31853,51.05409],[14.31846,51.05431],[14.31832,51.05441],[14.31832,51.0546],[14.3179,51.05493],[14.3175,51.055],[14.31747,51.0551],[14.31754,51.05516],[14.31746,51.05522],[14.31728,51.05525],[14.31715,51.05541],[14.31616,51.05573],[14.31571,51.05578],[14.31493,51.05574],[14.31334,51.0555],[14.31178,51.05555],[14.31051,51.05548],[14.30792,51.05494],[14.30571,51.05516],[14.30419,51.05506],[14.30222,51.05517],[14.30184,51.05508],[14.30092,51.05417],[14.29977,51.05336],[14.29884,51.0524],[14.2985,51.05223],[14.2977,51.05155],[14.29679,51.0512],[14.29617,51.05025],[14.29598,51.04979],[14.29603,51.04896],[14.29529,51.04796],[14.29424,51.04736],[14.29313,51.04699],[14.29233,51.04662]]]}}]}