{"type":"FeatureCollection","features":[{"type":"Feature","properties":{"cislo":"D7","trida":"D2","vetev":1},"geometry":{"type":"MultiLineString","coordinates":[[[13.4353,50.42179],[13.43554,50.42149],[13.43552,50.42113]],[[13.43552,50.42113],[13.43588,50.42132],[13.43641,50.42133]],[[13.43552,50.42113],[13.43546,50.42092],[13.43549,50.42081],[13.43568,50.42061],[13.43762,50.41973]],[[13.44057,50.42031],[13.44064,50.42054],[13.44052,50.42079],[13.4402,50.421],[13.43935,50.42136]],[[13.44057,50.42031],[13.44024,50.42012],[13.43969,50.42011]],[[13.4409,50.41962],[13.44055,50.41998],[13.44057,50.42031]],[[13.49801,50.4088],[13.49749,50.40858],[13.49671,50.40862]],[[13.49801,50.4088],[13.49841,50.40918]],[[13.4984,50.40797],[13.498,50.40833],[13.49794,50.40851],[13.49801,50.4088]],[[13.50385,50.40579],[13.50423,50.40544],[13.50421,50.40504]],[[13.50421,50.40504],[13.50405,50.40483]],[[13.50421,50.40504],[13.50463,50.40523],[13.50529,50.40523]],[[13.55201,50.38467],[13.55256,50.38438],[13.55265,50.3842],[13.55263,50.38397]],[[13.55263,50.38397],[13.55306,50.38425],[13.55375,50.38428]],[[13.55263,50.38397],[13.55226,50.38329],[13.55224,50.38308],[13.55249,50.38284],[13.55307,50.38275]],[[13.55557,50.38451],[13.55514,50.38425],[13.55453,50.38421]],[[13.55557,50.38451],[13.55598,50.38535],[13.55585,50.38559],[13.55546,50.38574]],[[13.55623,50.38382],[13.55567,50.38412],[13.55557,50.38428],[13.55557,50.38451]],[[13.62713,50.37068],[13.6262,50.37031],[13.62509,50.37026]],[[13.62703,50.3689],[13.62784,50.36857],[13.62824,50.36856],[13.62851,50.36865]],[[13.62844,50.37048],[13.62809,50.37069],[13.62778,50.37078],[13.62748,50.37079],[13.62713,50.37068]],[[13.62745,50.3698],[13.62709,50.37],[13.62691,50.37024],[13.62695,50.37049],[13.62713,50.37068]],[[13.62795,50.3696],[13.62848,50.3694],[13.62874,50.36918],[13.62877,50.36894],[13.62851,50.36865]],[[13.62851,50.36865],[13.62903,50.3689],[13.62953,50.36905],[13.62994,50.3691],[13.63082,50.36904]],[[13.67768,50.36362],[13.67882,50.36351],[13.67926,50.3633],[13.6796,50.36303]],[[13.6796,50.36303],[13.67952,50.36331],[13.67963,50.36351],[13.67983,50.36364],[13.68048,50.3638]],[[13.6796,50.36303],[13.68006,50.36282],[13.68076,50.36289]],[[13.68156,50.36471],[13.68112,50.3649],[13.68048,50.36489]],[[13.68156,50.36471],[13.68162,50.3645],[13.68156,50.36427],[13.68137,50.36413],[13.68076,50.36394]],[[13.68309,50.36434],[13.6822,50.36442],[13.68156,50.36471]],[[13.76621,50.34975],[13.77056,50.34902]],[[13.77197,50.35036],[13.77158,50.35023],[13.76785,50.34982]],[[13.77107,50.34897],[13.77397,50.34923],[13.77541,50.3493]],[[13.77571,50.34938],[13.77239,50.35026]],[[13.82663,50.34099],[13.82645,50.34128],[13.82656,50.34081],[13.82651,50.34056],[13.82634,50.34028],[13.82592,50.33997],[13.82532,50.33976],[13.82419,50.33972]],[[13.82962,50.33757],[13.82903,50.33753],[13.8284,50.33763],[13.8278,50.33788],[13.82731,50.33821],[13.82713,50.33857],[13.82681,50.34051],[13.82663,50.34099]],[[13.82983,50.33879],[13.82869,50.33922],[13.82776,50.33974],[13.82718,50.34027],[13.82663,50.34099]],[[13.82962,50.33757],[13.83108,50.33793],[13.83209,50.33786]],[[13.82976,50.33868],[13.83027,50.33829],[13.83035,50.33803],[13.83027,50.33788],[13.83007,50.33773],[13.82962,50.33757]],[[13.90378,50.2989],[13.90405,50.29845],[13.90401,50.29786]],[[13.90401,50.29786],[13.90424,50.29805],[13.90449,50.29814],[13.90522,50.2981]],[[13.90401,50.29786],[13.90403,50.29757],[13.90428,50.29734]],[[13.90777,50.29826],[13.90713,50.29832],[13.90583,50.29826],[13.90471,50.29855]],[[13.90674,50.29738],[13.90656,50.29777],[13.90656,50.29791],[13.90668,50.29809],[13.90688,50.2982],[13.90723,50.29826],[13.90743,50.29822],[13.90755,50.29811]]]}},{"type":"Feature","properties":{"cislo":"D8     2","trida":"D1","vetev":0},"geometry":{"type":"MultiLineString","coordinates":[[[13.8985,50.78307],[13.90129,50.78177],[13.90405,50.7808],[13.9064,50.78017],[13.90959,50.77957],[13.9128,50.77916],[13.91556,50.77892],[13.92496,50.77835],[13.92997,50.77794],[13.93517,50.77725],[13.93984,50.77635],[13.94326,50.77551],[13.94711,50.77436],[13.94938,50.77357],[13.95592,50.77108],[13.95789,50.77046],[13.96242,50.76922],[13.96491,50.76828]],[[13.99948,50.72243],[13.99699,50.72077],[13.99548,50.71993],[13.99399,50.71919],[13.99124,50.71799],[13.98738,50.71655],[13.98277,50.71517],[13.97885,50.71423],[13.97608,50.71368],[13.96893,50.71249],[13.96547,50.71178],[13.96344,50.71119],[13.96241,50.71079],[13.96056,50.70994],[13.95947,50.70927],[13.95837,50.70837],[13.95758,50.70749],[13.95685,50.7064],[13.95648,50.70553],[13.95627,50.70477],[13.95616,50.70373],[13.95618,50.70265],[13.95644,50.69955],[13.95638,50.69858],[13.95624,50.69783],[13.95604,50.69719],[13.95557,50.69625],[13.95358,50.69361],[13.95288,50.69234],[13.95258,50.69138],[13.95248,50.69068],[13.95249,50.68981],[13.95265,50.68892]],[[13.9535,50.68709],[13.9546,50.68579],[13.95738,50.68333],[13.95869,50.68198],[13.95958,50.68075],[13.9612,50.6779],[13.96168,50.67715],[13.96249,50.67613],[13.96339,50.67525],[13.96448,50.67441],[13.96583,50.67357],[13.96733,50.67278],[13.97127,50.67092],[13.97325,50.66983]],[[13.96108,50.60948],[13.96088,50.60868],[13.96083,50.60793],[13.96087,50.60745],[13.96106,50.60665],[13.96147,50.60563],[13.96193,50.60489],[13.96245,50.60422],[13.96361,50.60306],[13.96445,50.60239],[13.96895,50.59953],[13.97073,50.59805],[13.97219,50.59642],[13.97413,50.59342],[13.97487,50.59246],[13.97627,50.59108],[13.97786,50.58989],[13.97902,50.58924],[13.98106,50.58831],[13.98292,50.58766],[13.98482,50.58719],[13.98778,50.58674],[13.99225,50.58653],[13.99552,50.58627],[13.99825,50.58579],[13.99958,50.58547],[14.00216,50.58467],[14.00621,50.5832],[14.01267,50.58102],[14.0147,50.58025],[14.0165,50.57925],[14.01789,50.57825],[14.01887,50.57728],[14.01952,50.5764],[14.01987,50.5758],[14.02019,50.57507],[14.02046,50.57418],[14.02056,50.57266],[14.02049,50.57166],[14.02025,50.57038],[14.01983,50.56895],[14.0193,50.5677],[14.01846,50.56618],[14.01607,50.5624],[14.0151,50.56061],[14.01443,50.55901],[14.01218,50.55254],[14.01141,50.55101],[14.01024,50.54946],[14.00934,50.5486],[14.00767,50.54734],[14.00645,50.54664],[14.00364,50.54524],[14.00255,50.54461],[14.00123,50.5437],[14.00054,50.54315],[13.99915,50.54172],[13.99885,50.54132],[13.99807,50.5401],[13.99767,50.53926],[13.99729,50.5383],[13.99696,50.53692],[13.99681,50.53574],[13.99681,50.53403],[13.9971,50.53244],[13.99761,50.53085],[13.9982,50.52964],[13.99886,50.52847]],[[13.993,50.6457],[13.99209,50.63423],[13.99179,50.63137],[13.99137,50.62992],[13.99101,50.62901],[13.99019,50.62762],[13.98945,50.62668],[13.98853,50.62579],[13.98762,50.62509],[13.98682,50.62458],[13.98538,50.62382],[13.98374,50.62318],[13.97947,50.62199],[13.97839,50.62164],[13.97693,50.62105],[13.97588,50.62054],[13.97473,50.61989],[13.97375,50.61921],[13.97082,50.61676],[13.96977,50.61604],[13.96831,50.61526],[13.96563,50.61406]],[[13.9667,50.76739],[13.96842,50.76628],[13.96921,50.76566],[13.97022,50.76472],[13.97078,50.76412],[13.97142,50.76323],[13.97343,50.75969],[13.97449,50.75828],[13.97515,50.75759],[13.97614,50.75674],[13.97801,50.75552],[13.97996,50.75459],[13.98115,50.75415],[13.98299,50.75359],[13.98418,50.7533],[13.99397,50.75125],[13.99766,50.75026],[14.00107,50.74914],[14.00263,50.7485],[14.00456,50.74747],[14.00607,50.74628],[14.00658,50.74579],[14.00728,50.74499],[14.00798,50.74404],[14.00839,50.74324],[14.00874,50.74211],[14.00886,50.74131],[14.00889,50.74049],[14.00882,50.73948],[14.00852,50.73775],[14.00814,50.73628],[14.0075,50.73425],[14.00681,50.73248],[14.00607,50.73085],[14.00503,50.72886],[14.00394,50.72711],[14.00317,50.72605],[14.00125,50.72394]],[[13.97589,50.66787],[13.97669,50.66708],[13.97739,50.66627],[13.9784,50.66479],[13.979,50.66358],[13.98035,50.65997],[13.98085,50.65901],[13.98152,50.65807],[13.98237,50.65718],[13.98347,50.65627],[13.98492,50.65531],[13.98903,50.65289],[13.99029,50.65199],[13.99094,50.65142],[13.9918,50.65047],[13.99241,50.64953],[13.99282,50.64857],[13.99305,50.64739]],[[14.00101,50.52597],[14.00207,50.52502],[14.00296,50.52435],[14.00536,50.52281],[14.02425,50.5128],[14.02877,50.51061],[14.03025,50.51001],[14.03257,50.50914],[14.03515,50.50829],[14.03772,50.50757]],[[14.04098,50.50675],[14.05588,50.50297],[14.05872,50.50211],[14.0613,50.50115],[14.06321,50.5003],[14.06472,50.49955],[14.0666,50.49848],[14.0677,50.49778],[14.06899,50.49687],[14.07021,50.4959],[14.07108,50.49513],[14.07248,50.49375]],[[14.07391,50.49203],[14.07749,50.48682],[14.07894,50.48493],[14.08085,50.48275],[14.0836,50.48021],[14.0862,50.47811],[14.08949,50.47591],[14.09146,50.47474],[14.09336,50.47371],[14.10035,50.47023],[14.10191,50.46929],[14.10354,50.46813],[14.1047,50.46717],[14.10618,50.46571],[14.10743,50.46418],[14.11065,50.45972],[14.11222,50.4579],[14.114,50.45614],[14.11563,50.45471],[14.11811,50.45283],[14.1212,50.45085],[14.12308,50.4498],[14.12643,50.44818],[14.12897,50.44712],[14.1309,50.44642],[14.1351,50.44511],[14.13892,50.44417],[14.14205,50.44356],[14.14484,50.44314],[14.16715,50.44023],[14.17045,50.43972],[14.17247,50.43934]],[[14.17553,50.43865],[14.17954,50.43753],[14.18297,50.43636],[14.18669,50.43485],[14.18981,50.43334],[14.19357,50.43121],[14.19711,50.42898],[14.20111,50.42618],[14.20449,50.42354],[14.20783,50.42064],[14.20992,50.41865],[14.21246,50.416],[14.21465,50.41346],[14.21633,50.41132],[14.2179,50.40914],[14.21924,50.40709],[14.2224,50.40203],[14.22378,50.39999],[14.22587,50.39731],[14.22832,50.39464]],[[14.23038,50.39266],[14.23201,50.39124],[14.2339,50.38974],[14.24149,50.38417],[14.24394,50.38204],[14.24642,50.37944],[14.25055,50.37445],[14.25181,50.37303],[14.25359,50.37118],[14.25599,50.36896],[14.25821,50.36714],[14.25965,50.3661],[14.26598,50.36189],[14.26853,50.36001],[14.26994,50.35883],[14.27172,50.35717],[14.27328,50.35548],[14.2742,50.35435]]]}},{"type":"Feature","properties":{"cislo":"13","trida":"I","vetev":1},"geometry":{"type":"MultiLineString","coordinates":[[[13.40416,50.4635],[13.40396,50.46324],[13.40364,50.46307],[13.40325,50.46307],[13.40305,50.4632],[13.40298,50.46336],[13.40307,50.46355],[13.40371,50.46381]],[[13.40391,50.46239],[13.40412,50.46257],[13.40431,50.46296],[13.40439,50.46332],[13.40456,50.46348],[13.40475,50.46352],[13.40507,50.46345],[13.40589,50.46303]],[[13.40431,50.4638],[13.40403,50.46421],[13.4041,50.46458],[13.40421,50.46478],[13.40447,50.4649],[13.40484,50.46485],[13.40496,50.46471],[13.40493,50.46444]],[[13.40546,50.46347],[13.40493,50.46392],[13.40499,50.46416],[13.40719,50.46577]],[[13.41401,50.47279],[13.4137,50.47226],[13.41353,50.47209]],[[13.41527,50.4728],[13.41551,50.47262],[13.41565,50.47235],[13.4156,50.47215],[13.4154,50.47194],[13.41505,50.47182],[13.41361,50.47172]],[[13.41401,50.47279],[13.41436,50.47282],[13.41454,50.47263]],[[13.41445,50.47361],[13.41401,50.47279]],[[13.41527,50.4728],[13.41484,50.47317],[13.41461,50.47352]],[[13.4147,50.47264],[13.41487,50.47286],[13.41527,50.4728]],[[13.42369,50.47948],[13.42389,50.47927],[13.42357,50.479]],[[13.42362,50.47894],[13.42391,50.47899],[13.42419,50.47895],[13.42431,50.47883],[13.42426,50.47872]],[[13.42521,50.47965],[13.42369,50.47948]],[[13.42369,50.47948],[13.42166,50.479],[13.42244,50.47829],[13.42286,50.47813],[13.42332,50.47818],[13.42426,50.47872]],[[13.42426,50.47872],[13.42533,50.4796]],[[13.45455,50.49052],[13.45189,50.48928],[13.44961,50.48863],[13.44819,50.48787]],[[13.45024,50.4875],[13.44969,50.48741]],[[13.45024,50.4875],[13.44988,50.48755],[13.4498,50.48764],[13.44976,50.48787]],[[13.45014,50.48829],[13.45055,50.48818],[13.45073,50.48805],[13.45078,50.48782],[13.45061,50.48763]],[[13.45061,50.48763],[13.45024,50.4875]],[[13.45061,50.48763],[13.45094,50.48791],[13.45142,50.48853],[13.45198,50.48895]],[[13.4757,50.51194],[13.47491,50.51206],[13.47452,50.51199]],[[13.4757,50.51194],[13.47739,50.51156],[13.47752,50.51146],[13.47754,50.5113],[13.47726,50.51114]],[[13.48107,50.51134],[13.47979,50.51138],[13.4757,50.51194]],[[13.47638,50.51003],[13.47667,50.51003],[13.47714,50.51016],[13.47791,50.51068]],[[13.47742,50.51103],[13.47779,50.511],[13.47792,50.51093],[13.47796,50.51083],[13.47791,50.51068]],[[13.47791,50.51068],[13.47862,50.51104],[13.47955,50.51118]],[[13.54661,50.52365],[13.54389,50.52311],[13.54215,50.52236],[13.54015,50.52138]],[[13.54129,50.52165],[13.54461,50.52251],[13.54615,50.5234]],[[13.56975,50.52733],[13.56694,50.52645]],[[13.56707,50.52638],[13.56932,50.52657],[13.57427,50.52671],[13.5747,50.52677],[13.57508,50.5269],[13.57571,50.52671],[13.57775,50.52644],[13.57897,50.52613],[13.58012,50.52576]],[[13.57571,50.52951],[13.57527,50.52869],[13.57478,50.52823],[13.57414,50.52793],[13.57314,50.52771]],[[13.57612,50.52891],[13.57581,50.52896],[13.57559,50.52888]],[[13.57612,50.52891],[13.57588,50.52928],[13.57577,50.52968]],[[13.57798,50.52692],[13.57718,50.52758],[13.57612,50.52891]],[[13.58426,50.52377],[13.58474,50.52339],[13.58519,50.5227],[13.58521,50.52254],[13.58504,50.52238],[13.58546,50.52238],[13.58651,50.52263]],[[13.58627,50.52282],[13.58631,50.5227],[13.58651,50.52263]],[[13.58651,50.52263],[13.58909,50.5233],[13.58949,50.52345]],[[13.58895,50.52395],[13.58909,50.52375],[13.58907,50.5236],[13.58891,50.52348],[13.58845,50.52333]],[[13.58895,50.52395],[13.58866,50.52404]],[[13.59031,50.52392],[13.58961,50.52372],[13.58931,50.52377],[13.58895,50.52395]],[[13.63941,50.51968],[13.64016,50.5172]],[[13.64036,50.51701],[13.6407,50.51694],[13.64115,50.51665],[13.64153,50.51649],[13.64281,50.5164]],[[13.64277,50.51705],[13.64199,50.51751],[13.64153,50.51766],[13.64126,50.51762],[13.64043,50.51717]],[[13.64277,50.51705],[13.64278,50.51691],[13.64268,50.51681],[13.64222,50.51677]],[[13.64358,50.51624],[13.64277,50.51705]],[[13.66492,50.5076],[13.66431,50.50801],[13.66374,50.50803],[13.66343,50.50788],[13.66259,50.5071]],[[13.66441,50.50671],[13.66319,50.50676],[13.66271,50.50686]],[[13.66446,50.50711],[13.66461,50.5069],[13.66441,50.50671]],[[13.66441,50.50671],[13.66607,50.50655]],[[13.66492,50.5076],[13.6649,50.50745],[13.6648,50.50734],[13.66441,50.50727]],[[13.66611,50.50668],[13.66548,50.50709],[13.66492,50.5076]],[[13.68228,50.50105],[13.68203,50.50157],[13.68184,50.50276],[13.68168,50.50301],[13.6814,50.50323],[13.68101,50.50341],[13.68048,50.50348],[13.67879,50.50315]],[[13.679,50.50299],[13.68003,50.50269],[13.68112,50.50217],[13.6816,50.50175],[13.68198,50.50114]],[[13.68282,50.50302],[13.68212,50.5032],[13.681,50.50364],[13.68001,50.5038],[13.67947,50.50374],[13.67906,50.50359],[13.6788,50.50341],[13.67865,50.50317],[13.67866,50.50277],[13.67896,50.50242],[13.67957,50.50219],[13.68047,50.50207],[13.68118,50.50187],[13.68169,50.50152],[13.68198,50.50114]],[[13.68198,50.50114],[13.68264,50.50027],[13.68313,50.49988],[13.68266,50.50045],[13.68228,50.50105]],[[13.68228,50.50105],[13.68216,50.50176],[13.68249,50.50222],[13.68309,50.50256],[13.68461,50.50301]],[[13.70186,50.51184],[13.69944,50.51041],[13.69781,50.50877]],[[13.69797,50.50868],[13.7,50.50986],[13.70202,50.51176]],[[13.74039,50.52302],[13.74014,50.52284],[13.73995,50.52282],[13.7388,50.52319],[13.73613,50.52371]],[[13.74267,50.52194],[13.74209,50.52218],[13.74146,50.52256],[13.74094,50.52253]],[[13.74222,50.52195],[13.74251,50.52175],[13.74253,50.52151]],[[13.74253,50.52151],[13.7424,50.5212]],[[13.74253,50.52151],[13.74279,50.52168],[13.74317,50.52174]],[[13.7706,50.5462],[13.7704,50.54621],[13.77036,50.54607]],[[13.7706,50.5462],[13.77105,50.54654],[13.77025,50.54624],[13.76953,50.54565],[13.77036,50.54607]],[[13.77036,50.54607],[13.77058,50.54605],[13.77065,50.54611],[13.7706,50.5462]],[[13.78676,50.57354],[13.78731,50.57379],[13.78785,50.57379]],[[13.78687,50.57486],[13.78667,50.57508],[13.78663,50.57529],[13.78681,50.57555],[13.78717,50.5758]],[[13.78687,50.57486],[13.78713,50.57458],[13.7872,50.57443],[13.78707,50.57405]],[[13.78766,50.57498],[13.78747,50.57484],[13.78722,50.57477],[13.78687,50.57486]],[[13.78785,50.57379],[13.78765,50.57399],[13.78755,50.57419],[13.78768,50.57467]],[[13.78785,50.57379],[13.78858,50.57365]],[[13.79615,50.58573],[13.79668,50.58592],[13.79721,50.58598]],[[13.79627,50.58714],[13.79613,50.58733],[13.79611,50.58747],[13.7965,50.58845]],[[13.79627,50.58714],[13.79659,50.58665],[13.79645,50.58622]],[[13.79738,50.58725],[13.79681,50.58705],[13.79627,50.58714]],[[13.79721,50.58598],[13.79694,50.58616],[13.79688,50.58628],[13.79711,50.58674]],[[13.79721,50.58598],[13.79759,50.5859]],[[13.81011,50.60271],[13.80781,50.60173],[13.80596,50.59997]],[[13.80611,50.59993],[13.80872,50.60118],[13.81023,50.60266]],[[13.81765,50.64475],[13.81808,50.64488],[13.81844,50.64509]],[[13.82806,50.61146],[13.8281,50.61123],[13.82802,50.61106],[13.8277,50.61084],[13.82726,50.6107]],[[13.82806,50.61146],[13.82788,50.6118],[13.82792,50.61199],[13.82815,50.61215],[13.8285,50.61217]],[[13.82969,50.61119],[13.8288,50.61117],[13.82806,50.61146]],[[13.83134,50.61174],[13.83192,50.61183],[13.83231,50.61166]],[[13.8341,50.61742],[13.8337,50.61783],[13.8328,50.61796],[13.83152,50.61849]],[[13.83231,50.61166],[13.83236,50.61146],[13.83229,50.61134],[13.8319,50.61113]],[[13.83358,50.61975],[13.8326,50.6203],[13.83191,50.62093]],[[13.83231,50.61166],[13.83224,50.61203],[13.83246,50.61242]],[[13.99802,50.72226],[14.001,50.72246],[14.00233,50.72274]],[[14.00233,50.72274],[14.00248,50.72264],[14.00267,50.72264],[14.00283,50.72271],[14.00288,50.72285],[14.00275,50.72298],[14.00251,50.723],[14.00232,50.72291],[14.00233,50.72274]],[[14.20376,50.77189],[14.20231,50.77138]],[[14.20231,50.77138],[14.20206,50.77149],[14.2018,50.77148],[14.20159,50.77138],[14.20151,50.77119],[14.20165,50.77101],[14.20193,50.77093],[14.20222,50.77099],[14.20239,50.77117]],[[14.20239,50.77117],[14.20231,50.77138]],[[14.20239,50.77117],[14.20295,50.77137]],[[14.20295,50.77137],[14.20389,50.77173]],[[14.20295,50.77137],[14.20466,50.77122]],[[14.20487,50.7721],[14.20376,50.77189]],[[14.20426,50.77247],[14.20412,50.77212],[14.20376,50.77189]],[[14.20426,50.77247],[14.20563,50.77362]],[[14.20522,50.77223],[14.20475,50.77214],[14.20451,50.77216],[14.20431,50.77228],[14.20426,50.77247]],[[14.20466,50.77122],[14.20434,50.77141],[14.20433,50.77162],[14.20449,50.77178],[14.20504,50.77205]],[[14.20466,50.77122],[14.20646,50.77104],[14.20719,50.7709]],[[14.20988,50.7748],[14.20989,50.7745],[14.20979,50.77424],[14.20928,50.77386]],[[14.20988,50.7748],[14.20988,50.77493],[14.21003,50.77513],[14.21051,50.77525],[14.21277,50.77481]],[[14.21094,50.77451],[14.2103,50.77449],[14.21005,50.7746],[14.20988,50.7748]],[[14.21322,50.77469],[14.21325,50.77482],[14.2131,50.77491],[14.21291,50.77491],[14.21277,50.77481]],[[14.21277,50.77481],[14.21279,50.77471],[14.21292,50.77462],[14.21322,50.77469]],[[14.21495,50.77521],[14.21495,50.775],[14.21487,50.77485],[14.21447,50.77463],[14.21391,50.77459],[14.21322,50.77469]],[[14.21378,50.77553],[14.2145,50.77553],[14.21472,50.77544],[14.21495,50.77521]],[[14.21495,50.77521],[14.21491,50.77569],[14.21497,50.77581],[14.2152,50.776],[14.21751,50.7768]],[[14.22109,50.77768],[14.22188,50.77775],[14.22286,50.77763],[14.22322,50.77765],[14.22364,50.77787],[14.22408,50.77843],[14.22476,50.77868],[14.22311,50.7783],[14.22218,50.77795]],[[13.14502,50.38306],[13.14553,50.38361],[13.14598,50.38397],[13.14565,50.38447],[13.14557,50.38474],[13.14555,50.38509],[13.14565,50.38529],[13.14615,50.38561],[13.1465,50.38394],[13.1459,50.38356],[13.14582,50.38338],[13.14583,50.38307],[13.14571,50.38297],[13.1454,50.38293],[13.14502,50.38306]],[[13.23409,50.4032],[13.23423,50.40312],[13.23446,50.40312],[13.23459,50.4032],[13.23463,50.40332],[13.2345,50.40344],[13.23423,50.40346],[13.23407,50.40335],[13.23409,50.4032]],[[13.39448,50.45791],[13.39455,50.45781],[13.39477,50.45776],[13.39496,50.45781],[13.39504,50.45792],[13.395,50.45802],[13.39476,50.4581],[13.39455,50.45805],[13.39448,50.45791]],[[13.44165,50.48596],[13.44183,50.48586],[13.44204,50.48587],[13.44217,50.48593],[13.44224,50.48604],[13.4421,50.48622],[13.44182,50.48624],[13.44166,50.48615],[13.44165,50.48596]],[[13.62415,50.52692],[13.62398,50.52677],[13.62393,50.52653],[13.62401,50.52638],[13.62422,50.52623],[13.62457,50.52615],[13.62498,50.52621],[13.62519,50.52634],[13.62531,50.52653],[13.62524,50.52684],[13.62495,50.52702],[13.62453,50.52705],[13.62415,50.52692]],[[13.77362,50.54899],[13.77375,50.54889],[13.77389,50.54897],[13.77378,50.54906],[13.77362,50.54899]],[[13.82071,50.64615],[13.82087,50.64605],[13.82103,50.64605],[13.82115,50.64609],[13.82123,50.64621],[13.82115,50.64632],[13.82094,50.64638],[13.82076,50.64632],[13.82071,50.64615]],[[13.84604,50.65294],[13.84628,50.65293],[13.84636,50.65298],[13.84636,50.65306],[13.84624,50.65315],[13.84608,50.65314],[13.84598,50.65304],[13.84604,50.65294]],[[13.9212,50.68553],[13.9213,50.68545],[13.92151,50.68545],[13.92163,50.68551],[13.92166,50.68562],[13.92153,50.68572],[13.92131,50.68573],[13.92119,50.68565],[13.9212,50.68553]]]}},{"type":"Feature","properties":{"cislo":"27","trida":"I","vetev":1},"geometry":{"type":"MultiLineString","coordinates":[[[13.49267,50.14496],[13.49214,50.14441]],[[13.55496,50.38565],[13.55398,50.38423],[13.55363,50.38352],[13.5534,50.38289]],[[13.5534,50.38289],[13.5531,50.3828],[13.55306,50.38272],[13.55311,50.38261],[13.55334,50.38253],[13.55359,50.38261],[13.5536,50.38279],[13.5534,50.38289]],[[13.55496,50.38565],[13.55522,50.38564],[13.55538,50.38568],[13.55551,50.38581],[13.5555,50.38597],[13.55526,50.38612],[13.5549,50.38608],[13.55478,50.38599],[13.55475,50.38584],[13.55496,50.38565]],[[13.60211,50.55582],[13.60216,50.55597]],[[13.60216,50.55597],[13.60197,50.55605],[13.60176,50.55595],[13.60184,50.5558],[13.60211,50.55582]],[[13.60211,50.55582],[13.60252,50.55547],[13.60247,50.55565],[13.60216,50.55597]],[[13.60236,50.5884],[13.60247,50.58818],[13.60285,50.58813]],[[13.60481,50.58994],[13.60386,50.58977],[13.60341,50.58958],[13.60255,50.58876]],[[13.60337,50.58842],[13.60435,50.58901],[13.60509,50.5896]],[[13.60509,50.5896],[13.60569,50.59035],[13.60527,50.5901],[13.60481,50.58994]],[[13.60509,50.5896],[13.6051,50.5898],[13.60481,50.58994]],[[13.68699,50.49927],[13.68517,50.499],[13.68419,50.49919],[13.68516,50.4988]],[[13.68516,50.4988],[13.68659,50.49832],[13.68683,50.49818],[13.68695,50.49792],[13.68673,50.49758],[13.68639,50.4974],[13.68574,50.49723],[13.68653,50.49735]],[[13.68516,50.4988],[13.68626,50.49859],[13.68709,50.49852]],[[13.68653,50.49735],[13.68743,50.49756],[13.68874,50.49821],[13.68957,50.49822],[13.68813,50.49843]],[[13.68813,50.49843],[13.68805,50.49822],[13.68778,50.49795],[13.68712,50.49758],[13.68653,50.49735]],[[13.68709,50.49852],[13.68656,50.49865],[13.6864,50.49874],[13.68631,50.49888],[13.68634,50.49902],[13.68651,50.49917],[13.68699,50.49927]],[[13.68699,50.49927],[13.68731,50.49924],[13.6878,50.49903],[13.68808,50.49874],[13.68813,50.49843]],[[13.68709,50.49852],[13.68813,50.49843]],[[13.76981,50.67242],[13.769,50.67225]],[[13.53087,50.32427],[13.53092,50.32414],[13.53109,50.32408],[13.53129,50.3241],[13.53141,50.32424],[13.53136,50.32435],[13.53118,50.32442],[13.53096,50.32438],[13.53087,50.32427]],[[13.62074,50.59982],[13.6211,50.59982],[13.62118,50.59988],[13.6212,50.6],[13.62105,50.60011],[13.6208,50.60011],[13.62066,50.59999],[13.62074,50.59982]],[[13.63568,50.48715],[13.63606,50.48718],[13.63618,50.4873],[13.63619,50.48743],[13.63594,50.4876],[13.63557,50.48755],[13.63547,50.48745],[13.63547,50.48733],[13.63554,50.48721],[13.63568,50.48715]],[[13.65171,50.48572],[13.65171,50.48554],[13.65193,50.48542],[13.6522,50.48545],[13.65234,50.48552],[13.65239,50.48563],[13.65234,50.48575],[13.65218,50.48583],[13.65186,50.48581],[13.65171,50.48572]],[[13.67355,50.49273],[13.67376,50.49269],[13.67395,50.49274],[13.67413,50.49285],[13.67416,50.49295],[13.674,50.49304],[13.67374,50.493],[13.67353,50.49287],[13.67355,50.49273]]]}},{"type":"Feature","properties":{"cislo":"27    A2","trida":"I","vetev":1},"geometry":{"type":"LineString","coordinates":[[13.60188,50.58748],[13.60337,50.58842],[13.60378,50.58894],[13.60416,50.58992],[13.60443,50.59026],[13.60478,50.59048],[13.60541,50.59066]]}},{"type":"Feature","properties":{"cislo":"13    B2","trida":"I","vetev":0},"geometry":{"type":"LineString","coordinates":[[14.19984,50.77175],[14.19726,50.77218]]}},{"type":"Feature","properties":{"cislo":"62","trida":"I","vetev":1},"geometry":{"type":"MultiLineString","coordinates":[[[14.11933,50.67773],[14.11938,50.67758],[14.11933,50.67746],[14.11891,50.67727]],[[14.11891,50.67727],[14.11865,50.67728],[14.11901,50.67708],[14.11907,50.67693],[14.11904,50.67683]],[[14.11891,50.67727],[14.11926,50.67727],[14.11989,50.67731]],[[14.11904,50.67683],[14.1194,50.67709],[14.11989,50.67731]],[[14.11904,50.67683],[14.11829,50.67649],[14.11764,50.67707],[14.11753,50.6773],[14.11756,50.67752],[14.11785,50.67781],[14.11836,50.67796],[14.11893,50.67792],[14.11933,50.67773]],[[14.11989,50.67731],[14.12036,50.67738],[14.11988,50.67746],[14.11933,50.67773]],[[14.20076,50.76973],[14.20109,50.77013],[14.20198,50.77093]],[[14.20076,50.76973],[14.20119,50.77042],[14.2018,50.77095],[14.20283,50.77147],[14.20382,50.77171]],[[14.20165,50.77101],[14.20101,50.77042],[14.20076,50.76973]],[[14.08742,50.665],[14.08744,50.66486],[14.08764,50.66475],[14.08791,50.66478],[14.08804,50.66492],[14.08799,50.66505],[14.08777,50.66514],[14.08758,50.66512],[14.08742,50.665]]]}},{"type":"Feature","properties":{"cislo":"8","trida":"I","vetev":0},"geometry":{"type":"MultiLineString","coordinates":[[[13.76619,50.7266],[13.76541,50.72864],[13.76508,50.72934],[13.76426,50.73055],[13.76358,50.73133],[13.76277,50.73208],[13.76141,50.73313],[13.75761,50.73534]],[[13.79106,50.67561],[13.79125,50.67675],[13.79118,50.67724],[13.79043,50.67848],[13.78968,50.67954],[13.78877,50.68139],[13.78852,50.68174],[13.78765,50.68267],[13.78599,50.68415],[13.78568,50.68436],[13.7844,50.6848],[13.78314,50.68566],[13.7814,50.68667],[13.78022,50.68728],[13.77986,50.68757],[13.77939,50.68836],[13.77902,50.68867],[13.77604,50.68989],[13.77368,50.69127],[13.76858,50.69486],[13.76677,50.69579],[13.76601,50.69625],[13.76448,50.69734],[13.76421,50.69762],[13.76395,50.69807],[13.76214,50.70179],[13.76212,50.70217],[13.76236,50.70258],[13.76278,50.70288],[13.76314,50.703],[13.76445,50.70327],[13.76705,50.70363],[13.76738,50.70372],[13.76779,50.70395],[13.76806,50.7042],[13.76828,50.70457],[13.76842,50.70583],[13.76863,50.70641],[13.77151,50.71054],[13.77209,50.71093],[13.77259,50.71111],[13.77494,50.71156],[13.77562,50.7118],[13.77617,50.7122],[13.777,50.71306],[13.77723,50.71336],[13.77732,50.71367],[13.77729,50.71398],[13.77706,50.71456],[13.77689,50.71482],[13.77666,50.71501],[13.77315,50.71674],[13.77117,50.71804],[13.76954,50.71873],[13.76692,50.7193],[13.76353,50.72079],[13.76122,50.72157],[13.76057,50.72195],[13.75855,50.72335],[13.75723,50.72404],[13.7571,50.72421],[13.7571,50.72435],[13.75723,50.7245],[13.75747,50.72459],[13.75773,50.7246],[13.75869,50.72432],[13.76083,50.72341],[13.76134,50.72336],[13.76184,50.72342],[13.76286,50.72374],[13.76466,50.72449],[13.76508,50.72482],[13.76617,50.72619]],[[13.80427,50.65886],[13.80396,50.65902],[13.80247,50.65937],[13.80139,50.65983],[13.80095,50.6601],[13.79961,50.66144],[13.7986,50.66321],[13.79617,50.66525],[13.79519,50.66592],[13.79462,50.66643],[13.79393,50.66752],[13.79377,50.66792],[13.79373,50.66827],[13.79396,50.66949],[13.79387,50.67005],[13.79372,50.67031],[13.79245,50.67175],[13.79163,50.67294],[13.79144,50.67348],[13.79127,50.67461],[13.79105,50.67538]],[[13.81342,50.64932],[13.81249,50.6501],[13.80704,50.65519],[13.80645,50.65584],[13.80523,50.65754],[13.80443,50.65852]],[[13.86909,50.62537],[13.86666,50.62661],[13.86495,50.62727],[13.86051,50.62849],[13.85934,50.62873],[13.85824,50.62879],[13.85739,50.62873],[13.85498,50.62821],[13.85422,50.6281],[13.85325,50.62807],[13.85235,50.62814],[13.85118,50.62841],[13.84663,50.6298],[13.84402,50.6305],[13.84175,50.631],[13.83719,50.63183],[13.8362,50.63195],[13.83494,50.63198],[13.83362,50.63183],[13.83225,50.63151],[13.831,50.63107]],[[14.01291,50.51759],[14.01192,50.51784],[14.01014,50.51848],[14.00709,50.51972],[14.00431,50.5217],[14.00201,50.52314],[14.00177,50.52342],[14.00129,50.52448],[14.00096,50.52476],[13.99646,50.52683],[13.99559,50.52712],[13.9955,50.52727],[13.99563,50.52746],[13.99481,50.52776],[13.99415,50.52811],[13.98398,50.53436],[13.97864,50.53704],[13.97808,50.53739],[13.97794,50.53758],[13.97754,50.5385],[13.97739,50.53907],[13.97754,50.53936],[13.97823,50.54008],[13.97851,50.54046],[13.97864,50.54094],[13.97853,50.54139],[13.97808,50.54178],[13.96907,50.54693],[13.96835,50.54744],[13.9678,50.548],[13.96744,50.54856],[13.96721,50.54917],[13.96587,50.55507],[13.96548,50.55582],[13.9642,50.55736],[13.9638,50.55804],[13.96356,50.55873],[13.96259,50.56224],[13.96231,50.56296],[13.96202,50.56337],[13.96152,50.56382],[13.95905,50.56541],[13.9582,50.56617],[13.95782,50.56679],[13.9565,50.56957],[13.95615,50.56996],[13.95547,50.57047],[13.95484,50.57079],[13.95397,50.57107],[13.95146,50.57148],[13.94936,50.57164],[13.94886,50.57162],[13.94475,50.57101],[13.94361,50.57098],[13.94314,50.5711],[13.94087,50.57237],[13.94052,50.57244],[13.93957,50.57234],[13.93927,50.57237],[13.93902,50.57251],[13.93708,50.57455],[13.93663,50.57483],[13.93569,50.57521],[13.93514,50.57534],[13.93131,50.57549],[13.93086,50.57569],[13.92974,50.57642],[13.92877,50.57719],[13.92861,50.57751],[13.92862,50.57794],[13.92873,50.57827],[13.92933,50.57884],[13.9295,50.57911],[13.9295,50.57934],[13.9293,50.57966],[13.92331,50.58335],[13.92241,50.58382],[13.92162,50.58407],[13.91902,50.58452],[13.91784,50.58485],[13.91634,50.58547],[13.91391,50.58675],[13.91245,50.58731],[13.91107,50.5876],[13.9064,50.58827],[13.90489,50.58864],[13.90387,50.58905],[13.9029,50.58962],[13.90093,50.59133],[13.90011,50.59184],[13.89932,50.5922],[13.88935,50.59525],[13.88855,50.59542],[13.88576,50.59578],[13.88483,50.59598],[13.88393,50.5963],[13.88299,50.59685],[13.88248,50.59735],[13.88215,50.59787],[13.88199,50.59842],[13.88199,50.59895],[13.88251,50.60155],[13.88299,50.60458],[13.88356,50.60651],[13.88404,50.60972],[13.88495,50.61327],[13.88498,50.61388],[13.88486,50.61441],[13.88462,50.61487],[13.88419,50.61539],[13.88347,50.61595],[13.88292,50.61623],[13.88175,50.61662],[13.87911,50.61715],[13.87841,50.61741],[13.87782,50.61771],[13.87719,50.61817],[13.87373,50.62139]]]}},{"type":"Feature","properties":{"cislo":"7","trida":"I","vetev":0},"geometry":{"type":"MultiLineString","coordinates":[[[13.31627,50.48341],[13.31473,50.48359],[13.31297,50.48361],[13.31141,50.48348],[13.30392,50.48261],[13.30274,50.48258],[13.30176,50.48268],[13.30034,50.48306],[13.29188,50.4863],[13.2903,50.48675],[13.28894,50.48692],[13.28756,50.48693],[13.28427,50.48646],[13.28315,50.4864],[13.28198,50.48648],[13.28104,50.48667],[13.28024,50.48691],[13.27253,50.48983],[13.2716,50.49024],[13.27089,50.49067],[13.27,50.49143],[13.26939,50.49228],[13.2652,50.50163],[13.26485,50.50221],[13.26428,50.50284],[13.2636,50.5034],[13.26255,50.504],[13.25205,50.50879],[13.25092,50.50946],[13.2502,50.51012],[13.24893,50.51171],[13.24757,50.5132],[13.23301,50.52749],[13.23282,50.5278],[13.23162,50.5306],[13.2315,50.53096],[13.23147,50.53137],[13.23163,50.53199],[13.23347,50.5368],[13.23357,50.53723],[13.23351,50.53754],[13.2333,50.53792],[13.23304,50.53824],[13.23046,50.54095],[13.22772,50.54559],[13.22724,50.5463],[13.22662,50.54692],[13.22548,50.54767]],[[13.72489,50.35382],[13.72353,50.35481],[13.72225,50.35612],[13.72113,50.3575],[13.71876,50.36084],[13.71804,50.36169],[13.71714,50.36258],[13.71618,50.36334],[13.71471,50.36425],[13.71343,50.36485],[13.71186,50.36542],[13.71075,50.36571],[13.70993,50.36585],[13.70794,50.36597],[13.70615,50.36584],[13.70172,50.36502],[13.70014,50.3649],[13.69811,50.36501],[13.69171,50.36583],[13.68968,50.36581],[13.68881,50.3657],[13.68773,50.36545]],[[13.74244,50.352],[13.73786,50.3515],[13.73468,50.35135],[13.73287,50.3514],[13.73181,50.35149],[13.73067,50.35165],[13.72937,50.35192]],[[13.87299,50.31603],[13.86731,50.31924],[13.86256,50.32111],[13.8429,50.33034],[13.84155,50.33119],[13.84062,50.33193],[13.83791,50.33464],[13.83718,50.33527],[13.83608,50.336],[13.83447,50.33688],[13.83284,50.33798]],[[13.94167,50.28621],[13.94047,50.28662]]]}},{"type":"Feature","properties":{"cislo":"7     I","trida":"I","vetev":0},"geometry":{"type":"MultiLineString","coordinates":[[[13.40599,50.46292],[13.40589,50.46303]],[[13.41127,50.45993],[13.40993,50.46061],[13.40994,50.46112],[13.40983,50.46135]],[[13.42804,50.44994],[13.42586,50.45283],[13.42398,50.45499],[13.42317,50.45568]],[[13.49841,50.40918],[13.49305,50.41188],[13.47137,50.42332],[13.44491,50.43221],[13.44252,50.43318],[13.44189,50.43328],[13.44111,50.43309],[13.42839,50.44948]],[[13.55475,50.38594],[13.55444,50.38594],[13.55427,50.38585],[13.55405,50.38522],[13.55384,50.38499],[13.55339,50.38482],[13.55294,50.3848],[13.54858,50.3858],[13.54611,50.38657],[13.54565,50.38663],[13.54414,50.38658],[13.54254,50.38707],[13.54017,50.3881],[13.51129,50.40269],[13.50943,50.40342],[13.50825,50.4038],[13.50405,50.40483]]]}},{"type":"Feature","properties":{"cislo":"13     1","trida":"I","vetev":1},"geometry":{"type":"MultiLineString","coordinates":[[[13.37403,50.45375],[13.3751,50.45421],[13.376,50.45476],[13.37669,50.45536],[13.37775,50.45662]],[[13.40391,50.46239],[13.40412,50.4632],[13.40472,50.4641],[13.40563,50.46488],[13.40719,50.46577]],[[13.4147,50.47264],[13.41461,50.47352]],[[13.42362,50.47894],[13.42533,50.4796]],[[13.45014,50.48829],[13.45198,50.48895]],[[13.47742,50.51103],[13.47955,50.51118]],[[13.54129,50.52165],[13.54615,50.5234]],[[13.56707,50.52638],[13.57239,50.52749],[13.57377,50.52764],[13.57461,50.52763],[13.57588,50.52748],[13.57701,50.52718],[13.57787,50.52684],[13.58012,50.52576]],[[13.58426,50.52377],[13.58545,50.52336],[13.58668,50.52315],[13.58813,50.52318],[13.58949,50.52345]],[[13.63941,50.51968],[13.64015,50.5184],[13.64092,50.5175],[13.6416,50.51699],[13.64281,50.5164]],[[13.66446,50.50711],[13.66607,50.50655]],[[13.679,50.50299],[13.68178,50.50288],[13.68461,50.50301]],[[13.69797,50.50868],[13.70202,50.51176]],[[13.74222,50.52195],[13.74317,50.52174]],[[13.78676,50.57354],[13.78729,50.5741],[13.78768,50.57467]],[[13.79615,50.58573],[13.79711,50.58674]],[[13.80611,50.59993],[13.81023,50.60266]],[[13.81844,50.64509],[13.81969,50.64568]],[[13.83134,50.61174],[13.83246,50.61242]],[[14.20389,50.77173],[14.20504,50.77205]],[[14.21378,50.77553],[14.21584,50.77629],[14.21751,50.7768]],[[14.22109,50.77768],[14.22282,50.77789],[14.22364,50.77787],[14.22495,50.77773]]]}},{"type":"Feature","properties":{"cislo":"28","trida":"I","vetev":0},"geometry":{"type":"MultiLineString","coordinates":[[[13.77418,50.35661],[13.77626,50.36004],[13.77884,50.36406],[13.78035,50.36611],[13.78449,50.37142],[13.78537,50.37271],[13.78635,50.37434],[13.78803,50.37746],[13.78847,50.37857],[13.7887,50.37989],[13.78866,50.38124],[13.78834,50.38448],[13.788,50.38967],[13.78762,50.39855],[13.78642,50.40458],[13.78631,50.40538],[13.78604,50.41498],[13.78336,50.4312],[13.78141,50.44237],[13.7813,50.44277],[13.78105,50.44321],[13.7798,50.44442],[13.77932,50.44508],[13.77912,50.44568],[13.77885,50.44709],[13.77865,50.44757],[13.77818,50.44819],[13.77746,50.44876],[13.77637,50.4493],[13.76845,50.45219],[13.76707,50.45255],[13.76482,50.45292],[13.76367,50.45329],[13.76225,50.45412],[13.76133,50.45478],[13.7606,50.45545],[13.75891,50.45729],[13.75802,50.45802],[13.75688,50.45862],[13.75421,50.45956],[13.75331,50.46015],[13.75246,50.461],[13.75197,50.46187],[13.75176,50.46283],[13.75164,50.46488],[13.75148,50.46546],[13.75126,50.46598],[13.75082,50.46667],[13.75049,50.46705],[13.74963,50.4678]],[[13.77225,50.35041],[13.77277,50.35122],[13.77314,50.35214],[13.77357,50.35479],[13.77389,50.35591]]]}},{"type":"Feature","properties":{"cislo":"13","trida":"I","vetev":0},"geometry":{"type":"MultiLineString","coordinates":[[[13.10474,50.37494],[13.10645,50.37489],[13.10845,50.37473],[13.10938,50.37473],[13.11348,50.37513],[13.1151,50.37518],[13.11684,50.37501],[13.12077,50.3741],[13.12273,50.37383],[13.13198,50.37352],[13.13273,50.37354],[13.13361,50.37366],[13.13483,50.37403],[13.1354,50.37431],[13.13601,50.37472],[13.13648,50.37516],[13.13796,50.3768],[13.13875,50.37753],[13.13995,50.37847],[13.14206,50.37997],[13.14303,50.38077],[13.14414,50.38195],[13.14502,50.38306]],[[13.14598,50.38397],[13.14721,50.38458],[13.14834,50.38489],[13.14953,50.38501],[13.15277,50.38504],[13.15428,50.38518],[13.15573,50.38552],[13.15827,50.38631],[13.1591,50.38647],[13.16037,50.3866],[13.16859,50.38711],[13.17059,50.38717],[13.17162,50.38709],[13.17319,50.38684],[13.17704,50.38611],[13.17709,50.38602],[13.17722,50.38598],[13.17734,50.38603],[13.17738,50.3861],[13.17846,50.38613],[13.18038,50.38641],[13.18636,50.38665],[13.1888,50.38699],[13.20085,50.38986],[13.20245,50.39031],[13.20365,50.39088],[13.20657,50.39267],[13.20805,50.39343],[13.2279,50.40012],[13.23061,50.40129],[13.23409,50.4032]],[[13.2345,50.40344],[13.23689,50.40487],[13.23928,50.40643],[13.24221,50.40853],[13.24421,50.4101],[13.24632,50.41193],[13.24813,50.41361],[13.25857,50.4241],[13.25969,50.42507],[13.26096,50.42603],[13.26199,50.42674],[13.26367,50.42777],[13.26502,50.4285],[13.26696,50.42941],[13.26884,50.43018],[13.27078,50.43086],[13.27431,50.43186],[13.28223,50.43349],[13.28398,50.43393],[13.28697,50.43488],[13.29122,50.43663],[13.29424,50.43754],[13.2951,50.43792],[13.297,50.43893],[13.29913,50.4398],[13.30059,50.44049],[13.30311,50.4421],[13.30915,50.44558],[13.31038,50.44618],[13.3116,50.44666],[13.31303,50.44708],[13.31465,50.44744],[13.31666,50.4477],[13.31856,50.44776],[13.31988,50.44771],[13.33309,50.44653],[13.33481,50.44642],[13.34469,50.44627],[13.34632,50.4463],[13.34785,50.44643],[13.34945,50.44666],[13.35077,50.44693],[13.35673,50.4486],[13.35788,50.44903],[13.35919,50.44962],[13.3627,50.45146],[13.36423,50.45203],[13.36714,50.45266],[13.37086,50.45321]],[[13.76273,50.54107],[13.76361,50.54205],[13.76439,50.54266],[13.76953,50.54565]],[[13.77105,50.54654],[13.77254,50.54743],[13.77319,50.54791],[13.77358,50.54839],[13.77375,50.54889]],[[13.77378,50.54906],[13.77367,50.54961],[13.77331,50.55067],[13.77344,50.55078],[13.77325,50.55088],[13.77315,50.55164],[13.77324,50.55268],[13.77359,50.55392],[13.77404,50.55498],[13.77931,50.56549],[13.78011,50.56691]],[[13.82115,50.64632],[13.82191,50.6466],[13.82447,50.64727],[13.82643,50.64776],[13.82859,50.64817],[13.82912,50.64834],[13.83173,50.64955],[13.8325,50.64997],[13.83331,50.65055],[13.8346,50.65161],[13.83571,50.65235],[13.83592,50.65234],[13.83704,50.65139],[13.8382,50.65065],[13.83983,50.65097],[13.84519,50.65257],[13.84604,50.65294]],[[13.84637,50.65304],[13.84715,50.65314],[13.85359,50.65506],[13.85559,50.65575],[13.85637,50.65589],[13.85775,50.65596],[13.85824,50.65604],[13.8614,50.65737],[13.8922,50.67088],[13.894,50.67185],[13.89453,50.67267],[13.89579,50.67339],[13.89654,50.67401],[13.89747,50.67463],[13.90413,50.67755],[13.91948,50.68483],[13.9204,50.68525],[13.9212,50.68553]],[[13.92157,50.6857],[13.92227,50.68615],[13.93731,50.69323],[13.93871,50.69385],[13.93952,50.69402],[13.93947,50.69423],[13.93961,50.69437],[13.94113,50.69515],[13.94319,50.69655],[13.94465,50.69775],[13.94622,50.69932],[13.95591,50.71163],[13.95638,50.71198],[13.95694,50.71217],[13.95827,50.71236],[13.97855,50.71452],[13.97979,50.71472],[13.98086,50.71512],[13.99501,50.72159],[13.99654,50.72206],[13.99802,50.72226]],[[14.00284,50.72291],[14.00352,50.72322],[14.00419,50.72364],[14.00501,50.72441],[14.01162,50.73381],[14.01403,50.73675],[14.02063,50.74297],[14.02177,50.74389],[14.03311,50.75158],[14.03426,50.75274],[14.03433,50.75292],[14.03431,50.75326],[14.0344,50.75342],[14.03549,50.75431],[14.03609,50.75513],[14.03646,50.75534],[14.03768,50.75566],[14.03979,50.75713],[14.04003,50.75739],[14.04019,50.75778],[14.04064,50.7582],[14.04117,50.75914],[14.04139,50.7594],[14.04217,50.75984],[14.04337,50.76037],[14.04694,50.76125],[14.04837,50.76113],[14.05012,50.76124],[14.05132,50.76122],[14.05274,50.76094],[14.0533,50.76102],[14.0545,50.76147],[14.05496,50.76152],[14.0558,50.76139],[14.05675,50.76106],[14.0586,50.7608],[14.06037,50.76037],[14.06243,50.76036],[14.06532,50.75998],[14.06625,50.75974],[14.06723,50.7593],[14.06879,50.75874],[14.07069,50.75854],[14.07281,50.75873],[14.07527,50.75953],[14.07575,50.75964],[14.08005,50.76017],[14.08161,50.76048],[14.08606,50.7611],[14.08658,50.76109],[14.08824,50.76071],[14.08977,50.76065],[14.09406,50.76174],[14.09501,50.76186],[14.09558,50.76181],[14.09802,50.76135],[14.10001,50.76153],[14.10033,50.76141],[14.10086,50.76075],[14.1014,50.76048],[14.10193,50.76039],[14.10313,50.76033],[14.10375,50.76038],[14.10443,50.76061],[14.10643,50.76148],[14.10684,50.76172],[14.10702,50.7619],[14.10725,50.76268],[14.10752,50.76289],[14.10857,50.76308],[14.10875,50.76337],[14.11096,50.76363],[14.11217,50.76391],[14.11681,50.76571],[14.11735,50.76597],[14.11978,50.76773],[14.12181,50.76948],[14.12188,50.76964],[14.12185,50.76986],[14.121,50.77106],[14.12094,50.77137],[14.12108,50.7716],[14.12225,50.77297],[14.12255,50.77318],[14.12332,50.77328],[14.12406,50.77346],[14.12661,50.7742],[14.1283,50.77539],[14.12915,50.77582],[14.13241,50.77698],[14.13549,50.77839],[14.13769,50.77901],[14.13964,50.77976],[14.14158,50.78033],[14.14868,50.78107],[14.15235,50.78128],[14.15419,50.78148],[14.15665,50.78197],[14.15912,50.78308],[14.15996,50.78321],[14.16096,50.78327],[14.16243,50.78322],[14.16974,50.78218],[14.17535,50.78057],[14.17702,50.78015],[14.17891,50.77988],[14.18069,50.77981],[14.18204,50.77933],[14.18335,50.77915],[14.18449,50.77892],[14.18574,50.7788],[14.18645,50.77864],[14.18775,50.7781],[14.18913,50.77686],[14.19024,50.77623],[14.19028,50.77614],[14.19015,50.77584],[14.1902,50.77563],[14.19067,50.77534],[14.19131,50.77451],[14.19176,50.77414],[14.19367,50.77278],[14.1939,50.77271],[14.19443,50.7727],[14.19726,50.77218]],[[14.19984,50.77175],[14.20093,50.77159],[14.20159,50.77138]],[[14.22476,50.77868],[14.22551,50.77874],[14.22764,50.77851],[14.22816,50.77858],[14.22887,50.77879],[14.23111,50.77978],[14.23615,50.78265],[14.23822,50.78418],[14.2456,50.78636],[14.248,50.78778],[14.25001,50.78879],[14.25233,50.7898],[14.25279,50.79016],[14.25311,50.79065],[14.25343,50.79096],[14.25383,50.79116],[14.25439,50.79124],[14.25526,50.79115],[14.25817,50.79054],[14.26392,50.78983],[14.2646,50.78961],[14.26707,50.78845],[14.26759,50.7883],[14.26827,50.7883],[14.2701,50.78873],[14.27095,50.78875],[14.27353,50.78832],[14.2755,50.78815],[14.27733,50.78765],[14.27816,50.78756],[14.27884,50.78764],[14.28135,50.78825],[14.28667,50.78931],[14.29172,50.78911],[14.29913,50.78975],[14.30264,50.78949],[14.30467,50.78914],[14.30546,50.78909],[14.30932,50.78989],[14.31154,50.79062],[14.31212,50.79075],[14.31355,50.79087],[14.31672,50.79076],[14.32007,50.79025],[14.32374,50.78961],[14.32854,50.78758],[14.32915,50.7874],[14.3379,50.78724],[14.34013,50.78698],[14.34188,50.78669],[14.34921,50.7851],[14.351,50.78499],[14.35771,50.7849],[14.363,50.78429],[14.36361,50.78427],[14.36395,50.78435],[14.36439,50.78458],[14.36812,50.78696],[14.36924,50.78727],[14.36953,50.78741],[14.36975,50.78774],[14.36978,50.7884],[14.36986,50.78867],[14.37021,50.78903],[14.37064,50.78924],[14.37129,50.78927],[14.37289,50.78876],[14.37332,50.78873],[14.37367,50.78886],[14.37414,50.7893],[14.37454,50.78948],[14.37807,50.7902],[14.37929,50.79038],[14.38161,50.79102],[14.38782,50.79206],[14.39204,50.79227],[14.39679,50.79317],[14.39734,50.79335],[14.39783,50.79362],[14.40214,50.79646],[14.40934,50.79881],[14.41028,50.79894],[14.41215,50.79898],[14.41413,50.79875],[14.41435,50.79866],[14.4145,50.79852],[14.41479,50.79725],[14.41539,50.7963],[14.41572,50.79621],[14.41819,50.79637],[14.4204,50.79681],[14.42073,50.79699],[14.42098,50.79778],[14.42072,50.79902],[14.42078,50.79946],[14.42097,50.7995],[14.42099,50.79958],[14.4209,50.79965],[14.4212,50.79996],[14.42196,50.80038],[14.43647,50.80159],[14.43676,50.80151],[14.43688,50.801],[14.43715,50.80076],[14.4377,50.79985],[14.43807,50.79955],[14.43854,50.7993],[14.44043,50.79857],[14.4475,50.79636],[14.44839,50.79602],[14.44894,50.79571],[14.45485,50.78965]]]}},{"type":"Feature","properties":{"cislo":"13     1","trida":"I","vetev":0},"geometry":{"type":"MultiLineString","coordinates":[[[13.37086,50.45321],[13.37247,50.45334],[13.37403,50.45375]],[[13.37775,50.45662],[13.37825,50.45707],[13.37889,50.45745],[13.37961,50.45771],[13.38058,50.45791],[13.38075,50.45786],[13.38249,50.45791],[13.39435,50.45786],[13.39448,50.45791]],[[13.39504,50.45792],[13.39736,50.45789],[13.39848,50.45796],[13.39991,50.45823],[13.40141,50.45882],[13.40244,50.45945],[13.40294,50.45992],[13.40328,50.46036],[13.4036,50.46102],[13.40391,50.46239]],[[13.40719,50.46577],[13.40863,50.46668],[13.41383,50.47031],[13.41431,50.47085],[13.41455,50.4713],[13.41471,50.47198],[13.4147,50.47264]],[[13.41461,50.47352],[13.4147,50.47428],[13.41492,50.47478],[13.41537,50.47534],[13.41602,50.47586],[13.41696,50.47634],[13.42362,50.47894]],[[13.42533,50.4796],[13.44155,50.48587],[13.44165,50.48596]],[[13.44218,50.48617],[13.44241,50.48621],[13.44337,50.48659],[13.44467,50.487],[13.44902,50.48797],[13.45014,50.48829]],[[13.45198,50.48895],[13.45359,50.48974],[13.45442,50.49027],[13.45813,50.49311],[13.46204,50.49544],[13.46315,50.49632],[13.46371,50.49696],[13.46405,50.49748],[13.46504,50.49941],[13.46612,50.50113],[13.47075,50.50788],[13.47126,50.50851],[13.47174,50.50898],[13.47288,50.50977],[13.47431,50.5104],[13.47576,50.51078],[13.47742,50.51103]],[[13.47955,50.51118],[13.51047,50.51249],[13.51317,50.51271],[13.51478,50.51295],[13.51742,50.5135],[13.51877,50.51388],[13.52044,50.51444],[13.52263,50.51536],[13.52836,50.51801],[13.53074,50.51892],[13.53313,50.5196],[13.53825,50.52073],[13.54129,50.52165]],[[13.54615,50.5234],[13.54879,50.52412],[13.5516,50.52465],[13.55417,50.52496],[13.56289,50.52569],[13.56489,50.52597],[13.56707,50.52638]],[[13.58012,50.52576],[13.58426,50.52377]],[[13.58949,50.52345],[13.59024,50.52375],[13.59112,50.52426],[13.5915,50.52458],[13.59283,50.52592],[13.59331,50.52628],[13.594,50.52665],[13.59484,50.52694],[13.59678,50.52725],[13.61118,50.52884],[13.61286,50.52899],[13.61492,50.529],[13.61641,50.5289],[13.61957,50.52847],[13.6211,50.52824],[13.62205,50.52799],[13.62294,50.52763],[13.62398,50.52696],[13.62415,50.52692]],[[13.62531,50.52653],[13.6257,50.52659],[13.6261,50.52649],[13.62842,50.52574],[13.62924,50.52535],[13.6342,50.52389],[13.63559,50.52344],[13.63632,50.52313],[13.63742,50.52247],[13.63808,50.52189],[13.63868,50.5211],[13.63941,50.51968]],[[13.64281,50.5164],[13.64609,50.51533],[13.64933,50.51407],[13.65064,50.51348],[13.66024,50.50874],[13.66239,50.50785],[13.66446,50.50711]],[[13.66607,50.50655],[13.67201,50.5045],[13.67383,50.50393],[13.67656,50.50332],[13.679,50.50299]],[[13.68461,50.50301],[13.68669,50.50329],[13.68848,50.5036],[13.6905,50.50405],[13.69202,50.50455],[13.69269,50.50486],[13.69365,50.50544],[13.69797,50.50868]],[[13.70202,50.51176],[13.70479,50.51388],[13.70597,50.51502],[13.7067,50.51604],[13.70915,50.51997],[13.70966,50.5206],[13.71028,50.52123],[13.71138,50.52206],[13.7125,50.5227],[13.71382,50.52326],[13.71534,50.52372],[13.71677,50.52402],[13.71881,50.5242],[13.72029,50.52419],[13.72484,50.52391],[13.72612,50.52395],[13.72973,50.52423],[13.73262,50.52416],[13.73447,50.52395],[13.73586,50.52366],[13.74222,50.52195]],[[13.74317,50.52174],[13.74453,50.52158],[13.74599,50.5216],[13.74735,50.52182],[13.74853,50.52218],[13.74948,50.5226],[13.75098,50.52351],[13.75303,50.52488],[13.75436,50.526],[13.75539,50.52725],[13.75713,50.52993],[13.75776,50.531],[13.7582,50.5322],[13.75898,50.53594],[13.75931,50.5367],[13.7598,50.53738],[13.76268,50.54093],[13.76273,50.54107]],[[13.78011,50.56691],[13.78138,50.56851],[13.78234,50.56958],[13.78364,50.5708],[13.78676,50.57354]],[[13.78768,50.57467],[13.78805,50.57564],[13.78875,50.57912],[13.78919,50.58013],[13.78966,50.58081],[13.79018,50.58137],[13.79085,50.58195],[13.79402,50.58397],[13.79504,50.58474],[13.79615,50.58573]],[[13.79711,50.58674],[13.79868,50.58866],[13.80021,50.59096],[13.80312,50.5967],[13.80359,50.59748],[13.80465,50.59873],[13.80611,50.59993]],[[13.81023,50.60266],[13.81906,50.60848],[13.82011,50.60912],[13.82078,50.60944],[13.82195,50.60986],[13.8233,50.61017],[13.82747,50.61063],[13.82873,50.61084],[13.82996,50.61117],[13.83134,50.61174]],[[13.81969,50.64568],[13.82071,50.64615]],[[13.83246,50.61242],[13.83335,50.6132],[13.83382,50.61378],[13.83417,50.61438],[13.83438,50.6149],[13.83454,50.61569],[13.83454,50.6163],[13.83444,50.61687],[13.83415,50.61765],[13.8338,50.61823],[13.8286,50.62565],[13.82836,50.62621],[13.82824,50.62679],[13.82826,50.62801]],[[14.19726,50.77218],[14.19682,50.77119],[14.19685,50.7711],[14.19901,50.77066],[14.19928,50.77071],[14.19951,50.77097],[14.19984,50.77175]],[[14.20504,50.77205],[14.21378,50.77553]],[[14.21751,50.7768],[14.22109,50.77768]]]}},{"type":"Feature","properties":{"cislo":"13     2","trida":"I","vetev":0},"geometry":{"type":"MultiLineString","coordinates":[[[13.3746,50.45409],[13.37311,50.45359],[13.37086,50.45321]],[[13.39448,50.45791],[13.39435,50.45796],[13.38031,50.45795],[13.37932,50.45776],[13.37861,50.45747],[13.37796,50.45704],[13.37748,50.45652]],[[13.40416,50.4635],[13.4038,50.46244],[13.40354,50.46117],[13.40333,50.46064],[13.40261,50.45975],[13.40189,50.45918],[13.40117,50.45878],[13.40047,50.45848],[13.39901,50.4581],[13.39754,50.45796],[13.39504,50.45792]],[[13.41454,50.47263],[13.41455,50.47198],[13.41441,50.47135],[13.41406,50.47075],[13.41349,50.47017],[13.40812,50.46644],[13.40591,50.46516],[13.40493,50.46444]],[[13.42357,50.479],[13.41689,50.47642],[13.41617,50.47608],[13.41535,50.4755],[13.4149,50.47499],[13.41455,50.47431],[13.41445,50.47361]],[[13.44165,50.48596],[13.44097,50.48576],[13.42521,50.47965]],[[13.44819,50.48787],[13.44453,50.48706],[13.44229,50.4863],[13.44218,50.48617]],[[13.47726,50.51114],[13.47588,50.51092],[13.47397,50.51039],[13.47255,50.50971],[13.4716,50.50902],[13.47063,50.50795],[13.46587,50.501],[13.46491,50.49948],[13.46388,50.49747],[13.46316,50.49653],[13.46205,50.49559],[13.45866,50.49359],[13.45776,50.49301],[13.45455,50.49052]],[[13.54015,50.52138],[13.53785,50.52074],[13.53255,50.51958],[13.53059,50.51901],[13.52776,50.51791],[13.52283,50.51563],[13.52056,50.51466],[13.51898,50.51411],[13.51758,50.5137],[13.51465,50.51307],[13.51297,50.51283],[13.51042,50.51263],[13.48107,50.51134]],[[13.56694,50.52645],[13.56434,50.52598],[13.56243,50.52574],[13.55404,50.52505],[13.55217,50.52484],[13.54918,50.52431],[13.54661,50.52365]],[[13.58845,50.52333],[13.58752,50.52325],[13.58661,50.52328],[13.5857,50.52343],[13.58481,50.52368],[13.58385,50.52409],[13.57798,50.52692]],[[13.62415,50.52692],[13.62406,50.52706],[13.62362,50.52737],[13.62273,50.52785],[13.62209,50.52809],[13.621,50.52836],[13.61793,50.52881],[13.61588,50.52904],[13.61391,50.52911],[13.61172,50.529],[13.59627,50.5273],[13.59508,50.52711],[13.59403,50.52678],[13.59315,50.52632],[13.5926,50.52591],[13.59126,50.52455],[13.59031,50.52392]],[[13.64222,50.51677],[13.64141,50.51728],[13.64069,50.51791],[13.64029,50.51841],[13.63987,50.51923]],[[13.66441,50.50727],[13.66239,50.50796],[13.66021,50.50887],[13.6497,50.51402],[13.64696,50.51512],[13.64358,50.51624]],[[13.67879,50.50315],[13.67604,50.50354],[13.67375,50.50409],[13.66611,50.50668]],[[13.69781,50.50877],[13.69322,50.50531],[13.69246,50.50489],[13.69154,50.50448],[13.68959,50.50395],[13.68756,50.50354],[13.68535,50.50321],[13.68282,50.50302]],[[13.73613,50.52371],[13.734,50.52415],[13.7317,50.52433],[13.7294,50.52434],[13.72603,50.52408],[13.72487,50.52405],[13.71918,50.52436],[13.71805,50.52431],[13.71659,50.52413],[13.71546,50.52391],[13.71392,50.52346],[13.71268,50.52296],[13.71175,50.52248],[13.7106,50.52172],[13.70986,50.52108],[13.70886,50.5199],[13.70655,50.51611],[13.70568,50.51492],[13.70505,50.51428],[13.70434,50.51368],[13.70186,50.51184]],[[13.76273,50.54107],[13.76254,50.54095],[13.76182,50.54008],[13.75955,50.53728],[13.75919,50.53674],[13.7589,50.53613],[13.75876,50.53561],[13.75804,50.53219],[13.75757,50.53095],[13.75511,50.52709],[13.7546,50.52644],[13.75401,50.52583],[13.7528,50.52487],[13.75007,50.52308],[13.74914,50.52256],[13.74812,50.52214],[13.74682,50.52181],[13.74553,50.52167],[13.74411,50.52171],[13.74267,50.52194]],[[13.78707,50.57405],[13.7865,50.57348],[13.78337,50.57073],[13.78218,50.5696],[13.781,50.56826],[13.78047,50.56753],[13.78011,50.56691]],[[13.79645,50.58622],[13.79527,50.5851],[13.79421,50.58426],[13.79072,50.58201],[13.79005,50.58143],[13.78941,50.5807],[13.78904,50.58014],[13.78865,50.5793],[13.78791,50.57572],[13.78766,50.57498]],[[13.80596,50.59997],[13.80512,50.59932],[13.80448,50.59874],[13.80344,50.59749],[13.80297,50.59671],[13.80067,50.5921],[13.80004,50.59096],[13.79912,50.5895],[13.79738,50.58725]],[[13.82726,50.6107],[13.82417,50.61039],[13.82282,50.61018],[13.82155,50.60984],[13.82046,50.60941],[13.81932,50.60878],[13.81011,50.60271]],[[13.82071,50.64615],[13.8193,50.64561]],[[13.8281,50.62822],[13.82811,50.62665],[13.82824,50.62613],[13.82843,50.62569],[13.83382,50.61797],[13.83421,50.61715],[13.83438,50.61643],[13.83439,50.61568],[13.83423,50.61491],[13.83383,50.61405],[13.83323,50.61325],[13.83247,50.61257],[13.83157,50.61198],[13.83093,50.61166],[13.82969,50.61119]],[[14.20928,50.77386],[14.20522,50.77223]],[[14.22218,50.77795],[14.22091,50.77776],[14.21707,50.77678],[14.21489,50.77608],[14.21094,50.77451]]]}},{"type":"Feature","properties":{"cislo":"8","trida":"I","vetev":1},"geometry":{"type":"MultiLineString","coordinates":[[[13.81587,50.6459],[13.81608,50.64607],[13.81638,50.64614],[13.81697,50.64601]],[[13.81593,50.64693],[13.81613,50.64667],[13.81617,50.6465],[13.81609,50.64625],[13.81587,50.6459]],[[13.81587,50.6459],[13.81586,50.64576],[13.81599,50.6456],[13.81694,50.64531],[13.81723,50.64511],[13.81737,50.6449]],[[13.8193,50.64561],[13.8186,50.64536],[13.8182,50.64536],[13.8167,50.64641]],[[13.81737,50.6449],[13.81715,50.64483],[13.8171,50.64467],[13.8173,50.64455],[13.81755,50.64458],[13.81765,50.64467],[13.81763,50.6448],[13.81737,50.6449]],[[13.82041,50.64171],[13.81984,50.64156],[13.81961,50.64159],[13.81927,50.64178]],[[13.81946,50.64393],[13.81886,50.64469],[13.81878,50.64492],[13.81882,50.64506],[13.81899,50.64525],[13.81969,50.64568]],[[13.82041,50.64171],[13.82075,50.64173],[13.82112,50.6416]],[[13.8208,50.6423],[13.82071,50.64192],[13.82041,50.64171]],[[13.82209,50.64219],[13.82152,50.64215],[13.82126,50.64222],[13.82093,50.6424]],[[13.82129,50.64161],[13.82159,50.64201],[13.82209,50.64219]],[[13.82209,50.64219],[13.82288,50.64237]],[[13.82365,50.6313],[13.82525,50.62998],[13.82553,50.62984]],[[13.83021,50.63076],[13.8289,50.63054],[13.82736,50.6305],[13.82609,50.63067],[13.82435,50.63107]],[[13.82553,50.62984],[13.82527,50.63014],[13.82526,50.63029],[13.82546,50.63042],[13.82581,50.63044]],[[13.83021,50.63076],[13.8285,50.63009],[13.82718,50.62965],[13.82624,50.62964],[13.82553,50.62984]],[[13.82826,50.62801],[13.82867,50.62899],[13.8292,50.6297],[13.82987,50.63032],[13.831,50.63107],[13.83021,50.63076]],[[13.85558,50.62835],[13.85597,50.62795],[13.85636,50.62782],[13.85668,50.62786],[13.85708,50.62815],[13.85718,50.62816]],[[13.86946,50.62518],[13.86909,50.62537],[13.87002,50.62467],[13.8707,50.62405],[13.87189,50.6231]],[[13.87007,50.62477],[13.86946,50.62518]],[[13.87153,50.62403],[13.86946,50.62518]],[[13.87102,50.62422],[13.87092,50.6243],[13.87075,50.62428],[13.8707,50.62418],[13.87079,50.6241]],[[13.87079,50.6241],[13.87189,50.6231]],[[13.87079,50.6241],[13.87085,50.62409],[13.87091,50.6241],[13.87099,50.62414],[13.87102,50.62422]],[[13.87153,50.62403],[13.87102,50.62422]],[[13.87189,50.6231],[13.87373,50.62139],[13.87348,50.62179],[13.87322,50.62276],[13.87299,50.62317],[13.87254,50.62352],[13.87153,50.62403]],[[13.76617,50.72619],[13.76652,50.72626],[13.7666,50.72636],[13.76655,50.72652],[13.7663,50.72661],[13.76598,50.72651],[13.76596,50.72631],[13.76617,50.72619]],[[13.79082,50.67555],[13.79082,50.67545],[13.79094,50.67538],[13.79111,50.67541],[13.79118,50.67549],[13.79103,50.67562],[13.79082,50.67555]],[[13.80411,50.65867],[13.80425,50.65854],[13.80443,50.65852],[13.8046,50.65858],[13.80467,50.6587],[13.80459,50.65883],[13.80436,50.65888],[13.80416,50.65881],[13.80411,50.65867]]]}},{"type":"Feature","properties":{"cislo":"13     2","trida":"I","vetev":1},"geometry":{"type":"MultiLineString","coordinates":[[[13.37748,50.45652],[13.37685,50.45575],[13.37617,50.4551],[13.37562,50.45465],[13.3746,50.45409]],[[13.40493,50.46444],[13.40451,50.464],[13.40416,50.4635]],[[13.41445,50.47361],[13.41454,50.47263]],[[13.42521,50.47965],[13.42357,50.479]],[[13.45455,50.49052],[13.45307,50.48959],[13.45186,50.48901],[13.45011,50.48836],[13.44819,50.48787]],[[13.48107,50.51134],[13.47726,50.51114]],[[13.54661,50.52365],[13.54015,50.52138]],[[13.57798,50.52692],[13.57684,50.52735],[13.57589,50.52758],[13.57509,50.5277],[13.57385,50.52774],[13.57238,50.52761],[13.56694,50.52645]],[[13.59031,50.52392],[13.58935,50.52353],[13.58845,50.52333]],[[13.64358,50.51624],[13.64222,50.51677]],[[13.66611,50.50668],[13.66441,50.50727]],[[13.68282,50.50302],[13.68067,50.50303],[13.67879,50.50315]],[[13.70186,50.51184],[13.69781,50.50877]],[[13.74267,50.52194],[13.73613,50.52371]],[[13.78766,50.57498],[13.78737,50.57444],[13.78707,50.57405]],[[13.79738,50.58725],[13.79645,50.58622]],[[13.81011,50.60271],[13.80596,50.59997]],[[13.8193,50.64561],[13.81844,50.64509]],[[13.82969,50.61119],[13.82867,50.61092],[13.82726,50.6107]],[[14.20522,50.77223],[14.20389,50.77173]],[[14.21094,50.77451],[14.20928,50.77386]],[[14.22495,50.77773],[14.22444,50.77788],[14.22372,50.77797],[14.22218,50.77795]]]}},{"type":"Feature","properties":{"cislo":"27","trida":"I","vetev":0},"geometry":{"type":"MultiLineString","coordinates":[[[13.53109,50.32408],[13.53,50.32215],[13.52978,50.32137],[13.52973,50.32053],[13.5298,50.32003],[13.53001,50.31939],[13.53169,50.31559],[13.53206,50.31454],[13.53216,50.31401],[13.53214,50.31331],[13.53198,50.31261],[13.53178,50.3121],[13.53114,50.31116],[13.52822,50.30782],[13.52151,50.29785],[13.52074,50.29708],[13.51568,50.29268],[13.51556,50.29234],[13.51578,50.29101],[13.51567,50.29076],[13.50862,50.28726],[13.48553,50.27602],[13.48379,50.27509],[13.48248,50.27414],[13.46726,50.26179],[13.46541,50.26036],[13.46138,50.25704],[13.45993,50.2559],[13.45884,50.25527],[13.45862,50.25498],[13.45865,50.25439],[13.45897,50.25405],[13.45906,50.25385],[13.45905,50.25321],[13.45937,50.25266],[13.45959,50.25246],[13.46001,50.25238],[13.46151,50.25237],[13.46382,50.25262],[13.46409,50.25251],[13.46415,50.25228],[13.46425,50.2485],[13.4644,50.24795],[13.46501,50.24672],[13.46549,50.24601],[13.46728,50.24398],[13.46876,50.24182],[13.47212,50.23785],[13.47341,50.236],[13.47351,50.23577],[13.4735,50.23554],[13.4732,50.23498],[13.47254,50.23325],[13.47187,50.231],[13.47186,50.2307],[13.47212,50.22921],[13.47212,50.22824],[13.47205,50.2277],[13.47172,50.22646],[13.47196,50.22538],[13.47214,50.22367],[13.47162,50.22295],[13.47077,50.22239],[13.47013,50.22178],[13.46989,50.22139],[13.46975,50.22081],[13.46974,50.22049],[13.46982,50.22028],[13.47062,50.21918],[13.47085,50.21863],[13.47087,50.2172],[13.47102,50.2166],[13.47046,50.21543],[13.4701,50.21485],[13.47003,50.21407],[13.46985,50.21373],[13.46859,50.21255],[13.46698,50.21143],[13.46662,50.21111],[13.46637,50.21075],[13.46636,50.21048],[13.46653,50.21023],[13.46768,50.20962],[13.4679,50.20943],[13.468,50.20925],[13.4679,50.20573],[13.46772,50.20507],[13.46739,50.20454],[13.46702,50.20419],[13.46585,50.20338],[13.46536,50.20284],[13.46508,50.20227],[13.46505,50.20201],[13.4651,50.20172],[13.4654,50.20116],[13.46619,50.20018],[13.46652,50.19962],[13.46664,50.19897],[13.46665,50.19776],[13.46676,50.19738],[13.4677,50.19571],[13.46855,50.19453],[13.47092,50.19021],[13.47372,50.18441],[13.47426,50.18363],[13.47596,50.18171],[13.47741,50.17982],[13.47749,50.17927],[13.47732,50.17573],[13.47738,50.17529],[13.47766,50.17509],[13.47856,50.17489],[13.4801,50.17395],[13.48094,50.17326],[13.48267,50.17157],[13.48308,50.17103],[13.48802,50.16353]],[[13.48817,50.16331],[13.48872,50.16249]],[[13.49063,50.15964],[13.49069,50.15955]],[[13.49118,50.13096],[13.49216,50.1285],[13.49215,50.12781]],[[13.49439,50.14744],[13.49418,50.14703]],[[13.55328,50.38253],[13.5529,50.38124],[13.55258,50.38047],[13.54851,50.37364],[13.54778,50.3728],[13.54622,50.37165],[13.54583,50.37127],[13.5455,50.37077],[13.54532,50.37024],[13.5453,50.36974],[13.5454,50.36936],[13.54606,50.36818],[13.54624,50.36771],[13.54639,50.36665],[13.54638,50.36606],[13.54613,50.36534],[13.54447,50.36218],[13.54416,50.36127],[13.54411,50.36056],[13.54421,50.35983],[13.54702,50.34783],[13.54708,50.3464],[13.547,50.34583],[13.54677,50.34509],[13.54307,50.33756],[13.54283,50.33671],[13.54274,50.33515],[13.54248,50.33455],[13.54206,50.33416],[13.54167,50.33394],[13.54071,50.33363],[13.54024,50.33339],[13.54011,50.33346],[13.53992,50.33344],[13.53983,50.33337],[13.53983,50.33328],[13.53719,50.33244],[13.53594,50.33197],[13.535,50.33145],[13.53438,50.33098],[13.5338,50.33039],[13.53332,50.32964],[13.53308,50.32901],[13.53274,50.32747],[13.53242,50.32656],[13.5319,50.32542],[13.53128,50.32439]],[[13.63568,50.48715],[13.63527,50.48633],[13.63473,50.4857],[13.63408,50.48516],[13.63316,50.48464],[13.63224,50.48429],[13.63135,50.48407],[13.62466,50.48286],[13.62277,50.48237],[13.6214,50.4818],[13.62046,50.48126],[13.6196,50.48062],[13.61862,50.47959],[13.61793,50.47851],[13.60225,50.45171],[13.60205,50.45148],[13.6018,50.45132],[13.59694,50.44914],[13.59644,50.44873],[13.59618,50.44822],[13.59404,50.44201],[13.59373,50.44163],[13.58965,50.43756],[13.58912,50.43691],[13.58262,50.42718],[13.57234,50.41157],[13.57169,50.41024],[13.57154,50.40978],[13.57142,50.40896],[13.57141,50.40782],[13.57167,50.40573],[13.57156,50.4045],[13.57135,50.40371],[13.57113,50.40313],[13.57053,50.40215],[13.56951,50.40088],[13.56809,50.39966],[13.56701,50.39895],[13.56491,50.39785],[13.56342,50.39694],[13.56297,50.39663],[13.56172,50.39555],[13.561,50.39478],[13.56013,50.39364],[13.5597,50.39282],[13.559,50.39111],[13.55855,50.39036],[13.55531,50.38611]],[[13.60188,50.58748],[13.6011,50.58669],[13.60065,50.58595],[13.60042,50.58517],[13.6004,50.58435],[13.60159,50.57796],[13.60434,50.56924],[13.60448,50.56844],[13.60458,50.5668],[13.60455,50.56634],[13.60446,50.56603],[13.60406,50.56537],[13.60357,50.5649],[13.60207,50.564],[13.60158,50.56362],[13.60117,50.56314],[13.60089,50.5625],[13.60084,50.5612],[13.6009,50.55772],[13.60117,50.55701],[13.60181,50.55626],[13.60192,50.55605]],[[13.60252,50.55547],[13.60326,50.5548],[13.60848,50.55072],[13.61217,50.54722],[13.61309,50.54644],[13.61738,50.5432],[13.62095,50.54027],[13.62621,50.53634]],[[13.62074,50.59982],[13.61917,50.5986],[13.61871,50.59814],[13.61846,50.59779],[13.61826,50.5974],[13.61808,50.59683],[13.6181,50.59505],[13.61795,50.59419],[13.61779,50.59388],[13.61748,50.5935],[13.61677,50.59295],[13.6161,50.59264],[13.6132,50.59161],[13.61083,50.59102],[13.60865,50.59073],[13.60541,50.59066]],[[13.769,50.67225],[13.7669,50.67178],[13.76478,50.6712],[13.76288,50.67057],[13.76044,50.6696],[13.75891,50.66915],[13.75784,50.66898],[13.75261,50.66845],[13.74671,50.66739],[13.74189,50.66676],[13.74066,50.6665],[13.73992,50.66623],[13.73914,50.66586],[13.73633,50.66429],[13.7356,50.66394],[13.73424,50.66345],[13.73112,50.66253],[13.72845,50.66158],[13.72754,50.66109],[13.72512,50.65963],[13.72209,50.65838],[13.72137,50.65795],[13.72089,50.65757],[13.72035,50.65697],[13.72007,50.65653],[13.71927,50.65482],[13.71872,50.65419],[13.71792,50.65359],[13.71495,50.6518],[13.71446,50.65144],[13.71434,50.65125],[13.71433,50.65104],[13.71447,50.65071],[13.71524,50.64981],[13.71544,50.64942],[13.71651,50.64512],[13.71653,50.64228],[13.71642,50.6419],[13.71608,50.64147],[13.71356,50.63958],[13.71238,50.63893],[13.71145,50.6386],[13.70901,50.6379],[13.70651,50.6368],[13.70493,50.63659],[13.70374,50.636],[13.70338,50.63566],[13.70004,50.63173],[13.69903,50.63063],[13.6981,50.62975],[13.695,50.62807],[13.69452,50.62793],[13.6931,50.6277],[13.6922,50.62719],[13.69204,50.62697],[13.6919,50.62657],[13.69101,50.62381],[13.691,50.62357],[13.69115,50.62329],[13.69161,50.62271],[13.69283,50.62202],[13.69296,50.6218],[13.69278,50.62074],[13.69262,50.6206],[13.69199,50.62039],[13.69167,50.62018],[13.69151,50.6199],[13.69145,50.61918],[13.69124,50.61891],[13.69042,50.61824],[13.68844,50.61746],[13.68786,50.61711],[13.68493,50.61334],[13.6843,50.61268],[13.6839,50.61237],[13.67763,50.60883],[13.67537,50.60797],[13.67055,50.60446],[13.66922,50.6033],[13.66521,50.59927],[13.66363,50.59811],[13.65833,50.59364],[13.65804,50.59365],[13.65687,50.59454],[13.65516,50.59659],[13.65485,50.59706],[13.65391,50.59719],[13.65346,50.59732],[13.65127,50.59859],[13.65094,50.59873],[13.64789,50.59942],[13.64377,50.60024],[13.63137,50.60097],[13.63075,50.60091],[13.62541,50.59985],[13.62529,50.59993],[13.62506,50.59994],[13.62488,50.59978],[13.62121,50.59994]],[[13.65171,50.48572],[13.64641,50.48749],[13.64542,50.48772],[13.64438,50.48787],[13.64332,50.48793],[13.64222,50.4879],[13.63759,50.48743],[13.6362,50.48736]],[[13.67355,50.49273],[13.67201,50.49202],[13.67053,50.49111],[13.66945,50.49018],[13.66648,50.48733],[13.66585,50.48682],[13.66445,50.48597],[13.66302,50.48537],[13.66179,50.48501],[13.66026,50.4847],[13.65894,50.48457],[13.65761,50.48454],[13.65616,50.48463],[13.65483,50.48483],[13.65369,50.48509],[13.65234,50.48552]],[[13.68574,50.49723],[13.68296,50.49719],[13.68243,50.49711],[13.68166,50.49689],[13.68116,50.49664],[13.67947,50.49555],[13.67832,50.4949],[13.67414,50.49299]],[[13.68313,50.49988],[13.68419,50.49919]],[[13.79082,50.67555],[13.78945,50.67584],[13.78642,50.67599],[13.78542,50.67595],[13.78445,50.67575],[13.78143,50.67482],[13.77964,50.67434],[13.77339,50.67317],[13.76981,50.67242]]]}},{"type":"Feature","properties":{"cislo":"D8","trida":"D1","vetev":1},"geometry":{"type":"MultiLineString","coordinates":[[[13.95187,50.68756],[13.9511,50.6871]],[[13.95187,50.68756],[13.9524,50.68768],[13.95282,50.68763],[13.95319,50.68743],[13.9535,50.68709]],[[13.95265,50.68892],[13.95263,50.68849],[13.95252,50.68817],[13.95227,50.68786],[13.95187,50.68756]],[[13.9556,50.68509],[13.95552,50.68553],[13.95557,50.68568],[13.95578,50.68587],[13.95619,50.68599],[13.9565,50.68597],[13.95676,50.68587],[13.95709,50.68559],[13.95741,50.6851],[13.95742,50.68522],[13.95719,50.68567],[13.95685,50.68595],[13.95647,50.6861],[13.95528,50.68628],[13.95471,50.68643],[13.95426,50.68665],[13.95373,50.68711]],[[13.96143,50.61286],[13.96182,50.61234],[13.96187,50.6118],[13.96116,50.60989],[13.96108,50.60948]],[[13.96117,50.60893],[13.96163,50.6094],[13.96217,50.60966]],[[13.96136,50.61291],[13.96143,50.61286]],[[13.96143,50.61286],[13.96244,50.61235],[13.96318,50.61182],[13.96351,50.61135],[13.96355,50.61088],[13.96349,50.61077],[13.96328,50.61062],[13.96263,50.61057],[13.96236,50.61068],[13.96219,50.61088],[13.96218,50.61113],[13.96225,50.61129]],[[13.96165,50.61291],[13.96154,50.61297]],[[13.96371,50.61066],[13.96378,50.61102],[13.96372,50.61128],[13.96359,50.61158],[13.96332,50.61193],[13.9629,50.61224],[13.96165,50.61291]],[[13.96563,50.61406],[13.96321,50.61294],[13.9626,50.61284],[13.96165,50.61291]],[[13.96217,50.60966],[13.9631,50.60988],[13.96337,50.60979],[13.96357,50.60958]],[[13.96217,50.60966],[13.96324,50.61013],[13.96353,50.61039],[13.96371,50.61066]],[[13.96357,50.60958],[13.96345,50.61005],[13.96371,50.61066]],[[13.96357,50.60958],[13.96423,50.60841]],[[13.96491,50.76828],[13.96534,50.76772],[13.96554,50.76693]],[[13.96827,50.76739],[13.96773,50.76746],[13.96574,50.76819],[13.96504,50.76839]],[[13.96554,50.76693],[13.96564,50.76715],[13.96591,50.76734],[13.96623,50.76741],[13.9667,50.76739]],[[13.96554,50.76693],[13.96565,50.7667],[13.96584,50.76656],[13.96607,50.76649],[13.96645,50.76648],[13.96688,50.76663],[13.96827,50.76739]],[[13.96827,50.76739],[13.96924,50.76777],[13.97048,50.76796],[13.97364,50.76772]],[[13.96895,50.76609],[13.96886,50.76632],[13.96833,50.76702],[13.96827,50.76739]],[[13.9714,50.61724],[13.97061,50.61679],[13.96937,50.61623],[13.96925,50.61622],[13.9691,50.6163]],[[13.97325,50.66983],[13.9737,50.66913],[13.97402,50.66754]],[[13.97402,50.66754],[13.97428,50.66791],[13.97478,50.6681],[13.97537,50.66808],[13.97589,50.66787]],[[13.97402,50.66754],[13.97412,50.66703]],[[13.9775,50.66741],[13.97567,50.66847],[13.97519,50.66869]],[[13.97923,50.66361],[13.97883,50.66505],[13.97842,50.66583],[13.97776,50.66673],[13.9777,50.66688],[13.97773,50.66706]],[[13.99305,50.64739],[13.99284,50.64694],[13.99251,50.64668],[13.99202,50.6466],[13.99152,50.64672],[13.99167,50.64649],[13.99242,50.64625],[13.99272,50.6461],[13.993,50.6457]],[[13.99327,50.64632],[13.99357,50.64689],[13.99403,50.64726],[13.99454,50.64744],[13.99591,50.64768],[13.99649,50.64799],[13.99637,50.64808],[13.9962,50.64806],[13.996,50.64784],[13.9957,50.64772],[13.99425,50.64753],[13.9937,50.64761],[13.99349,50.64772],[13.99322,50.64798]],[[13.9975,50.52722],[13.9964,50.52729],[13.99563,50.52746]],[[14.00178,50.52684],[14.0018,50.52714],[14.00165,50.52742],[14.00133,50.52764],[14.00089,50.52774],[14.00039,50.52771],[13.99843,50.52728],[13.9975,50.52722]],[[13.99886,50.52847],[13.99888,50.52795],[13.99873,50.52769],[13.99847,50.52749],[13.99818,50.52736],[13.9975,50.52722]],[[13.9975,50.52722],[13.9986,50.52701],[13.99945,50.52677],[14.0002,50.52644],[14.00101,50.52597]],[[13.99864,50.72333],[13.99828,50.72324],[13.99797,50.72299],[13.99792,50.7227],[13.99802,50.72226]],[[13.99856,50.72155],[13.99925,50.72184],[13.99979,50.72195],[14.0004,50.722],[14.00165,50.72192],[14.00206,50.72196],[14.00231,50.72204],[14.00256,50.72222],[14.00266,50.7224],[14.00271,50.72265]],[[14.00125,50.72394],[14.00067,50.72366],[14.00018,50.72352],[13.99864,50.72333]],[[13.99864,50.72333],[13.99921,50.72326],[13.99946,50.72311],[13.99961,50.72282],[13.99948,50.72243]],[[14.00178,50.52684],[14.00152,50.52667],[14.00124,50.5266],[14.0006,50.52673]],[[14.00199,50.52543],[14.00175,50.52584],[14.00169,50.52608],[14.00178,50.52684]],[[14.00247,50.72299],[14.00216,50.7233],[14.00196,50.72382],[14.00201,50.72425],[14.0022,50.72461]],[[14.03571,50.50927],[14.03499,50.50906],[14.03436,50.50897],[14.03359,50.50904],[14.0329,50.50919]],[[14.03571,50.50927],[14.03616,50.50941],[14.03663,50.50938],[14.03773,50.5088]],[[14.03639,50.50808],[14.03586,50.50831],[14.03556,50.50856],[14.03547,50.50878],[14.03548,50.50895],[14.03571,50.50927]],[[14.03838,50.50642],[14.03785,50.50617],[14.03726,50.50612],[14.03684,50.50621],[14.03594,50.50655]],[[14.03772,50.50757],[14.03826,50.50728],[14.03843,50.50711],[14.0385,50.50673],[14.03838,50.50642]],[[14.03838,50.50642],[14.03895,50.5067],[14.03962,50.50686],[14.04014,50.50687],[14.04098,50.50675]],[[14.0703,50.49299],[14.07079,50.4931],[14.07123,50.49303]],[[14.07263,50.49528],[14.07195,50.49528],[14.07145,50.49536],[14.07064,50.49575]],[[14.07123,50.49303],[14.0709,50.4933]],[[14.07198,50.49271],[14.07158,50.4928],[14.07123,50.49303]],[[14.07248,50.49375],[14.07275,50.49336],[14.07275,50.49305],[14.07248,50.49281],[14.07198,50.49271]],[[14.07198,50.49271],[14.07275,50.49263],[14.07315,50.49252],[14.0735,50.49235],[14.07391,50.49203]],[[14.07214,50.49435],[14.07192,50.49468],[14.07195,50.49495],[14.07222,50.49518],[14.07263,50.49528]],[[14.07263,50.49528],[14.07306,50.49521],[14.07347,50.49495]],[[14.07347,50.49495],[14.07381,50.4947]],[[14.07461,50.49508],[14.07394,50.4949],[14.07347,50.49495]],[[14.17439,50.43927],[14.17184,50.43958]],[[14.17247,50.43934],[14.17337,50.43892],[14.17404,50.43803],[14.17452,50.43771],[14.1752,50.43755],[14.1761,50.43756],[14.17599,50.43761],[14.17507,50.43766]],[[14.17518,50.43981],[14.17516,50.43956],[14.17503,50.4394],[14.17483,50.43931],[14.17439,50.43927]],[[14.17627,50.43914],[14.17594,50.43923],[14.17515,50.4392],[14.17439,50.43927]],[[14.17627,50.43914],[14.17538,50.43979],[14.17463,50.44055]],[[14.17601,50.43813],[14.17587,50.43786],[14.1757,50.43773],[14.17507,50.43766]],[[14.17507,50.43766],[14.17444,50.43791],[14.17428,50.43814],[14.17431,50.43835],[14.17444,50.4385],[14.17477,50.43865],[14.17553,50.43865]],[[14.18009,50.43748],[14.17778,50.43835],[14.17627,50.43914]],[[14.22846,50.39734],[14.22768,50.39765],[14.22641,50.39787],[14.22589,50.39803],[14.22549,50.39826],[14.22491,50.39874]],[[14.22703,50.39262],[14.22719,50.393],[14.2275,50.39314]],[[14.22709,50.39618],[14.22683,50.39688],[14.22686,50.39715],[14.22702,50.39733],[14.22737,50.39747],[14.22775,50.39748],[14.22889,50.39711],[14.22846,50.39734]],[[14.2275,50.39314],[14.22936,50.39315],[14.22986,50.39299],[14.23038,50.39266]],[[14.22832,50.39464],[14.22862,50.39407],[14.22866,50.39377],[14.22862,50.3936],[14.22845,50.39341],[14.22825,50.39331],[14.22703,50.39319],[14.2275,50.39314]],[[14.22925,50.39754],[14.22885,50.39732],[14.22846,50.39734]]]}},{"type":"Feature","properties":{"cislo":"7     K","trida":"I","vetev":0},"geometry":{"type":"LineString","coordinates":[[13.94225,50.28631],[13.94041,50.2869],[13.93507,50.28845],[13.93378,50.2889],[13.93178,50.28974],[13.93039,50.29013],[13.9302,50.29025]]}},{"type":"Feature","properties":{"cislo":"D6     1","trida":"D2","vetev":0},"geometry":{"type":"MultiLineString","coordinates":[[[13.23622,50.13469],[13.23042,50.13424],[13.22885,50.13421]],[[13.32106,50.13653],[13.3187,50.13712],[13.31623,50.13745],[13.31371,50.13752],[13.31133,50.13734],[13.30868,50.13685],[13.29782,50.13395],[13.29514,50.13331],[13.29322,50.13296],[13.29129,50.1327],[13.28933,50.13253],[13.28744,50.13245],[13.28491,50.13246],[13.27437,50.13274],[13.27051,50.1329],[13.26737,50.13311],[13.26496,50.13332],[13.26074,50.13384],[13.25524,50.1348],[13.2531,50.13501],[13.25106,50.13503],[13.24064,50.13478]],[[13.33734,50.12506],[13.33568,50.1256],[13.33481,50.12597],[13.33353,50.12664],[13.33247,50.12735],[13.33174,50.12795],[13.33107,50.12862],[13.32792,50.13231],[13.32696,50.1333],[13.32552,50.13444],[13.32375,50.13547]]]}},{"type":"Feature","properties":{"cislo":"D6","trida":"D2","vetev":1},"geometry":{"type":"MultiLineString","coordinates":[[[13.23241,50.13426],[13.23392,50.13423],[13.23566,50.1339]],[[13.23606,50.1339],[13.24007,50.13451]],[[13.23727,50.13491],[13.23697,50.1348],[13.23622,50.13469]],[[13.24042,50.13454],[13.24191,50.13469]],[[13.31729,50.13725],[13.31823,50.13701],[13.31865,50.1368],[13.3189,50.13658],[13.31922,50.13607],[13.31933,50.13596]],[[13.31933,50.13596],[13.31922,50.13623],[13.3194,50.13651],[13.31974,50.13664],[13.32025,50.13665]],[[13.31933,50.13596],[13.31965,50.13576]],[[13.32269,50.137],[13.32267,50.13667],[13.32253,50.13651],[13.32231,50.1364],[13.3218,50.13637],[13.32106,50.13653]],[[13.32122,50.13743],[13.32227,50.13728],[13.32256,50.13714],[13.32269,50.137]],[[13.32375,50.13547],[13.32328,50.13577],[13.32297,50.13611],[13.32269,50.137]]]}},{"type":"Feature","properties":{"cislo":"D6     1","trida":"D2","vetev":1},"geometry":{"type":"MultiLineString","coordinates":[[[13.23905,50.13474],[13.23622,50.13469]],[[13.32375,50.13547],[13.32248,50.13603],[13.32106,50.13653]]]}},{"type":"Feature","properties":{"cislo":"D6     2","trida":"D2","vetev":1},"geometry":{"type":"MultiLineString","coordinates":[[[13.23241,50.13426],[13.23579,50.13453],[13.23961,50.13464]],[[13.24054,50.13466],[13.24191,50.13469]],[[13.31729,50.13725],[13.31883,50.13699],[13.32025,50.13665]]]}},{"type":"Feature","properties":{"cislo":"9","trida":"I","vetev":0},"geometry":{"type":"MultiLineString","coordinates":[[[14.55872,50.93299],[14.55838,50.93711]],[[14.58359,50.87533],[14.56814,50.90286],[14.56808,50.90313],[14.56839,50.90481],[14.56527,50.91597],[14.56183,50.92355],[14.56156,50.92397],[14.56042,50.92517],[14.5593,50.9274],[14.55914,50.92797],[14.55876,50.93244]],[[14.55971,50.93778],[14.56102,50.93768],[14.56215,50.93773],[14.56766,50.93878],[14.57294,50.9394],[14.57416,50.9396],[14.57554,50.94],[14.5766,50.94049],[14.57767,50.94122],[14.57833,50.94192]],[[14.57858,50.94233],[14.58165,50.94826],[14.58214,50.94933],[14.58225,50.9497],[14.58229,50.95035],[14.58207,50.95162],[14.58207,50.95201],[14.58222,50.95251],[14.58247,50.95293],[14.58295,50.95342],[14.58363,50.95388],[14.58928,50.95672],[14.58992,50.9571],[14.5907,50.95774],[14.59208,50.95907],[14.593,50.95978]],[[14.59575,50.83991],[14.59528,50.84026],[14.59232,50.84157],[14.59134,50.84194],[14.59095,50.84218],[14.5908,50.84244],[14.59076,50.84271],[14.59128,50.85481],[14.59125,50.85514],[14.58762,50.86299],[14.58761,50.8632],[14.58796,50.86541],[14.58745,50.87007],[14.58734,50.87022],[14.5861,50.87105],[14.5858,50.87135],[14.58376,50.87501]]]}},{"type":"Feature","properties":{"cislo":"15","trida":"I","vetev":0},"geometry":{"type":"MultiLineString","coordinates":[[[13.68957,50.49822],[13.69032,50.49802],[13.6912,50.49766],[13.69336,50.49635],[13.6953,50.49534],[13.69622,50.49476],[13.69816,50.49337],[13.69926,50.49288],[13.7003,50.49259],[13.70112,50.49247],[13.7046,50.4924],[13.70605,50.49224]],[[13.7064,50.49216],[13.70762,50.49182],[13.70886,50.49125],[13.71858,50.48568],[13.71944,50.48514],[13.72039,50.48443],[13.7215,50.48336],[13.72234,50.48221],[13.72282,50.48126],[13.72413,50.47798],[13.72466,50.47714],[13.72542,50.47623],[13.7262,50.4755],[13.72705,50.47486],[13.72834,50.47408],[13.73011,50.4733],[13.73197,50.47271],[13.74177,50.47017],[13.74354,50.4698],[13.74583,50.46941],[13.74689,50.46914],[13.74842,50.46854],[13.74963,50.4678],[13.75124,50.46803],[13.75182,50.46797],[13.75207,50.46783],[13.75311,50.46696],[13.75452,50.46596],[13.75476,50.46598],[13.75592,50.46648],[13.75759,50.46742],[13.75945,50.46813],[13.76161,50.4687],[13.76401,50.46899],[13.76595,50.46917],[13.76688,50.46917],[13.77135,50.46892],[13.77373,50.46864],[13.77567,50.46856],[13.77674,50.46843],[13.78211,50.46749],[13.78562,50.46637],[13.78649,50.46597],[13.78918,50.46422],[13.78962,50.46404],[13.79123,50.46385],[13.7923,50.46524],[13.79723,50.4638],[13.80307,50.4635],[13.80517,50.46287],[13.80744,50.4621],[13.81156,50.46103],[13.82897,50.45547],[13.8303,50.45516],[13.83145,50.45498],[13.83321,50.4548],[13.83534,50.45477],[13.8375,50.45495],[13.83974,50.45536],[13.84142,50.45583],[13.84393,50.4567],[13.84529,50.4571],[13.8483,50.45776],[13.85048,50.45805],[13.8615,50.45907],[13.86186,50.45924],[13.86256,50.45983],[13.86617,50.46306],[13.86776,50.46384],[13.8681,50.46408],[13.86845,50.46452],[13.86877,50.46466],[13.87266,50.46477],[13.87612,50.46474],[13.8768,50.4646],[13.87786,50.46413],[13.87863,50.46387],[13.88222,50.46367],[13.88547,50.464],[13.88899,50.46422],[13.89004,50.46447],[13.89051,50.46452],[13.89547,50.46417],[13.8985,50.46434],[13.90374,50.46506],[13.90659,50.46511],[13.90902,50.4656],[13.90968,50.46578],[13.91241,50.46732],[13.91285,50.46751],[13.93094,50.47239],[13.94324,50.47409],[13.94518,50.47458],[13.95131,50.4758],[13.95553,50.47612],[13.96152,50.47703],[13.9636,50.4774],[13.96609,50.47794],[13.9693,50.47881],[13.97207,50.47973],[13.97577,50.48115],[13.97847,50.48183],[13.98137,50.48212],[13.98352,50.48209],[13.98569,50.48186],[13.99034,50.48115],[13.99182,50.48104],[13.99328,50.48111],[13.99586,50.48144],[13.99724,50.48155],[13.99918,50.48155],[14.00212,50.48134],[14.00359,50.48144],[14.00514,50.48167],[14.01699,50.48629],[14.0209,50.48908],[14.02197,50.48958],[14.02305,50.49056],[14.02469,50.49185],[14.02624,50.49322],[14.02715,50.49411],[14.02852,50.49566],[14.02944,50.49686],[14.03016,50.49793],[14.03182,50.50088],[14.03284,50.50251],[14.03466,50.50504],[14.03594,50.50655]],[[14.03806,50.50863],[14.04119,50.50713],[14.04226,50.50677],[14.04344,50.50647],[14.0453,50.50619],[14.04729,50.50599],[14.05197,50.50572]],[[14.0523,50.5057],[14.06085,50.50531],[14.062,50.50534],[14.06276,50.5055],[14.06357,50.50585],[14.06393,50.50611],[14.06423,50.50644],[14.06495,50.5076],[14.06614,50.50978],[14.06637,50.50999],[14.0667,50.51008],[14.06708,50.51004],[14.06867,50.50957],[14.06936,50.50949],[14.08523,50.50981],[14.08552,50.5098],[14.08559,50.50968],[14.08575,50.50965],[14.08589,50.5097],[14.08594,50.5098],[14.08642,50.50983],[14.09662,50.51002]],[[14.09805,50.51007],[14.11869,50.51053],[14.1391,50.51342]],[[14.13927,50.51359],[14.13916,50.51384],[14.13817,50.51526],[14.13735,50.51717],[14.13711,50.51798],[14.13711,50.51882],[14.13767,50.52255],[14.13769,50.5232],[14.1376,50.52368],[14.1373,50.52426],[14.13601,50.52558],[14.13548,50.52667],[14.13435,50.53196],[14.13443,50.53212],[14.13459,50.53221],[14.13565,50.53225],[14.13633,50.53235],[14.1371,50.53258],[14.13794,50.53295],[14.13829,50.53319],[14.13847,50.53342],[14.13855,50.53374],[14.13849,50.53403]],[[14.13854,50.5342],[14.14193,50.53453]],[[14.14219,50.53455],[14.1439,50.53469],[14.14517,50.53497],[14.14836,50.53657],[14.14978,50.53693],[14.17709,50.54276],[14.178,50.54285],[14.18096,50.54287],[14.1813,50.54309],[14.18176,50.54371],[14.18198,50.54385],[14.19063,50.54572],[14.19171,50.54624],[14.19809,50.54895],[14.19947,50.54946],[14.20287,50.54984],[14.20957,50.55132],[14.21306,50.55187],[14.21517,50.55204],[14.21722,50.5521],[14.22295,50.55192],[14.22406,50.55202],[14.22527,50.55227],[14.22648,50.5527],[14.22776,50.55341],[14.23356,50.55806],[14.23508,50.55875],[14.23601,50.55904],[14.23694,50.5592],[14.23827,50.55922],[14.24086,50.55903],[14.24142,50.55889],[14.24384,50.55801],[14.24543,50.55777],[14.24633,50.55779],[14.24884,50.55819],[14.25013,50.55834],[14.25064,50.55826],[14.25306,50.55762],[14.25379,50.55762],[14.26299,50.55985],[14.26986,50.56108],[14.27223,50.56182],[14.27454,50.56289],[14.28006,50.56655],[14.28081,50.56688],[14.28502,50.56841],[14.28615,50.56847],[14.28689,50.56867],[14.28741,50.56894],[14.28774,50.56898],[14.28877,50.56897],[14.28986,50.56859],[14.29059,50.5685],[14.29188,50.56842],[14.29287,50.5685],[14.29342,50.56862],[14.29537,50.56951],[14.30011,50.57063],[14.30162,50.57124],[14.31241,50.57806],[14.31335,50.57877],[14.31374,50.57894],[14.31563,50.57925],[14.31834,50.57945],[14.32199,50.58035],[14.3255,50.58062],[14.32656,50.58082],[14.32756,50.58121],[14.32904,50.5822],[14.32969,50.58253],[14.333,50.58364],[14.33504,50.58444],[14.34158,50.58785],[14.34298,50.58846],[14.34384,50.5887],[14.34485,50.58888],[14.35089,50.58942],[14.35283,50.58976],[14.35522,50.59049],[14.36105,50.59264],[14.36156,50.59288],[14.36362,50.59433],[14.36411,50.59478],[14.36441,50.59522],[14.36494,50.59643],[14.36655,50.59889],[14.36703,50.59951],[14.36782,50.60029],[14.36899,50.60115],[14.3712,50.60296],[14.37161,50.60314],[14.37321,50.60352],[14.37439,50.60389],[14.37522,50.60431],[14.3758,50.60472],[14.37604,50.60497],[14.37752,50.60817],[14.37777,50.60855],[14.3778,50.60897],[14.37816,50.60959],[14.3784,50.6102],[14.37843,50.61093],[14.37839,50.61122],[14.37785,50.61245],[14.3778,50.61271],[14.37843,50.61465]]]}},{"type":"Feature","properties":{"cislo":"15","trida":"I","vetev":1},"geometry":{"type":"MultiLineString","coordinates":[[[14.03594,50.50655],[14.03777,50.50861]],[[14.03777,50.50861],[14.03798,50.50859],[14.0381,50.50872],[14.038,50.50883],[14.03779,50.50882],[14.03769,50.50871],[14.03777,50.50861]],[[13.70392,50.49325],[13.70442,50.49292],[13.70569,50.49259],[13.70587,50.49248],[13.70605,50.49224],[13.7064,50.49216],[13.70623,50.49201],[13.70577,50.49184],[13.70541,50.49181],[13.705,50.4919],[13.70473,50.49214],[13.70392,50.49325]],[[14.05197,50.50572],[14.05201,50.50564],[14.05213,50.5056],[14.0523,50.5057],[14.05216,50.50581],[14.05197,50.50572]],[[14.09662,50.51002],[14.09669,50.50985],[14.09686,50.50971],[14.09737,50.50959],[14.09787,50.50974],[14.09801,50.5099],[14.09805,50.51007],[14.09798,50.51025],[14.09781,50.51039],[14.09729,50.5105],[14.0968,50.51035],[14.09666,50.5102],[14.09662,50.51002]],[[14.13829,50.53425],[14.13818,50.53417],[14.13821,50.53406],[14.13841,50.53401],[14.13855,50.53408],[14.13851,50.53422],[14.13829,50.53425]],[[14.1391,50.51342],[14.13921,50.51333],[14.13936,50.51332],[14.13952,50.51345],[14.13947,50.51355],[14.13927,50.51359],[14.13913,50.51352],[14.1391,50.51342]],[[14.14193,50.53453],[14.14206,50.53445],[14.1422,50.53452],[14.14207,50.53462],[14.14193,50.53453]]]}},{"type":"Feature","properties":{"cislo":"30","trida":"I","vetev":1},"geometry":{"type":"MultiLineString","coordinates":[[[13.95721,50.68492],[13.95554,50.68501],[13.95403,50.68539],[13.95298,50.68588],[13.9511,50.6871]],[[13.95721,50.68492],[13.9573,50.68481],[13.95751,50.68478],[13.95767,50.68485],[13.95771,50.68496],[13.95761,50.68506],[13.95741,50.6851],[13.95725,50.68503],[13.95721,50.68492]],[[14.0074,50.67998],[14.00805,50.68007],[14.00823,50.68026],[14.00824,50.68042],[14.00812,50.68061],[14.0078,50.68071],[14.00755,50.68072],[14.00726,50.68062]],[[14.00726,50.68062],[14.00642,50.68037],[14.00557,50.68041],[14.0074,50.67998]],[[14.00726,50.68062],[14.00711,50.68041],[14.00712,50.68028],[14.0074,50.67998]],[[14.04281,50.51335],[14.04286,50.51326],[14.04298,50.51323],[14.04315,50.51327],[14.04321,50.51336],[14.04303,50.51346],[14.04287,50.51343],[14.04281,50.51335]],[[14.04748,50.51652],[14.04771,50.5165],[14.04779,50.51665],[14.04765,50.51672],[14.04751,50.5167],[14.04743,50.51659],[14.04748,50.51652]]]}},{"type":"Feature","properties":{"cislo":"7     H","trida":"I","vetev":0},"geometry":{"type":"LineString","coordinates":[[13.90803,50.29829],[13.90795,50.29844],[13.90775,50.29855],[13.90564,50.29886],[13.90379,50.29942],[13.90268,50.29992],[13.89866,50.30201],[13.89538,50.30351],[13.87468,50.31513],[13.87299,50.31603]]}},{"type":"Feature","properties":{"cislo":"D7     2","trida":"D2","vetev":1},"geometry":{"type":"MultiLineString","coordinates":[[[13.4353,50.42179],[13.43641,50.42133]],[[13.50385,50.40579],[13.50529,50.40523]],[[13.55201,50.38467],[13.55375,50.38428]],[[13.62795,50.3696],[13.63082,50.36904]],[[13.67768,50.36362],[13.68048,50.3638]],[[13.76621,50.34975],[13.77304,50.34953],[13.77541,50.3493]],[[13.82976,50.33868],[13.83077,50.33837],[13.83209,50.33786]],[[13.90378,50.2989],[13.90522,50.2981]]]}},{"type":"Feature","properties":{"cislo":"28","trida":"I","vetev":1},"geometry":{"type":"MultiLineString","coordinates":[[[13.77098,50.34911],[13.77206,50.35015]],[[13.77098,50.34911],[13.77067,50.34912],[13.77057,50.34905],[13.77057,50.34893],[13.77071,50.34883],[13.77095,50.34885],[13.77107,50.34898],[13.77098,50.34911]],[[13.77206,50.35015],[13.77229,50.35015],[13.77236,50.35021],[13.77238,50.35032],[13.77221,50.35042],[13.77199,50.35037],[13.77194,50.35023],[13.77206,50.35015]],[[13.77348,50.35617],[13.77368,50.35598],[13.77409,50.35591],[13.77447,50.35605],[13.77458,50.35631],[13.77437,50.35655],[13.77395,50.35662],[13.77359,50.35649],[13.77347,50.35633],[13.77348,50.35617]]]}},{"type":"Feature","properties":{"cislo":"D7     2","trida":"D2","vetev":0},"geometry":{"type":"MultiLineString","coordinates":[[[13.40211,50.4366],[13.40437,50.43625],[13.40653,50.43578],[13.40862,50.43517],[13.4112,50.4342],[13.41343,50.43312],[13.417,50.43112],[13.41993,50.42958],[13.42586,50.42668],[13.43145,50.42362],[13.4353,50.42179]],[[13.43641,50.42133],[13.44372,50.41832],[13.44708,50.41707],[13.45015,50.41616],[13.45413,50.4153],[13.45686,50.4149],[13.46077,50.41456],[13.46353,50.41445],[13.47248,50.41427],[13.47623,50.41406],[13.47994,50.41361],[13.48422,50.41277],[13.48674,50.41208],[13.48951,50.41116],[13.50385,50.40579]],[[13.50529,50.40523],[13.50993,50.40345],[13.51392,50.40171],[13.54172,50.38774],[13.54369,50.38692],[13.54618,50.38609],[13.54843,50.38549],[13.55201,50.38467]],[[13.55375,50.38428],[13.56346,50.3821],[13.59937,50.37518],[13.62795,50.3696]],[[13.63082,50.36904],[13.63591,50.36805],[13.63724,50.36785],[13.67375,50.36384],[13.67562,50.36368],[13.67768,50.36362]],[[13.68048,50.3638],[13.68298,50.36419],[13.6846,50.36457],[13.68773,50.36545]],[[13.74244,50.352],[13.74589,50.35208],[13.74798,50.35193],[13.74959,50.35167],[13.75545,50.35035],[13.75727,50.35008],[13.75917,50.34995],[13.76621,50.34975]],[[13.77541,50.3493],[13.77691,50.34906],[13.7788,50.34864],[13.7944,50.34423],[13.79877,50.34322],[13.80284,50.34253],[13.82702,50.33919],[13.82976,50.33868]],[[13.83209,50.33786],[13.83384,50.33693],[13.83571,50.33565],[13.83806,50.33373],[13.84115,50.3306],[13.84371,50.32831],[13.84563,50.32694],[13.84871,50.32493],[13.8522,50.32315],[13.85399,50.32238],[13.85671,50.32132],[13.85841,50.32074],[13.86136,50.31986],[13.86531,50.31891],[13.86654,50.31855],[13.86844,50.3179],[13.87061,50.31693],[13.87321,50.31541],[13.87845,50.31213],[13.88301,50.3088],[13.8844,50.30791],[13.8861,50.30693],[13.88794,50.30601],[13.88959,50.30529],[13.89505,50.30321],[13.89711,50.30235],[13.90378,50.2989]],[[13.90522,50.2981],[13.91146,50.29434],[13.91298,50.29349],[13.91469,50.29268],[13.91669,50.29192],[13.91904,50.29127],[13.92124,50.29084],[13.9233,50.29058],[13.92824,50.29014],[13.9302,50.28981],[13.93156,50.28943],[13.93476,50.28828],[13.94047,50.28662]]]}},{"type":"Feature","properties":{"cislo":"62","trida":"I","vetev":0},"geometry":{"type":"MultiLineString","coordinates":[[[14.04838,50.66077],[14.0501,50.66104]],[[14.05648,50.66182],[14.05813,50.66222],[14.05936,50.66232],[14.06032,50.66228],[14.06234,50.66199],[14.06333,50.66195],[14.06903,50.66221],[14.06985,50.66232],[14.07178,50.66299],[14.07397,50.66331],[14.07432,50.66331],[14.07575,50.66307],[14.07739,50.663],[14.08261,50.66347],[14.0834,50.66359],[14.0841,50.66382],[14.08555,50.66473],[14.08589,50.66487],[14.08658,50.66501],[14.08742,50.665]],[[14.08803,50.66489],[14.09047,50.66473],[14.09183,50.66489],[14.09297,50.66511],[14.09755,50.66655],[14.09991,50.66723],[14.10135,50.66785],[14.10218,50.66833],[14.10274,50.66878],[14.10312,50.66926],[14.10402,50.67079],[14.10474,50.67159],[14.10572,50.67233],[14.10885,50.67432],[14.10974,50.6751],[14.11143,50.677],[14.11189,50.67733],[14.11256,50.67765],[14.11373,50.67794],[14.11493,50.67798],[14.11586,50.67785],[14.11754,50.67745],[14.11865,50.67728]],[[14.12036,50.67738],[14.12301,50.67779],[14.12504,50.67784],[14.12633,50.67774],[14.12727,50.6776],[14.12824,50.67738],[14.12965,50.67691],[14.13187,50.67593],[14.13273,50.67546],[14.13336,50.67492],[14.13595,50.67229],[14.13663,50.67171],[14.13783,50.6709],[14.13902,50.67028],[14.13998,50.66988],[14.14238,50.66919],[14.14577,50.66858],[14.14711,50.66841],[14.14838,50.66834],[14.14984,50.66836],[14.1561,50.6687],[14.15728,50.66881],[14.15846,50.66901],[14.16023,50.66952],[14.16179,50.67022],[14.16299,50.671],[14.16394,50.67192],[14.16443,50.67257],[14.165,50.67376],[14.16623,50.67837],[14.16645,50.67903],[14.16669,50.67948],[14.16726,50.6802],[14.16919,50.682],[14.17041,50.68291],[14.1712,50.68331],[14.17202,50.6836],[14.17775,50.68513],[14.18001,50.68561],[14.18643,50.68669],[14.18837,50.6872],[14.18952,50.68765],[14.19043,50.68809],[14.19499,50.69074],[14.19619,50.69154],[14.19744,50.69268],[14.19813,50.69356],[14.19879,50.69481],[14.19904,50.69567],[14.1991,50.69662],[14.19868,50.69897],[14.19847,50.69962],[14.19797,50.70041],[14.19673,50.70201],[14.19627,50.70284],[14.19606,50.70344],[14.19562,50.70559],[14.19535,50.70751],[14.19528,50.7086],[14.19523,50.71221],[14.19511,50.71302],[14.19496,50.71348],[14.19444,50.71442],[14.1922,50.71736],[14.19122,50.71844],[14.18814,50.72145],[14.18734,50.72245],[14.18685,50.72359],[14.18532,50.72839],[14.18491,50.72936],[14.18409,50.73061],[14.18197,50.73302],[14.1816,50.73357],[14.18131,50.73417],[14.18105,50.73488],[14.18094,50.73555],[14.18093,50.73697],[14.18136,50.74573],[14.18191,50.74752],[14.18226,50.74837],[14.18267,50.74913],[14.1832,50.74983],[14.18513,50.75195],[14.18629,50.75298],[14.18711,50.75356],[14.18809,50.75413],[14.19093,50.7554],[14.19169,50.75581],[14.19223,50.75626],[14.19305,50.75735],[14.1935,50.75777],[14.19758,50.76044],[14.19806,50.76095],[14.19847,50.76159],[14.19877,50.76225],[14.20001,50.76528],[14.20011,50.76569],[14.20028,50.76738],[14.20076,50.76973]],[[14.21296,50.77492],[14.21299,50.77527],[14.21314,50.77575],[14.21369,50.77654],[14.21432,50.77703],[14.21632,50.77837],[14.21721,50.77906],[14.2174,50.77907],[14.2175,50.77914],[14.21747,50.77927],[14.21719,50.77928],[14.21587,50.78002],[14.2156,50.78024],[14.2155,50.78048],[14.21551,50.78068],[14.21581,50.78115],[14.21583,50.78136],[14.21562,50.78155],[14.21458,50.78193],[14.2146,50.78202],[14.21452,50.78208],[14.21503,50.78255],[14.21635,50.78342],[14.21833,50.78317],[14.21883,50.78406],[14.21949,50.78454],[14.22387,50.78634],[14.22607,50.78687],[14.22678,50.78711],[14.22833,50.78824],[14.23064,50.78938],[14.23318,50.79048],[14.23471,50.7913],[14.23517,50.79163],[14.23543,50.79191],[14.23671,50.79423],[14.23722,50.79523],[14.23833,50.79786],[14.23848,50.79945],[14.2386,50.80162],[14.2388,50.80234],[14.23881,50.80263],[14.23829,50.80415],[14.23755,50.80567],[14.23608,50.80735],[14.2351,50.8079],[14.23278,50.80948],[14.23039,50.81193],[14.22794,50.81416],[14.22682,50.81547],[14.22519,50.81821],[14.22497,50.81887],[14.2248,50.82059],[14.2249,50.82161],[14.22508,50.82232],[14.22596,50.82448],[14.22634,50.82573],[14.22662,50.82638],[14.2275,50.82816],[14.22862,50.82999],[14.22937,50.83171],[14.22948,50.8324],[14.22939,50.83329],[14.22944,50.83452],[14.22938,50.83511],[14.22923,50.83537],[14.22785,50.83683],[14.22717,50.83793],[14.2257,50.83887],[14.22399,50.84011],[14.22259,50.84092],[14.22013,50.84283],[14.21987,50.84316],[14.21923,50.84438],[14.21849,50.84563],[14.2182,50.84637],[14.21804,50.84732],[14.21807,50.84814],[14.21822,50.84923],[14.21935,50.85133],[14.22031,50.85261],[14.22159,50.85407],[14.22367,50.85751],[14.22551,50.85952],[14.22822,50.86278],[14.22851,50.86323],[14.22886,50.86412],[14.22917,50.8646],[14.22954,50.86505],[14.23211,50.86756],[14.23305,50.86866],[14.23378,50.87023],[14.23441,50.87137],[14.23583,50.87352],[14.23693,50.87563],[14.23745,50.87716],[14.23794,50.87897],[14.23805,50.8798],[14.23801,50.88055],[14.23709,50.88357],[14.23656,50.88488],[14.23587,50.88599],[14.23432,50.8879]]]}},{"type":"Feature","properties":{"cislo":"30","trida":"I","vetev":0},"geometry":{"type":"MultiLineString","coordinates":[[[13.9511,50.6871],[13.94132,50.69363],[13.94048,50.69398],[13.93952,50.69402]],[[14.00557,50.68041],[14.00388,50.68093],[13.99811,50.68313],[13.9923,50.68622],[13.98405,50.68995],[13.98086,50.69133],[13.9802,50.69151],[13.97921,50.69165],[13.97831,50.69166],[13.97757,50.69159],[13.97673,50.69141],[13.97611,50.69121],[13.97146,50.68876],[13.97045,50.68838],[13.96948,50.68817],[13.96596,50.68789],[13.96474,50.68767],[13.9637,50.68732],[13.95977,50.68544],[13.9587,50.68512],[13.95771,50.68496]],[[14.01742,50.68386],[14.01683,50.68392],[14.01628,50.68386],[14.01543,50.68366],[14.01479,50.6834],[14.014,50.68294],[14.01208,50.68159],[14.01116,50.68113],[14.01054,50.68093],[14.00903,50.68062],[14.00849,50.68055],[14.00812,50.68061]],[[14.04777,50.51668],[14.04878,50.51746],[14.04895,50.51774],[14.04885,50.518],[14.04823,50.51858],[14.04761,50.51936],[14.04736,50.51982],[14.04714,50.52045],[14.04708,50.52105],[14.04722,50.52222],[14.04735,50.52285],[14.04765,50.52356],[14.04804,50.52418],[14.04862,50.52487],[14.05773,50.53493],[14.05799,50.53531],[14.05817,50.53577],[14.0582,50.53628],[14.05812,50.53671],[14.05766,50.53755],[14.05493,50.5414],[14.0543,50.54211],[14.05356,50.54265],[14.05272,50.54302],[14.05178,50.54328],[14.04525,50.54455],[14.04322,50.54508],[14.04189,50.5456],[14.04071,50.5462],[14.03984,50.54694],[14.0393,50.54767],[14.03898,50.54841],[14.03886,50.54888],[14.03863,50.55104],[14.03835,50.55204],[14.03792,50.55282],[14.03435,50.55825],[14.03391,50.55919],[14.0337,50.5603],[14.03364,50.5646],[14.03372,50.5656],[14.03389,50.56613],[14.0342,50.56677],[14.03596,50.56943],[14.03638,50.5702],[14.03666,50.57092],[14.03684,50.57162],[14.03696,50.57256],[14.03693,50.57401],[14.03679,50.57525],[14.03655,50.5761],[14.03627,50.57679],[14.03556,50.578],[14.03135,50.58371],[14.03044,50.58505],[14.03012,50.58581],[14.02992,50.58665],[14.0299,50.58721],[14.03,50.588],[14.03022,50.58872],[14.03045,50.58919],[14.03098,50.59002],[14.0319,50.59097],[14.03253,50.59146],[14.03334,50.59196],[14.03463,50.59262],[14.03814,50.59422],[14.04421,50.59621],[14.04563,50.59649],[14.04731,50.59661],[14.05294,50.59665],[14.05865,50.59648],[14.06445,50.5966],[14.06506,50.5967],[14.06567,50.59691],[14.06724,50.59775],[14.06799,50.59828],[14.06877,50.59908],[14.07133,50.60313],[14.07148,50.60361],[14.07161,50.6053],[14.07181,50.60608],[14.07228,50.60702],[14.07355,50.609],[14.0739,50.60969],[14.0741,50.61024],[14.07489,50.61414],[14.07505,50.61508],[14.07507,50.61563],[14.07498,50.61629],[14.07478,50.61689],[14.07402,50.61835],[14.0723,50.62131],[14.07179,50.62188],[14.07131,50.62223],[14.07006,50.62284],[14.06867,50.62328],[14.06713,50.62356],[14.06328,50.62395],[14.06195,50.62415],[14.05679,50.62557],[14.05568,50.62606],[14.05463,50.62624],[14.05333,50.62665],[14.05249,50.62713],[14.05195,50.62765],[14.05131,50.6286],[14.05075,50.62987],[14.05045,50.63022],[14.04872,50.63147],[14.04801,50.63229],[14.04763,50.63307],[14.04737,50.63398],[14.04724,50.63484],[14.04722,50.63602],[14.04715,50.63642],[14.04641,50.63739],[14.0459,50.63905],[14.04582,50.63962],[14.04585,50.64061],[14.04575,50.641],[14.04133,50.65304],[14.04155,50.65419],[14.04171,50.65465],[14.0423,50.65559],[14.0426,50.65646],[14.04308,50.65738],[14.04358,50.65809],[14.04403,50.65852],[14.04488,50.65905],[14.04653,50.65982],[14.04764,50.66047],[14.04838,50.66077],[14.04796,50.66101],[14.04769,50.66109],[14.04561,50.66091],[14.04563,50.66167],[14.04534,50.66202],[14.04534,50.66279],[14.0454,50.66309],[14.04672,50.66464],[14.04721,50.66584],[14.04723,50.66617],[14.04716,50.66656],[14.04709,50.66673],[14.04688,50.66688],[14.04646,50.66687],[14.04625,50.66667],[14.0463,50.66622],[14.0462,50.66606],[14.04575,50.66596],[14.04539,50.66609],[14.04531,50.66625],[14.04533,50.66636],[14.04588,50.66704],[14.04602,50.66735],[14.04613,50.66789],[14.04606,50.6681],[14.04573,50.66824],[14.04529,50.66818],[14.04514,50.66799],[14.0453,50.66749],[14.04521,50.66727],[14.04504,50.66718],[14.04479,50.66716],[14.04442,50.6673],[14.04431,50.66755],[14.04427,50.66901],[14.04409,50.66941],[14.04373,50.66972],[14.04228,50.67042],[14.04141,50.67091],[14.04062,50.6715],[14.03974,50.67232],[14.03756,50.6751],[14.037,50.67571],[14.0349,50.67749]],[[14.038,50.50883],[14.04045,50.51117],[14.04291,50.51324]],[[14.04316,50.51343],[14.04487,50.51471],[14.04748,50.51652]]]}},{"type":"Feature","properties":{"cislo":"27    L","trida":"I","vetev":0},"geometry":{"type":"LineString","coordinates":[[13.54621,50.36606],[13.54338,50.36786],[13.54268,50.36812],[13.54188,50.36832],[13.54142,50.36834],[13.54109,50.36822],[13.5404,50.36772],[13.54034,50.36755],[13.54039,50.36735],[13.54083,50.3667],[13.54113,50.36589],[13.54181,50.36465],[13.54333,50.36273],[13.54352,50.36237]]}},{"type":"Feature","properties":{"cislo":"8      2","trida":"I","vetev":1},"geometry":{"type":"MultiLineString","coordinates":[[[13.81593,50.64693],[13.81697,50.64601]],[[13.8208,50.6423],[13.82112,50.6416]],[[13.82365,50.6313],[13.82448,50.63089],[13.8263,50.63026],[13.82706,50.62984],[13.82752,50.62944],[13.82785,50.629],[13.828,50.6287],[13.8281,50.62822]],[[13.87007,50.62477],[13.87075,50.62428]]]}},{"type":"Feature","properties":{"cislo":"8      1","trida":"I","vetev":1},"geometry":{"type":"MultiLineString","coordinates":[[[13.81946,50.64393],[13.8167,50.64641]],[[13.82129,50.64161],[13.82093,50.6424]],[[13.82826,50.62801],[13.82824,50.62831],[13.82808,50.62886],[13.82779,50.62932],[13.82742,50.62971],[13.8265,50.63028],[13.82435,50.63107]],[[13.87075,50.62428],[13.87007,50.62477]]]}},{"type":"Feature","properties":{"cislo":"8      1","trida":"I","vetev":0},"geometry":{"type":"MultiLineString","coordinates":[[[13.8167,50.64641],[13.81385,50.64901],[13.81342,50.64932]],[[13.82093,50.6424],[13.82037,50.64309],[13.81946,50.64393]],[[13.82435,50.63107],[13.82203,50.63228],[13.82084,50.63297],[13.82019,50.63359],[13.81998,50.63388],[13.81976,50.63441],[13.8197,50.63494],[13.81976,50.63536],[13.82132,50.64016],[13.82141,50.64084],[13.82129,50.64161]]]}},{"type":"Feature","properties":{"cislo":"8      2","trida":"I","vetev":0},"geometry":{"type":"MultiLineString","coordinates":[[[13.81342,50.64932],[13.81388,50.64882],[13.81593,50.64693]],[[13.81697,50.64601],[13.8201,50.64315],[13.8208,50.6423]],[[13.82112,50.6416],[13.82122,50.6409],[13.82115,50.64016],[13.81965,50.6355],[13.81955,50.6349],[13.8196,50.63448],[13.81992,50.63372],[13.82059,50.63302],[13.82111,50.63267],[13.82365,50.6313]]]}},{"type":"Feature","properties":{"cislo":"6","trida":"I","vetev":0},"geometry":{"type":"LineString","coordinates":[[13.48718,50.14225],[13.48602,50.14166],[13.48452,50.14076],[13.48314,50.13973],[13.48212,50.13911],[13.48164,50.1389],[13.48093,50.1387],[13.47952,50.13843],[13.4775,50.13827],[13.47034,50.13836],[13.46788,50.13824],[13.46311,50.13787],[13.46117,50.1378],[13.45762,50.13789],[13.45477,50.13845],[13.45257,50.13872],[13.45128,50.13921],[13.44838,50.14054],[13.44733,50.14088],[13.44604,50.14115],[13.44492,50.14127],[13.44387,50.14129],[13.44285,50.14123],[13.4417,50.14107],[13.44054,50.14078],[13.43928,50.14031],[13.43248,50.13703],[13.43004,50.13603],[13.42821,50.13543],[13.42042,50.1332],[13.37057,50.12077],[13.3686,50.12031],[13.36747,50.12017],[13.36599,50.12018],[13.36483,50.12034],[13.34262,50.12454],[13.34147,50.12467],[13.33982,50.12467],[13.3397,50.12494],[13.3393,50.12516],[13.33784,50.12546],[13.3358,50.12599],[13.33517,50.12604],[13.33408,50.12597],[13.33342,50.12607],[13.33288,50.1263],[13.33189,50.12698],[13.33011,50.12761],[13.31972,50.1324],[13.31932,50.13253],[13.31891,50.13254],[13.31606,50.13217],[13.31433,50.13205],[13.29815,50.13242],[13.29731,50.13255],[13.29655,50.1328],[13.29469,50.1338],[13.29409,50.13404],[13.29351,50.13418],[13.2926,50.13427],[13.29146,50.13415],[13.29067,50.13391],[13.28864,50.13306],[13.28788,50.13286],[13.28664,50.13269],[13.27348,50.13302],[13.27209,50.13306],[13.27167,50.13316]]}},{"type":"Feature","properties":{"cislo":"13    M","trida":"I","vetev":0},"geometry":{"type":"MultiLineString","coordinates":[[[13.37003,50.45311],[13.36998,50.45348],[13.37006,50.45363],[13.37021,50.45374],[13.37427,50.45556]],[[13.37617,50.4565],[13.37766,50.4573],[13.37912,50.4578],[13.38012,50.45825],[13.38029,50.45827],[13.38051,50.45818],[13.38058,50.45791]]]}},{"type":"Feature","properties":{"cislo":"7     I","trida":"I","vetev":1},"geometry":{"type":"MultiLineString","coordinates":[[[13.40589,50.46303],[13.40546,50.46347],[13.40501,50.46367],[13.40431,50.4638],[13.40371,50.46381]],[[13.50405,50.40483],[13.50302,50.40525],[13.50217,50.40579],[13.50146,50.40648],[13.49997,50.40811],[13.49943,50.40856],[13.49841,50.40918]],[[13.40925,50.46159],[13.40937,50.46141],[13.40968,50.46133],[13.40998,50.46142],[13.41008,50.4616],[13.40992,50.4618],[13.40968,50.46186],[13.40936,50.46177],[13.40925,50.46159]],[[13.42793,50.44964],[13.42809,50.44951],[13.42839,50.44948],[13.42862,50.44957],[13.42871,50.44976],[13.42857,50.44994],[13.4282,50.44999],[13.42796,50.44987],[13.42793,50.44964]]]}},{"type":"Feature","properties":{"cislo":"D7     1","trida":"D2","vetev":0},"geometry":{"type":"MultiLineString","coordinates":[[[13.43969,50.42011],[13.43489,50.42213],[13.43157,50.42371],[13.42597,50.42679],[13.4185,50.43048],[13.41425,50.43284],[13.4118,50.43408],[13.40953,50.43499],[13.40712,50.43575],[13.40513,50.43624],[13.40234,50.43671]],[[13.49671,50.40862],[13.49109,50.41073],[13.48739,50.41201],[13.48509,50.41268],[13.4819,50.41339],[13.47823,50.41396],[13.4753,50.41424],[13.47224,50.41439],[13.46199,50.41462],[13.45896,50.41481],[13.45584,50.41516],[13.45184,50.41588],[13.44845,50.41677],[13.44572,50.41769],[13.4409,50.41962]],[[13.55453,50.38421],[13.54701,50.38599],[13.54434,50.38683],[13.54232,50.38763],[13.53966,50.38889],[13.51592,50.40089],[13.51347,50.40206],[13.50996,50.40359],[13.4984,50.40797]],[[13.62509,50.37026],[13.57616,50.37979],[13.56351,50.3822],[13.55623,50.38382]],[[13.68076,50.36394],[13.67798,50.36374],[13.67501,50.36383],[13.63765,50.36791],[13.63575,50.36819],[13.62745,50.3698]],[[13.68773,50.36545],[13.68673,50.3653],[13.68309,50.36434]],[[13.76785,50.34982],[13.75879,50.35008],[13.75692,50.35024],[13.75522,50.35052],[13.74948,50.35182],[13.74713,50.35213],[13.74485,50.35219],[13.74244,50.352]],[[13.82419,50.33972],[13.80451,50.34241],[13.79883,50.34333],[13.79628,50.34389],[13.79312,50.3447],[13.77915,50.34868],[13.77743,50.34908],[13.77571,50.34938]],[[13.90471,50.29855],[13.90061,50.30073],[13.89743,50.30233],[13.8958,50.30304],[13.88974,50.30536],[13.88767,50.30627],[13.88587,50.3072],[13.88331,50.30875],[13.87848,50.31227],[13.87221,50.3162],[13.87025,50.31726],[13.86851,50.31802],[13.86663,50.31866],[13.86039,50.3203],[13.85737,50.32122],[13.85405,50.32251],[13.85225,50.32331],[13.84979,50.32456],[13.84722,50.32611],[13.84372,50.32855],[13.84117,50.33074],[13.8381,50.33391],[13.83553,50.33595],[13.83387,50.33706],[13.83291,50.33762],[13.83113,50.33839],[13.82983,50.33879]],[[13.94047,50.28662],[13.93987,50.2869],[13.93511,50.2883],[13.93178,50.2895],[13.93018,50.28994],[13.92814,50.29028],[13.92332,50.2907],[13.92148,50.29093],[13.91957,50.29127],[13.91736,50.29185],[13.91509,50.29265],[13.91326,50.29351],[13.91077,50.29493],[13.90674,50.29738]]]}},{"type":"Feature","properties":{"cislo":"D8     1","trida":"D1","vetev":1},"geometry":{"type":"MultiLineString","coordinates":[[[13.9556,50.68509],[13.95456,50.68609],[13.95373,50.68711]],[[13.96117,50.60893],[13.96127,50.60945],[13.96146,50.61],[13.96178,50.61065],[13.96225,50.61129]],[[13.96895,50.76609],[13.96718,50.76727],[13.96504,50.76839]],[[13.97923,50.66361],[13.97906,50.66403],[13.97853,50.66497],[13.97758,50.66634],[13.97662,50.66742],[13.97519,50.66869]],[[13.99327,50.64632],[13.99329,50.6471],[13.99322,50.64798]],[[13.99856,50.72155],[14.0006,50.72312],[14.0022,50.72461]],[[14.00199,50.52543],[14.00138,50.52592],[14.0006,50.52673]],[[14.03639,50.50808],[14.0329,50.50919]],[[14.07214,50.49435],[14.07064,50.49575]],[[14.18009,50.43748],[14.17637,50.43856],[14.17184,50.43958]],[[14.22709,50.39618],[14.22605,50.39733],[14.22491,50.39874]]]}},{"type":"Feature","properties":{"cislo":"D8     2","trida":"D1","vetev":1},"geometry":{"type":"MultiLineString","coordinates":[[[13.95265,50.68892],[13.95295,50.68808],[13.9535,50.68709]],[[13.96563,50.61406],[13.96474,50.61357],[13.96367,50.61288],[13.9626,50.61194],[13.96177,50.61091],[13.9615,50.61046],[13.96108,50.60948]],[[13.96491,50.76828],[13.9667,50.76739]],[[13.97325,50.66983],[13.97469,50.66886],[13.97589,50.66787]],[[13.99305,50.64739],[13.993,50.6457]],[[13.99886,50.52847],[14.00001,50.52706],[14.00101,50.52597]],[[14.00125,50.72394],[13.99948,50.72243]],[[14.03772,50.50757],[14.04098,50.50675]],[[14.07248,50.49375],[14.07391,50.49203]],[[14.17247,50.43934],[14.17553,50.43865]],[[14.22832,50.39464],[14.23038,50.39266]]]}},{"type":"Feature","properties":{"cislo":"D8     1","trida":"D1","vetev":0},"geometry":{"type":"MultiLineString","coordinates":[[[13.96504,50.76839],[13.96251,50.76932],[13.95803,50.77055],[13.95627,50.77109],[13.95028,50.77337],[13.94713,50.77448],[13.94341,50.77559],[13.93984,50.77647],[13.93513,50.77738],[13.92991,50.77806],[13.92519,50.77845],[13.91404,50.77916],[13.91168,50.7794],[13.90864,50.77984],[13.90612,50.78036],[13.90336,50.78114],[13.90138,50.78187],[13.89862,50.78319]],[[13.95373,50.68711],[13.95317,50.68811],[13.9528,50.68925],[13.95269,50.69052],[13.95285,50.69158],[13.95309,50.69232],[13.9534,50.69296],[13.95395,50.6938],[13.95533,50.69555],[13.95577,50.6962],[13.95624,50.69716],[13.95646,50.69781],[13.9566,50.69857],[13.95665,50.69955],[13.95639,50.70265],[13.95637,50.70372],[13.95649,50.70475],[13.95678,50.70575],[13.95723,50.70665],[13.95771,50.70734],[13.95854,50.70825],[13.95937,50.70895],[13.96074,50.70983],[13.96199,50.71045],[13.96365,50.71109],[13.96536,50.71159],[13.96798,50.71217],[13.97565,50.71346],[13.97892,50.71409],[13.98286,50.71504],[13.98655,50.71613],[13.98965,50.7172],[13.99322,50.71867],[13.99561,50.71982],[13.99665,50.72038],[13.99856,50.72155]],[[13.97519,50.66869],[13.97389,50.66963],[13.97251,50.67045],[13.96698,50.67312],[13.96597,50.67367],[13.96486,50.67435],[13.96369,50.67523],[13.96267,50.6762],[13.96188,50.6772],[13.9614,50.67795],[13.95979,50.6808],[13.95892,50.68201],[13.95757,50.68341],[13.9556,50.68509]],[[14.0006,50.52673],[13.99935,50.52821],[13.99851,50.52953],[13.99776,50.53106],[13.99718,50.53295],[13.99698,50.53504],[13.99707,50.53631],[13.99734,50.53775],[13.99789,50.53926],[13.99827,50.54006],[13.99932,50.54167],[14.00046,50.54285],[14.00116,50.54346],[14.00184,50.54395],[14.00323,50.54482],[14.00661,50.54655],[14.00809,50.54745],[14.00864,50.54786],[14.00997,50.54895],[14.0106,50.54959],[14.01115,50.55027],[14.01203,50.55167],[14.01271,50.55335],[14.01407,50.55732],[14.01515,50.56014],[14.01595,50.56155],[14.01872,50.56585],[14.01931,50.56687],[14.02008,50.56845],[14.02042,50.56937],[14.02078,50.57084],[14.02093,50.57187],[14.02099,50.57322],[14.02095,50.57375],[14.02077,50.57457],[14.0203,50.57582],[14.01989,50.57653],[14.01885,50.57778],[14.01811,50.57847],[14.01717,50.5792],[14.01526,50.58029],[14.01449,50.58064],[14.00918,50.58254],[13.99986,50.58554],[13.99831,50.5859],[13.99514,50.58643],[13.99357,50.58658],[13.98802,50.58684],[13.98596,50.58711],[13.98405,50.5875],[13.98253,50.58794],[13.98091,50.58853],[13.97912,50.58936],[13.97716,50.59059],[13.97568,50.59183],[13.97467,50.59298],[13.97277,50.59586],[13.97198,50.59695],[13.97149,50.59751],[13.97029,50.59865],[13.96931,50.59944],[13.9684,50.60007],[13.9646,50.60245],[13.96361,50.60325],[13.96292,50.60393],[13.96236,50.60459],[13.96185,50.60532],[13.96144,50.60611],[13.96126,50.60658],[13.96118,50.60689],[13.96106,50.60817],[13.96117,50.60893]],[[13.96225,50.61129],[13.96322,50.6123],[13.96448,50.61325],[13.9661,50.61412],[13.96839,50.61515],[13.96989,50.61596],[13.97098,50.61671],[13.97393,50.61918],[13.97574,50.62033],[13.97715,50.62101],[13.97857,50.62157],[13.9836,50.62301],[13.98589,50.6239],[13.98677,50.62436],[13.98791,50.62509],[13.98857,50.6256],[13.98968,50.62665],[13.99037,50.62755],[13.99109,50.62877],[13.99157,50.62988],[13.99195,50.63117],[13.9921,50.63221],[13.99327,50.64632]],[[14.0022,50.72461],[14.00289,50.72538],[14.00385,50.72665],[14.00461,50.72781],[14.00581,50.72992],[14.00645,50.7312],[14.0074,50.73344],[14.00834,50.73629],[14.0088,50.73817],[14.00898,50.73914],[14.00911,50.74017],[14.00911,50.74133],[14.00892,50.74256],[14.0087,50.74327],[14.00827,50.74423],[14.00793,50.7448],[14.00676,50.7461],[14.0052,50.74729],[14.00385,50.74811],[14.00168,50.74905],[13.99699,50.7506],[13.99334,50.75159],[13.9844,50.7535],[13.98255,50.75397],[13.98021,50.75478],[13.97828,50.75567],[13.97713,50.75636],[13.97644,50.75687],[13.97483,50.75838],[13.97379,50.75977],[13.97263,50.76188],[13.97176,50.76328],[13.97052,50.7647],[13.96895,50.76609]],[[13.99322,50.64798],[13.99286,50.64911],[13.99226,50.65019],[13.99168,50.65093],[13.99078,50.65182],[13.98999,50.65245],[13.9889,50.65318],[13.98548,50.65517],[13.98406,50.65608],[13.9829,50.65695],[13.98194,50.65788],[13.9811,50.65899],[13.98056,50.66001],[13.97923,50.66361]],[[14.0329,50.50919],[14.03087,50.50995],[14.02813,50.51109],[14.02299,50.51365],[14.00552,50.52292],[14.00345,50.52424],[14.00199,50.52543]],[[14.07064,50.49575],[14.0683,50.49755],[14.06606,50.49896],[14.06453,50.49979],[14.06288,50.5006],[14.05994,50.50181],[14.05737,50.50266],[14.05504,50.50332],[14.03861,50.50747],[14.03639,50.50808]],[[14.17184,50.43958],[14.1672,50.44034],[14.14487,50.44325],[14.14194,50.4437],[14.13892,50.44428],[14.13602,50.44498],[14.13366,50.44564],[14.13006,50.44684],[14.12748,50.44786],[14.12595,50.44853],[14.12439,50.44927],[14.12237,50.45033],[14.11964,50.45197],[14.11765,50.45333],[14.11586,50.4547],[14.11351,50.45681],[14.11177,50.45863],[14.11071,50.45989],[14.10764,50.46416],[14.10677,50.46527],[14.10525,50.46686],[14.10374,50.46816],[14.10205,50.46935],[14.10041,50.47035],[14.09305,50.47402],[14.08965,50.47597],[14.08697,50.47776],[14.08451,50.47963],[14.08334,50.48063],[14.08198,50.48188],[14.08105,50.48283],[14.07878,50.48537],[14.07687,50.488],[14.07449,50.49156],[14.07331,50.49307],[14.07214,50.49435]],[[14.22491,50.39874],[14.22301,50.40139],[14.2181,50.40913],[14.21689,50.41084],[14.2153,50.41291],[14.21302,50.41561],[14.21132,50.41744],[14.20906,50.4197],[14.20642,50.42211],[14.20344,50.42458],[14.19947,50.42753],[14.19646,50.42956],[14.19284,50.4318],[14.19029,50.43323],[14.18692,50.43488],[14.18365,50.43624],[14.18009,50.43748]],[[14.2743,50.35447],[14.27271,50.35635],[14.27157,50.35752],[14.27027,50.35873],[14.26876,50.36001],[14.26612,50.36196],[14.25939,50.36645],[14.25742,50.36794],[14.2561,50.36905],[14.254,50.37098],[14.25227,50.37273],[14.25069,50.37452],[14.24695,50.37906],[14.24584,50.38033],[14.24419,50.38201],[14.24287,50.3832],[14.24058,50.38505],[14.23449,50.38949],[14.23201,50.39146],[14.22968,50.39352],[14.22709,50.39618]]]}},{"type":"Feature","properties":{"cislo":"7     I2","trida":"I","vetev":0},"geometry":{"type":"LineString","coordinates":[[13.40599,50.46292],[13.40614,50.46267],[13.40649,50.4623],[13.4073,50.46184],[13.40839,50.46159],[13.40905,50.46155],[13.40925,50.46159]]}},{"type":"Feature","properties":{"cislo":"27     2","trida":"I","vetev":0},"geometry":{"type":"LineString","coordinates":[[13.62818,50.53007],[13.62838,50.53286],[13.62836,50.53333],[13.62822,50.53397],[13.62799,50.53451],[13.62755,50.53516],[13.62703,50.5357],[13.62621,50.53634]]}},{"type":"Feature","properties":{"cislo":"13    A2","trida":"I","vetev":0},"geometry":{"type":"LineString","coordinates":[[13.63987,50.51923],[13.63917,50.52079],[13.63872,50.52155],[13.63801,50.52231],[13.63684,50.52312],[13.63546,50.52371],[13.62981,50.5255],[13.62817,50.52611],[13.62674,50.52654],[13.62524,50.52684]]}},{"type":"Feature","properties":{"cislo":"7","trida":"I","vetev":1},"geometry":{"type":"MultiLineString","coordinates":[[[13.72918,50.35197],[13.72689,50.35314],[13.72489,50.35382],[13.72512,50.35365]],[[13.72512,50.35365],[13.72629,50.3527],[13.7266,50.35252]],[[13.72918,50.35197],[13.72702,50.35269],[13.72595,50.35318],[13.72512,50.35365]],[[13.72747,50.35152],[13.72823,50.35158],[13.72937,50.35192],[13.72918,50.35197]]]}},{"type":"Feature","properties":{"cislo":"D7     1","trida":"D2","vetev":1},"geometry":{"type":"MultiLineString","coordinates":[[[13.4409,50.41962],[13.43969,50.42011]],[[13.4984,50.40797],[13.49671,50.40862]],[[13.55623,50.38382],[13.55453,50.38421]],[[13.62745,50.3698],[13.62509,50.37026]],[[13.68309,50.36434],[13.68076,50.36394]],[[13.77571,50.34938],[13.77324,50.34964],[13.76785,50.34982]],[[13.82983,50.33879],[13.82823,50.33914],[13.82419,50.33972]],[[13.90674,50.29738],[13.90471,50.29855]]]}},{"type":"Feature","properties":{"cislo":"9","trida":"I","vetev":1},"geometry":{"type":"MultiLineString","coordinates":[[[14.55905,50.93814],[14.55887,50.93834],[14.55845,50.93847],[14.5581,50.93846],[14.55774,50.93835],[14.55758,50.9382],[14.55753,50.93794],[14.55764,50.9377],[14.55786,50.93757]],[[14.55786,50.93757],[14.55838,50.93711],[14.55851,50.93737],[14.55876,50.93756]],[[14.55786,50.93757],[14.55831,50.93748],[14.55876,50.93756]],[[14.55876,50.93756],[14.55894,50.93768]],[[14.55894,50.93768],[14.55928,50.93777],[14.55971,50.93778],[14.55935,50.9379],[14.55905,50.93814]],[[14.55894,50.93768],[14.55909,50.93792],[14.55905,50.93814]],[[14.57804,50.94232],[14.57838,50.94272],[14.57868,50.94335]],[[14.57804,50.94232],[14.57807,50.94222],[14.57827,50.94208],[14.57833,50.94192]],[[14.57858,50.94233],[14.57834,50.94221],[14.57804,50.94232]],[[14.57833,50.94192],[14.57898,50.94205]],[[14.57833,50.94192],[14.57858,50.94233]],[[14.57898,50.94205],[14.57864,50.94213],[14.57858,50.94233]],[[14.57898,50.94205],[14.57916,50.94212],[14.57925,50.94223],[14.5794,50.94332]],[[14.55833,50.9327],[14.55844,50.93253],[14.55876,50.93244],[14.55901,50.93251],[14.55917,50.93274],[14.55904,50.93291],[14.55872,50.93299],[14.55841,50.93288],[14.55833,50.9327]],[[14.58344,50.87516],[14.58354,50.87503],[14.58368,50.875],[14.58382,50.87504],[14.58389,50.87516],[14.58383,50.87528],[14.58367,50.87533],[14.58352,50.8753],[14.58344,50.87516]]]}},{"type":"Feature","properties":{"cislo":"27     1","trida":"I","vetev":1},"geometry":{"type":"LineString","coordinates":[[13.60541,50.59066],[13.60428,50.59055],[13.60372,50.59033],[13.60333,50.59005],[13.60303,50.58965],[13.60188,50.58748]]}},{"type":"Feature","properties":{"cislo":"62     2","trida":"I","vetev":0},"geometry":{"type":"LineString","coordinates":[[14.05648,50.66182],[14.05397,50.66141],[14.05085,50.66118],[14.0501,50.66104]]}},{"type":"Feature","properties":{"cislo":"D6     2","trida":"D2","vetev":0},"geometry":{"type":"MultiLineString","coordinates":[[[13.22836,50.13406],[13.23037,50.1341],[13.23241,50.13426]],[[13.24191,50.13469],[13.25107,50.1349],[13.25324,50.13487],[13.25532,50.13466],[13.25935,50.13394],[13.26168,50.13358],[13.26505,50.13321],[13.26841,50.13293],[13.27386,50.13265],[13.27983,50.13248],[13.28558,50.13235],[13.2882,50.13237],[13.29182,50.13266],[13.29533,50.13324],[13.29792,50.13386],[13.30829,50.13665],[13.31044,50.13711],[13.31214,50.13733],[13.31387,50.13742],[13.3156,50.13739],[13.31729,50.13725]],[[13.32025,50.13665],[13.32166,50.13622],[13.323,50.13569],[13.32424,50.13508],[13.32537,50.13439],[13.32637,50.13365],[13.3272,50.1329],[13.33087,50.12864],[13.33214,50.12745],[13.33329,50.12665],[13.33479,50.12586],[13.33607,50.12534],[13.33734,50.12506]]]}},{"type":"Feature","properties":{"cislo":"13    H","trida":"I","vetev":0},"geometry":{"type":"LineString","coordinates":[[13.54461,50.52251],[13.54501,50.52237],[13.54547,50.52241],[13.54573,50.52254],[13.54617,50.52296],[13.54654,50.5232],[13.54728,50.52352],[13.55225,50.52454],[13.55439,50.52479],[13.56202,50.52535],[13.56568,50.52581],[13.56732,50.52621],[13.56996,50.52621],[13.57018,50.52631],[13.57032,50.52661]]}},{"type":"Feature","properties":{"cislo":"13    H","trida":"I","vetev":1},"geometry":{"type":"LineString","coordinates":[[13.57032,50.52661],[13.57031,50.5268],[13.56975,50.52733]]}},{"type":"Feature","properties":{"cislo":"27     1","trida":"I","vetev":0},"geometry":{"type":"LineString","coordinates":[[13.62621,50.53634],[13.62708,50.53548],[13.62767,50.53477],[13.62799,50.53417],[13.62818,50.53354],[13.62822,50.53266],[13.62791,50.5287],[13.6277,50.527],[13.62788,50.52637],[13.62842,50.52574]]}},{"type":"Feature","properties":{"cislo":"27    B2","trida":"I","vetev":0},"geometry":{"type":"LineString","coordinates":[[13.62912,50.52578],[13.62869,50.52603],[13.62834,50.52634],[13.62803,50.52694],[13.62798,50.52739],[13.62818,50.53007]]}},{"type":"Feature","properties":{"cislo":"7     I1","trida":"I","vetev":0},"geometry":{"type":"LineString","coordinates":[[13.40925,50.46159],[13.40805,50.46174],[13.40728,50.46197],[13.40668,50.46231],[13.40599,50.46292]]}},{"type":"Feature","properties":{"cislo":"D6","trida":"D2","vetev":0},"geometry":{"type":"LineString","coordinates":[[13.33982,50.12467],[13.33869,50.12475],[13.33734,50.12506]]}},{"type":"Feature","properties":{"cislo":"27    J","trida":"I","vetev":0},"geometry":{"type":"LineString","coordinates":[[13.56498,50.40255],[13.5641,50.40264],[13.56384,50.40254],[13.56344,50.40122]]}},{"type":"Feature","properties":{"cislo":"62     1","trida":"I","vetev":0},"geometry":{"type":"LineString","coordinates":[[14.0501,50.66104],[14.0511,50.66102],[14.05407,50.66124],[14.05572,50.66155],[14.05648,50.66182]]}},{"type":"Feature","properties":{"cislo":"30     1","trida":"I","vetev":0},"geometry":{"type":"LineString","coordinates":[[14.0349,50.67749],[14.03083,50.67597],[14.02972,50.67682],[14.02894,50.67731],[14.02486,50.6794],[14.018,50.68364],[14.01767,50.68382],[14.01742,50.68386]]}},{"type":"Feature","properties":{"cislo":"30     2","trida":"I","vetev":0},"geometry":{"type":"LineString","coordinates":[[14.01742,50.68386],[14.02462,50.6794],[14.02811,50.67766],[14.02898,50.67716],[14.02972,50.67668],[14.03077,50.67588],[14.03116,50.67593],[14.03227,50.67635],[14.03424,50.67712],[14.03479,50.67737],[14.0349,50.67749]]}}]}