{"type":"FeatureCollection","features":[{"type":"Feature","properties":{"elektr":1},"geometry":{"type":"MultiLineString","coordinates":[[[13.0932,50.35761],[13.09444,50.35772],[13.0956,50.35802],[13.09617,50.35824],[13.09691,50.35866],[13.09764,50.35929],[13.09811,50.35993],[13.09838,50.36053],[13.09918,50.36294],[13.09973,50.36506],[13.10088,50.36759],[13.10141,50.3682],[13.102,50.36862],[13.10286,50.36902],[13.10362,50.36924],[13.10491,50.36941],[13.10703,50.3695],[13.10881,50.36935],[13.10997,50.36912],[13.11078,50.3688],[13.11522,50.36658],[13.11968,50.36452],[13.12097,50.36406],[13.12243,50.36375],[13.12433,50.36357],[13.12532,50.36356],[13.12603,50.36363],[13.12732,50.36401],[13.12882,50.36479],[13.12969,50.36515],[13.13062,50.36535],[13.13183,50.3654],[13.13298,50.36525],[13.13385,50.36497],[13.13584,50.36382],[13.13703,50.36337],[13.13833,50.36315],[13.13978,50.36319],[13.14054,50.36333],[13.14126,50.36357],[13.14638,50.36594],[13.14771,50.36639],[13.14899,50.36673],[13.15009,50.36692],[13.15143,50.36706],[13.15668,50.36707],[13.15782,50.36713],[13.1603,50.36746],[13.16146,50.36779],[13.16231,50.36815],[13.16326,50.36873],[13.16546,50.37044],[13.16768,50.37259],[13.16915,50.37382],[13.16951,50.37423],[13.17035,50.37558],[13.17089,50.37619],[13.17293,50.37764],[13.1745,50.37896],[13.17511,50.37937],[13.17597,50.37979],[13.17897,50.38074],[13.18034,50.38138],[13.18131,50.38211],[13.185,50.38553],[13.18577,50.38602],[13.18701,50.38652],[13.18817,50.38675],[13.18917,50.38682],[13.19019,50.3868],[13.1913,50.38665],[13.2008,50.38379],[13.20508,50.38309],[13.2065,50.383],[13.20772,50.38303],[13.21013,50.38316],[13.21149,50.38341],[13.2172,50.38576],[13.22144,50.38682],[13.22288,50.38733],[13.23989,50.3957],[13.24157,50.3966],[13.24253,50.3972],[13.24359,50.39797],[13.24437,50.39863],[13.24529,50.39953],[13.24614,50.40051],[13.24877,50.40401],[13.24944,50.40476],[13.25063,50.40575],[13.25435,50.40845]],[[13.25435,50.40845],[13.25381,50.40798]],[[13.25435,50.40845],[13.25535,50.40926],[13.27256,50.42193],[13.27386,50.42313],[13.27951,50.42917],[13.28017,50.42977],[13.28154,50.4307],[13.28324,50.43152],[13.28512,50.43213],[13.2926,50.43352],[13.29536,50.43423],[13.30447,50.4374],[13.30586,50.43802],[13.30706,50.43875],[13.31017,50.44138],[13.31105,50.44203],[13.31254,50.44285],[13.31399,50.44341],[13.31591,50.44391],[13.31774,50.44415],[13.31952,50.4442],[13.32126,50.44408],[13.32306,50.44377],[13.33488,50.44085],[13.3365,50.4405],[13.33794,50.44027],[13.33984,50.44009],[13.34146,50.44002],[13.34323,50.44006],[13.34506,50.4402],[13.34669,50.44043],[13.3484,50.44078],[13.34974,50.44114],[13.35159,50.44176],[13.35782,50.44434],[13.35921,50.44481],[13.36328,50.44599]],[[13.27917,50.38512],[13.27803,50.38393],[13.27745,50.38297],[13.27713,50.38204],[13.27677,50.38005]],[[13.36328,50.44599],[13.36443,50.44625]],[[13.36328,50.44599],[13.36527,50.44653],[13.3669,50.44678],[13.36827,50.44683],[13.37332,50.44665],[13.37473,50.44677],[13.37641,50.44713],[13.37753,50.44753],[13.37884,50.44821],[13.38235,50.45085],[13.38357,50.4516],[13.38499,50.45219],[13.38904,50.45345]],[[13.38904,50.45345],[13.40166,50.45763],[13.40292,50.45825],[13.40346,50.45861],[13.40403,50.45919],[13.40438,50.45969]],[[13.38904,50.45345],[13.38863,50.45325],[13.39108,50.4539],[13.39311,50.45408],[13.39451,50.45431],[13.40506,50.45778],[13.40574,50.45802],[13.4063,50.4583],[13.40684,50.4587],[13.4072,50.45915],[13.40745,50.45961],[13.40753,50.46007],[13.40747,50.46054],[13.40691,50.46202],[13.40648,50.46355],[13.4065,50.46423],[13.40668,50.46468],[13.40695,50.46509],[13.40736,50.46549],[13.41047,50.46767],[13.41129,50.46834]],[[13.41129,50.46834],[13.40599,50.46467],[13.40536,50.46417],[13.40503,50.46381],[13.40467,50.46321],[13.40454,50.46277],[13.40452,50.46218],[13.40472,50.46106],[13.40473,50.46072],[13.40461,50.46013],[13.40438,50.45969]],[[13.40438,50.45969],[13.4046,50.46081],[13.40459,50.46116],[13.4044,50.46169]],[[13.41129,50.46834],[13.4129,50.46943],[13.41416,50.47009],[13.42323,50.47379],[13.42472,50.4743],[13.42605,50.47458],[13.42741,50.47475],[13.43561,50.47538],[13.437,50.47572],[13.43808,50.47623],[13.43887,50.47684],[13.43921,50.47722],[13.43954,50.47773],[13.44098,50.48043],[13.44139,50.48107],[13.4421,50.48189],[13.44318,50.4828],[13.46204,50.49447],[13.46319,50.49529],[13.46416,50.49622],[13.46465,50.49687],[13.4695,50.50442],[13.47048,50.50559],[13.47202,50.5069],[13.47336,50.50775],[13.47489,50.5085],[13.4764,50.50909],[13.47868,50.50972],[13.48104,50.51008],[13.48527,50.51037],[13.51318,50.51184],[13.5145,50.512],[13.51608,50.51228],[13.52542,50.51455],[13.52815,50.51498],[13.55785,50.51644],[13.5594,50.51662],[13.5618,50.51718],[13.5676,50.51914],[13.57133,50.52042],[13.57614,50.5222],[13.58691,50.52601],[13.588,50.52635],[13.58919,50.52662],[13.59038,50.52681],[13.60016,50.52795]],[[13.41536,50.39745],[13.42392,50.39524],[13.42608,50.3945],[13.42843,50.39325],[13.43666,50.38812],[13.43838,50.38735],[13.44019,50.38681],[13.44169,50.38653],[13.44277,50.38641],[13.4529,50.3856],[13.45393,50.3856],[13.4574,50.38586],[13.45916,50.38577],[13.46064,50.3855],[13.46707,50.38397],[13.47152,50.38336],[13.47565,50.38228],[13.47716,50.38199],[13.47865,50.38185],[13.47974,50.38183],[13.48488,50.38207],[13.4873,50.38201],[13.49944,50.38046],[13.50205,50.37981],[13.5073,50.37783],[13.50899,50.37733],[13.51669,50.37557],[13.52209,50.37467],[13.53159,50.37185],[13.53446,50.37125],[13.53567,50.37089],[13.5368,50.37029],[13.53759,50.36959],[13.53791,50.36911],[13.53851,50.36777],[13.53875,50.36737],[13.5392,50.36684],[13.53984,50.36629],[13.54224,50.36449],[13.54433,50.36341],[13.54499,50.36297],[13.54796,50.3603],[13.54863,50.35989],[13.55125,50.35867],[13.55186,50.35823],[13.55234,50.35767],[13.55251,50.35736],[13.55264,50.35689],[13.55259,50.35611],[13.55171,50.35311],[13.55122,50.35069],[13.55023,50.34832],[13.54997,50.34744]],[[13.53049,50.33762],[13.53114,50.33774],[13.54305,50.33917]],[[13.54305,50.33917],[13.54451,50.33929],[13.54565,50.3392],[13.55183,50.3376]],[[13.54305,50.33917],[13.54537,50.33952],[13.54608,50.33971],[13.54696,50.34013],[13.54752,50.34053],[13.54776,50.34078],[13.54806,50.34124],[13.54826,50.34175],[13.54966,50.34662],[13.54997,50.34744]],[[13.55183,50.3376],[13.55064,50.33812],[13.5497,50.33881],[13.54926,50.33925],[13.54885,50.33977],[13.54857,50.34029],[13.54842,50.34074],[13.54834,50.34141],[13.5484,50.34198],[13.54997,50.34744]],[[13.55905,50.33569],[13.55183,50.3376]],[[13.56059,50.33505],[13.55975,50.33545],[13.55905,50.33569]],[[13.55905,50.33569],[13.56025,50.33552],[13.56111,50.33551],[13.56209,50.33565],[13.56302,50.33594],[13.56354,50.3362],[13.56404,50.33656],[13.56617,50.33843],[13.56681,50.33891],[13.56804,50.33958],[13.56946,50.34009],[13.58625,50.34363],[13.58715,50.3438],[13.58808,50.34388],[13.5889,50.34386],[13.58973,50.34375],[13.59119,50.34333],[13.608,50.33641],[13.60877,50.33621],[13.60992,50.33607],[13.61084,50.33608],[13.61191,50.33622],[13.61269,50.33641],[13.61341,50.33669],[13.62076,50.34008],[13.62198,50.34054],[13.62293,50.34073],[13.62423,50.3408],[13.62543,50.34068],[13.62774,50.34021],[13.62886,50.34019],[13.63023,50.34037],[13.63138,50.34072],[13.63222,50.34114],[13.63581,50.34357],[13.63663,50.34407],[13.63765,50.34453],[13.63869,50.34486],[13.64043,50.34518],[13.6441,50.34551],[13.64551,50.3457],[13.64744,50.34602],[13.64921,50.3464],[13.65127,50.34695],[13.6656,50.35147],[13.66677,50.35176],[13.67122,50.35262],[13.67194,50.35288],[13.67354,50.35364],[13.67416,50.35385],[13.67509,50.35405],[13.67598,50.35413],[13.67862,50.35411],[13.67989,50.35435],[13.68078,50.35472],[13.6815,50.35526],[13.68199,50.35584],[13.68266,50.35718],[13.68307,50.35762],[13.68372,50.35807],[13.68486,50.35857],[13.68559,50.35881],[13.68871,50.3593],[13.68975,50.35958],[13.69457,50.36199]],[[13.60016,50.52795],[13.61209,50.52924],[13.61434,50.52931],[13.61611,50.52922],[13.62015,50.52867],[13.62231,50.52825],[13.63371,50.52465]],[[13.63083,50.53294],[13.63078,50.53222],[13.63068,50.53188],[13.63046,50.53152],[13.63006,50.5311],[13.62884,50.53012],[13.6278,50.52949],[13.62712,50.52919],[13.62595,50.52884],[13.6251,50.52867],[13.62396,50.52856],[13.62285,50.52857],[13.61987,50.52881],[13.61594,50.52932],[13.61471,50.52939],[13.61287,50.52937],[13.60995,50.5291],[13.60245,50.52827],[13.60016,50.52795]],[[13.6289,50.59327],[13.62727,50.59352],[13.62529,50.59412],[13.62141,50.59506],[13.62015,50.59526],[13.6191,50.59527],[13.6181,50.59517],[13.61729,50.59499],[13.61278,50.59378],[13.60676,50.59206]],[[13.63083,50.53294],[13.63043,50.53509],[13.63019,50.5357],[13.62967,50.53653],[13.6287,50.53753],[13.62481,50.5405],[13.62335,50.54249],[13.62148,50.54402],[13.62086,50.54442],[13.61861,50.54538],[13.6161,50.54679],[13.61417,50.54752],[13.61365,50.54778],[13.61305,50.54832],[13.61281,50.54887],[13.61284,50.54939],[13.61295,50.54966],[13.61326,50.55005],[13.61364,50.55035],[13.61411,50.55059],[13.61669,50.55141],[13.61751,50.55173],[13.61851,50.55237],[13.6189,50.55273],[13.61928,50.55323],[13.61954,50.55379],[13.61967,50.55435],[13.61962,50.55513],[13.61931,50.55693],[13.6196,50.55859],[13.61961,50.5599],[13.6197,50.56046],[13.61994,50.56095],[13.62044,50.56151],[13.62249,50.56283],[13.6231,50.56345],[13.62341,50.56393],[13.62368,50.56482],[13.62411,50.5667],[13.62405,50.56735],[13.62386,50.56775],[13.62356,50.56813],[13.62314,50.56847],[13.62266,50.56874],[13.62206,50.56897],[13.61834,50.57011],[13.61009,50.57237],[13.60562,50.57325],[13.60486,50.57349],[13.6041,50.57388],[13.60361,50.57431],[13.60322,50.57491],[13.60228,50.57786],[13.60206,50.57869],[13.60114,50.58401],[13.60124,50.58493],[13.60166,50.58583],[13.602,50.58627],[13.6025,50.58676],[13.60308,50.58722],[13.6036,50.58753],[13.60474,50.58803],[13.61283,50.59091],[13.61927,50.59369],[13.62036,50.59396],[13.62164,50.59404],[13.62752,50.59335],[13.6289,50.59327]],[[13.64073,50.5927],[13.6289,50.59327]],[[13.63083,50.53294],[13.63087,50.53233],[13.63067,50.53169],[13.63031,50.53124],[13.62935,50.53041],[13.62892,50.52978],[13.62883,50.52932],[13.62885,50.52888],[13.62896,50.52813],[13.6292,50.5272],[13.62944,50.52677],[13.6298,50.52635],[13.63051,50.52585],[13.63137,50.52548],[13.63298,50.52495],[13.63371,50.52465]],[[13.63371,50.52465],[13.63643,50.52374],[13.63763,50.52314],[13.63844,50.52255],[13.6393,50.52164],[13.64054,50.51957],[13.64101,50.51891],[13.64196,50.51801],[13.64314,50.51728],[13.64426,50.51681],[13.65289,50.51404],[13.65396,50.51365],[13.65518,50.51312],[13.66032,50.51064],[13.66368,50.50891]],[[13.71696,50.61636],[13.71311,50.61526],[13.70216,50.61185],[13.70127,50.61152],[13.70059,50.61116],[13.69975,50.61054],[13.69665,50.60709],[13.69619,50.60668],[13.69552,50.60626],[13.69444,50.60577],[13.68737,50.60306],[13.68651,50.60256],[13.68494,50.60128],[13.68397,50.6008],[13.68273,50.60046],[13.67961,50.59999],[13.67824,50.59952],[13.67766,50.59921],[13.67217,50.59554],[13.67163,50.59527],[13.67095,50.59503],[13.67007,50.59485],[13.66922,50.5948],[13.66617,50.59502],[13.66543,50.59496],[13.66454,50.59477],[13.66353,50.59438],[13.65536,50.59053],[13.65375,50.58999],[13.65195,50.5897],[13.6502,50.58968],[13.64943,50.5898],[13.64869,50.59],[13.64814,50.59024],[13.64759,50.59056],[13.64596,50.59182],[13.64539,50.5921],[13.64465,50.59235],[13.64357,50.59255],[13.64073,50.5927]],[[13.64073,50.5927],[13.64094,50.5927],[13.64105,50.5927]],[[13.66368,50.50891],[13.66457,50.50841],[13.66562,50.50799],[13.66627,50.50778],[13.66728,50.50762],[13.6717,50.50744],[13.67523,50.50766],[13.67664,50.50755],[13.67783,50.50718],[13.67942,50.50625],[13.68018,50.50587],[13.681,50.50562],[13.6818,50.50549],[13.68307,50.50549],[13.68729,50.50595],[13.68817,50.50594],[13.69032,50.50578],[13.69093,50.50579],[13.69185,50.50595],[13.69322,50.50639],[13.69409,50.50651],[13.69479,50.50647],[13.69587,50.50622]],[[13.66368,50.50891],[13.6651,50.50824],[13.66569,50.50804],[13.66748,50.50771],[13.67165,50.50751],[13.67531,50.50773],[13.67669,50.50765],[13.67772,50.50741],[13.68175,50.50606],[13.68295,50.50583],[13.68405,50.5058],[13.68566,50.50595],[13.68754,50.50623],[13.68829,50.50644],[13.68919,50.50683],[13.68997,50.50737],[13.69053,50.508],[13.69079,50.5085],[13.69122,50.50998]],[[13.69122,50.50998],[13.69171,50.51125],[13.69197,50.51165],[13.69253,50.51228],[13.69341,50.51296],[13.69501,50.51378]],[[13.69122,50.50998],[13.69151,50.51105],[13.69208,50.51218],[13.69287,50.51323],[13.69389,50.51423],[13.69491,50.515],[13.70172,50.51941]],[[13.69457,50.36199],[13.69483,50.3621]],[[13.69754,50.3703],[13.69941,50.36807],[13.69978,50.36748],[13.7,50.36667],[13.7,50.36624],[13.69988,50.36564],[13.69948,50.36491],[13.69868,50.36425],[13.69772,50.36365],[13.69457,50.36199]],[[13.70209,50.51963],[13.69903,50.5171],[13.69766,50.5155],[13.69711,50.51498],[13.69638,50.51448],[13.69501,50.51378]],[[13.70172,50.51941],[13.70087,50.51876],[13.70027,50.51821],[13.69743,50.5163],[13.69645,50.51553],[13.69556,50.51456],[13.69501,50.51378]],[[13.69501,50.51378],[13.69304,50.51076],[13.69285,50.51005],[13.69287,50.50952],[13.69319,50.50854],[13.69393,50.50723],[13.69455,50.50673],[13.69587,50.50622]],[[13.69587,50.50622],[13.69773,50.50558],[13.69852,50.50539],[13.69915,50.50514],[13.70057,50.5045],[13.70116,50.50402],[13.70152,50.50348],[13.70165,50.50305],[13.70185,50.50091],[13.70184,50.5002]],[[13.70173,50.49983],[13.70162,50.49948],[13.7015,50.49861],[13.70146,50.49778],[13.70161,50.49722],[13.70201,50.49663],[13.70262,50.49611],[13.70321,50.49579],[13.70825,50.49346],[13.70903,50.49307],[13.70959,50.49271],[13.71,50.4923],[13.71035,50.4917],[13.71043,50.49098],[13.71029,50.49042],[13.71002,50.49001],[13.7097,50.48967],[13.70935,50.4894],[13.70877,50.48908],[13.70793,50.48878],[13.70206,50.48723],[13.70094,50.48672],[13.70037,50.48632],[13.69996,50.48591],[13.69729,50.48176],[13.69685,50.48078],[13.69672,50.47962],[13.69639,50.47106],[13.69623,50.47021],[13.69597,50.46962],[13.69553,50.46903],[13.69475,50.46832],[13.68682,50.46315],[13.6862,50.46269],[13.68568,50.46217],[13.6854,50.46178],[13.68513,50.46121],[13.68499,50.46055],[13.68506,50.45975],[13.68523,50.4593],[13.68554,50.45882],[13.686,50.45831],[13.68693,50.45757],[13.69131,50.45513],[13.69223,50.45445],[13.69287,50.45379],[13.69325,50.45326],[13.69356,50.45264],[13.69378,50.45172],[13.69376,50.45097],[13.69342,50.4499],[13.68823,50.43942],[13.68785,50.43851],[13.68755,50.43742],[13.68532,50.42663],[13.68509,50.42477],[13.68512,50.42376],[13.68681,50.40978],[13.69048,50.38102],[13.69073,50.37946],[13.69125,50.37805],[13.69209,50.37662],[13.69754,50.3703]],[[13.69754,50.3703],[13.69777,50.37007]],[[13.70173,50.49983],[13.7016,50.49861]],[[13.70172,50.51941],[13.70209,50.51963]],[[13.70184,50.5002],[13.70173,50.49983]],[[13.70184,50.5002],[13.70183,50.50007]],[[13.70209,50.51963],[13.70368,50.52049],[13.70634,50.52148],[13.7077,50.52212],[13.70848,50.52267],[13.71083,50.52473],[13.71182,50.5254],[13.71242,50.52567],[13.71326,50.52593],[13.71464,50.52616],[13.716,50.52618],[13.72351,50.52542],[13.72555,50.5253],[13.72807,50.52533],[13.73255,50.52572],[13.7339,50.52565],[13.73517,50.52537],[13.74312,50.52293],[13.74454,50.52267],[13.74544,50.52263],[13.74649,50.52271],[13.74761,50.52299],[13.74863,50.52344],[13.74921,50.52383],[13.74972,50.5243],[13.7509,50.5258],[13.7515,50.52642],[13.75229,50.52703],[13.75483,50.52863],[13.75532,50.52906],[13.75577,50.52962],[13.75652,50.5311],[13.75679,50.5318],[13.75693,50.53252],[13.75708,50.53408],[13.75736,50.53512],[13.75793,50.5363],[13.75898,50.53805],[13.75914,50.53856],[13.75964,50.5413],[13.75986,50.54184],[13.76024,50.54238],[13.76091,50.54296],[13.76168,50.54342],[13.76755,50.54622],[13.76837,50.54675],[13.76883,50.54719],[13.76904,50.54748],[13.76943,50.54819],[13.77539,50.56107]],[[13.75085,50.63336],[13.74916,50.63271],[13.74654,50.63182],[13.74533,50.63118],[13.7444,50.6304],[13.74105,50.627],[13.74043,50.62652],[13.73969,50.62609],[13.73829,50.62553],[13.73308,50.62427],[13.7319,50.62391],[13.73107,50.62358],[13.72992,50.62292],[13.72561,50.61962],[13.72391,50.61857],[13.72261,50.6181],[13.71696,50.61636]],[[13.7171,50.61643],[13.71696,50.61636]],[[13.7536,50.63505],[13.75216,50.63409],[13.75085,50.63336]],[[13.75085,50.63336],[13.74748,50.63184],[13.7465,50.63125],[13.74595,50.63085],[13.74516,50.63014],[13.74435,50.62909],[13.74398,50.62834],[13.74377,50.62767],[13.74368,50.62711],[13.74367,50.62642],[13.7438,50.62568],[13.74409,50.62484],[13.74449,50.62414],[13.74486,50.62364],[13.74534,50.62312],[13.74601,50.62255],[13.74724,50.62174],[13.76072,50.61451],[13.76224,50.6135],[13.76326,50.61253],[13.76393,50.61161],[13.76434,50.61083],[13.76641,50.60621],[13.76696,50.60535],[13.76778,50.60438],[13.76874,50.60351],[13.76949,50.60296],[13.77507,50.59937],[13.77609,50.59862],[13.77717,50.59757],[13.78296,50.59052],[13.78387,50.58949],[13.78502,50.58859],[13.78925,50.58604],[13.78989,50.58546],[13.79028,50.58488],[13.79048,50.58432],[13.79052,50.58384],[13.79041,50.58328],[13.79004,50.58255],[13.78069,50.57056]],[[13.7536,50.63505],[13.75344,50.63489]],[[13.7536,50.63505],[13.75503,50.63602],[13.75649,50.63686],[13.75838,50.63774],[13.76099,50.63882],[13.76227,50.63924],[13.77234,50.64197]],[[13.77234,50.64197],[13.77977,50.6439],[13.78102,50.64413],[13.7824,50.64425],[13.78405,50.64422],[13.78531,50.64407],[13.79052,50.643],[13.79178,50.64282],[13.79313,50.64271],[13.7955,50.64267]],[[13.77234,50.64197],[13.77271,50.64212]],[[13.78321,50.57139],[13.78174,50.57078],[13.78102,50.57031],[13.78033,50.56965],[13.77955,50.56868],[13.77897,50.5679],[13.77822,50.56668],[13.77561,50.5613],[13.77539,50.56107]],[[13.77539,50.56107],[13.7777,50.56608],[13.77835,50.56734],[13.77919,50.56863],[13.78069,50.57056]],[[13.77539,50.56107],[13.77542,50.56134],[13.77739,50.56587],[13.77819,50.56882],[13.77858,50.56939],[13.77916,50.56989],[13.77978,50.57021],[13.78069,50.57056]],[[13.78069,50.57056],[13.78321,50.57139]],[[13.78321,50.57139],[13.78436,50.57173],[13.78607,50.57195],[13.78673,50.57209],[13.78768,50.57244],[13.78823,50.57278],[13.78885,50.57337],[13.79181,50.57714],[13.79224,50.57752],[13.79283,50.57786],[13.7941,50.57828],[13.80456,50.58067],[13.80558,50.58098],[13.8063,50.58133],[13.80676,50.58165],[13.81052,50.58539],[13.81112,50.58589],[13.81207,50.58649],[13.81393,50.58726],[13.82432,50.59096],[13.82556,50.59113],[13.82661,50.59106],[13.82763,50.59076],[13.82952,50.58996],[13.83057,50.58974],[13.83159,50.58971],[13.83486,50.5899],[13.83649,50.58991],[13.83753,50.58983],[13.84835,50.5883],[13.84956,50.58831],[13.85027,50.58843],[13.85086,50.58862],[13.85164,50.58906],[13.85204,50.58941],[13.85229,50.58977],[13.85247,50.59034],[13.8524,50.59211],[13.85251,50.59265],[13.85276,50.59315],[13.85312,50.59357],[13.85353,50.59392],[13.85403,50.59423],[13.85496,50.59463],[13.85561,50.59482],[13.85657,50.595],[13.85722,50.59504],[13.85819,50.59496],[13.86037,50.59448],[13.86105,50.59445],[13.86195,50.59454],[13.86283,50.59478],[13.86455,50.59549],[13.86518,50.59598],[13.86555,50.59653],[13.86619,50.59834],[13.86631,50.59897],[13.86621,50.59947],[13.86579,50.60011],[13.86517,50.60058],[13.86416,50.60098],[13.8631,50.60114],[13.86025,50.60129],[13.85929,50.60151],[13.85833,50.60196],[13.85796,50.60223],[13.85749,50.60274],[13.85725,50.60318],[13.85717,50.60366],[13.85726,50.60417],[13.85744,50.6045],[13.85773,50.60485],[13.8581,50.60516],[13.859,50.60563],[13.86181,50.60674],[13.86281,50.60699],[13.8637,50.60706],[13.86454,50.60701],[13.8655,50.60681],[13.86864,50.60546],[13.86924,50.60528],[13.87011,50.60515],[13.87109,50.60517],[13.87197,50.60534],[13.87294,50.60571],[13.87604,50.60736]],[[13.79281,50.64227],[13.79393,50.64255],[13.7955,50.64267]],[[13.7955,50.64267],[13.81386,50.64246],[13.81612,50.6427],[13.82179,50.64379],[13.82321,50.64416],[13.83288,50.64804],[13.83391,50.64857],[13.83473,50.64923],[13.83532,50.65004],[13.83549,50.65058],[13.83552,50.65097],[13.83538,50.65169],[13.83443,50.65377],[13.83416,50.65477],[13.83414,50.6554],[13.8342,50.65597],[13.83444,50.65675],[13.83472,50.65728],[13.83605,50.65909],[13.83697,50.66008],[13.84079,50.6634],[13.84182,50.66407],[13.84279,50.66455],[13.84454,50.66517],[13.84675,50.66562],[13.85799,50.66636],[13.85946,50.66656],[13.86106,50.66691],[13.86259,50.66734],[13.8639,50.66785],[13.86926,50.67076],[13.87031,50.67124],[13.87206,50.67184],[13.87381,50.67224],[13.87562,50.67247],[13.87812,50.67251],[13.88176,50.67225],[13.88677,50.67156]],[[13.87579,50.60714],[13.87604,50.60736]],[[13.87604,50.60736],[13.87928,50.60977],[13.88136,50.61114]],[[13.98868,50.64786],[13.98269,50.64673],[13.98187,50.64649],[13.98105,50.64606],[13.98065,50.64575],[13.98037,50.64543],[13.98012,50.64485],[13.98009,50.64439],[13.98023,50.64389],[13.98069,50.64328],[13.9812,50.64289],[13.98327,50.64177],[13.98396,50.64116],[13.98441,50.64054],[13.98776,50.63351],[13.98827,50.63278],[13.98999,50.63098],[13.99027,50.63036],[13.99044,50.6291],[13.99064,50.62858],[13.99093,50.62823],[13.99192,50.62729],[13.99234,50.62675],[13.99251,50.62624],[13.99249,50.62575],[13.99232,50.62529],[13.99202,50.62487],[13.99139,50.62437],[13.99044,50.62397],[13.98413,50.62256],[13.98335,50.62233],[13.98239,50.62192],[13.98077,50.62089],[13.97984,50.62051],[13.97907,50.62033],[13.97823,50.62025],[13.97527,50.62021],[13.97388,50.61992],[13.9731,50.6196],[13.9725,50.61922],[13.96929,50.61667],[13.96857,50.61629],[13.96778,50.61601],[13.96674,50.61582],[13.96573,50.61579],[13.96096,50.61625],[13.96023,50.61627],[13.95922,50.61616],[13.95825,50.61587],[13.95749,50.61548],[13.95691,50.61499],[13.95324,50.61097],[13.95241,50.61019],[13.95147,50.60944],[13.95065,50.60908],[13.9494,50.60879],[13.94272,50.60824],[13.94115,50.60831],[13.93856,50.60874],[13.93746,50.60876],[13.92506,50.60701],[13.92396,50.6067],[13.92317,50.60635],[13.92249,50.60591],[13.92099,50.6046],[13.92011,50.60415],[13.91143,50.60138],[13.91034,50.60114],[13.90944,50.6011],[13.9086,50.60118],[13.90774,50.60138],[13.90434,50.60244],[13.90335,50.60287],[13.90275,50.60333],[13.90242,50.60373],[13.90138,50.60546],[13.90106,50.6059],[13.9005,50.60635],[13.8995,50.60679],[13.89839,50.60699],[13.89729,50.60696],[13.89307,50.60616],[13.8921,50.60604],[13.89093,50.60611],[13.89022,50.60629],[13.88961,50.60655],[13.88889,50.60708],[13.88863,50.60741],[13.88842,50.60788],[13.88837,50.60837],[13.88864,50.60992],[13.88856,50.61044],[13.88845,50.61068],[13.88822,50.61102],[13.88783,50.6114],[13.88683,50.61195],[13.88618,50.61214],[13.88544,50.61226],[13.8847,50.61229],[13.88398,50.61223],[13.88324,50.61208],[13.88252,50.61181],[13.88136,50.61114]],[[13.88136,50.61114],[13.8823,50.61182]],[[13.88734,50.67141],[13.88677,50.67156]],[[13.88677,50.67156],[13.89551,50.67032],[13.89714,50.67019],[13.89838,50.67017],[13.9002,50.67031],[13.90175,50.67055],[13.90307,50.67086],[13.90463,50.67139],[13.90618,50.67212],[13.92451,50.682],[13.92728,50.68345],[13.92837,50.68393],[13.92948,50.68432],[13.93035,50.68456],[13.9325,50.68492],[13.93469,50.68502],[13.93672,50.68486],[13.93878,50.68445],[13.9402,50.684],[13.941,50.68366],[13.94804,50.67971],[13.95059,50.67861],[13.95343,50.67776],[13.96313,50.67573],[13.96617,50.67492],[13.96786,50.67436],[13.96971,50.67363],[13.97202,50.67255],[13.97343,50.67178],[13.97513,50.67069],[13.9772,50.66911],[13.97861,50.6678],[13.97997,50.66624],[13.98073,50.6652],[13.98125,50.66437],[13.98453,50.65789]],[[13.98868,50.64786],[13.98757,50.64818],[13.98651,50.64873],[13.98583,50.64933],[13.98537,50.65006],[13.98524,50.65051],[13.98521,50.65093],[13.98563,50.65333],[13.98557,50.65478],[13.98539,50.6555],[13.98453,50.65789]],[[13.99573,50.65088],[13.99403,50.65028],[13.99314,50.65011],[13.9921,50.65005],[13.99136,50.65009],[13.99033,50.65027],[13.98937,50.65058],[13.98868,50.65093],[13.98806,50.65139],[13.98745,50.65213],[13.98453,50.65789]],[[13.99573,50.65088],[13.99078,50.64852],[13.9898,50.64813],[13.98868,50.64786]],[[13.9975,50.65158],[13.99593,50.65064],[13.99535,50.65017],[13.99395,50.64883],[13.99291,50.64825],[13.99177,50.64789],[13.99096,50.64776],[13.98987,50.64772],[13.98868,50.64786]],[[13.99837,50.65216],[13.99573,50.65088]],[[13.9975,50.65158],[13.99875,50.65215],[14.00042,50.65268],[14.00157,50.6529],[14.00402,50.65318],[14.00514,50.65339]],[[13.99837,50.65216],[13.9975,50.65158]],[[14.00514,50.65339],[14.00055,50.6529],[13.99966,50.65266],[13.99837,50.65216]],[[14.0288,50.65807],[14.02507,50.65703],[14.02328,50.65669],[14.02206,50.65653],[14.01,50.65601],[14.00863,50.65589],[14.00676,50.6556],[14.0053,50.65525],[14.00408,50.65483],[13.99837,50.65216]],[[14.00514,50.65339],[14.00671,50.65352],[14.01148,50.65364],[14.01958,50.653],[14.02111,50.65304],[14.02281,50.65333],[14.02426,50.65384],[14.0251,50.65429],[14.02691,50.65557],[14.02822,50.65632],[14.03055,50.65732],[14.03135,50.65756],[14.03217,50.65766],[14.03306,50.65766],[14.03685,50.65721],[14.03987,50.65675]],[[14.04666,50.66051],[14.0461,50.66039],[14.04527,50.66006],[14.04427,50.65952],[14.04257,50.65845],[14.04219,50.6583],[14.04115,50.65804],[14.04005,50.65797],[14.03906,50.658],[14.0328,50.65843],[14.0315,50.65843],[14.03033,50.65833],[14.0288,50.65807]],[[14.0288,50.65807],[14.02914,50.65807],[14.02999,50.65817],[14.03068,50.65818],[14.03316,50.65785]],[[14.03987,50.65675],[14.03902,50.65714],[14.038,50.65739],[14.03561,50.65751],[14.03316,50.65785]],[[14.03316,50.65785],[14.0379,50.65753],[14.03868,50.65737],[14.04051,50.65676],[14.04151,50.65654]],[[14.03987,50.65675],[14.04027,50.65647],[14.0407,50.65607],[14.04103,50.65558],[14.04119,50.65514],[14.04123,50.65451],[14.04094,50.65319],[14.04092,50.65278],[14.04098,50.65214],[14.04117,50.65174]],[[14.03987,50.65675],[14.04151,50.65654]],[[14.04117,50.65174],[14.04106,50.65284],[14.0411,50.65343],[14.04177,50.6565]],[[14.04117,50.65174],[14.04289,50.64717],[14.04558,50.63956],[14.04747,50.63287],[14.0478,50.63225],[14.0483,50.6316],[14.04897,50.63099],[14.05003,50.63021],[14.05047,50.62975],[14.05083,50.6292],[14.05138,50.62806],[14.05202,50.62725],[14.05284,50.62654],[14.05429,50.62563],[14.0553,50.62517],[14.05714,50.62458],[14.05888,50.62426],[14.06758,50.62337],[14.06917,50.62302],[14.07038,50.62252],[14.07104,50.62213],[14.07165,50.62166],[14.07234,50.62085],[14.07434,50.61734],[14.07472,50.61627],[14.07481,50.61554],[14.07478,50.61483],[14.07467,50.61416],[14.07419,50.61178],[14.07378,50.61013],[14.07339,50.60918],[14.07203,50.60705],[14.07158,50.60613],[14.07141,50.60546],[14.07122,50.60393],[14.07091,50.6029],[14.06921,50.60009],[14.06868,50.59933],[14.0681,50.59871],[14.06711,50.598],[14.06627,50.59757],[14.06507,50.59714],[14.06393,50.59689],[14.06286,50.59677],[14.05096,50.59684],[14.04358,50.597],[14.04257,50.59697],[14.04073,50.59667],[14.0395,50.59629],[14.03797,50.59555],[14.03299,50.5927],[14.03189,50.59198],[14.03131,50.59149],[14.03067,50.59074],[14.03021,50.58983],[14.02984,50.58856],[14.02968,50.58757],[14.02969,50.58684],[14.02983,50.58598],[14.03015,50.58511],[14.03073,50.58412],[14.03379,50.57997],[14.03494,50.57823],[14.03596,50.57638],[14.03632,50.57529],[14.03653,50.57379],[14.03647,50.5723],[14.0363,50.57139],[14.0362,50.57106],[14.03526,50.56933],[14.03377,50.56699],[14.03351,50.56639],[14.03336,50.56575],[14.03338,50.55926],[14.03351,50.55854],[14.0337,50.55797],[14.03476,50.55596],[14.03542,50.55505],[14.03787,50.55234],[14.03829,50.55165],[14.0385,50.55087],[14.03873,50.5488],[14.03908,50.54778],[14.03964,50.54698],[14.04046,50.54621],[14.0415,50.54556],[14.0425,50.5451],[14.04436,50.54457],[14.05119,50.543],[14.05224,50.54262],[14.0531,50.54219],[14.0541,50.54152],[14.05468,50.54096],[14.05707,50.53771],[14.05728,50.53733],[14.05749,50.53672],[14.05756,50.53622],[14.05751,50.53565],[14.05733,50.53506],[14.05694,50.53443],[14.04528,50.5215],[14.04443,50.52034],[14.04411,50.51969],[14.0439,50.51899],[14.0438,50.51832],[14.04379,50.51775],[14.04398,50.51663],[14.04439,50.51569],[14.04502,50.51481],[14.04551,50.5143],[14.04604,50.51383],[14.04701,50.51313],[14.04821,50.51244],[14.04941,50.51196],[14.05197,50.51132]],[[14.04151,50.65654],[14.04177,50.6565]],[[14.04177,50.6565],[14.04216,50.65753],[14.0426,50.65812],[14.04304,50.65852],[14.04365,50.65897],[14.04542,50.65999],[14.04666,50.66051]],[[14.04177,50.6565],[14.0467,50.65574],[14.0474,50.65553],[14.04798,50.65528],[14.04876,50.65471],[14.04913,50.65417],[14.04927,50.65361],[14.04924,50.65232]],[[14.04666,50.66051],[14.04813,50.66092],[14.04939,50.66115],[14.05339,50.66147],[14.05508,50.66171],[14.0565,50.66205],[14.05981,50.66307],[14.0609,50.66335],[14.0631,50.66367],[14.06671,50.66387],[14.07334,50.66396],[14.08024,50.66433],[14.08269,50.66439],[14.08395,50.66435],[14.09015,50.66456],[14.09173,50.66471],[14.09313,50.665],[14.09989,50.66703],[14.10088,50.66741],[14.10162,50.66778],[14.1024,50.66828],[14.10306,50.66883],[14.10547,50.67135],[14.10653,50.6723],[14.11129,50.67559],[14.11286,50.67662],[14.11367,50.67706],[14.11543,50.67773],[14.11684,50.67808],[14.12223,50.67879],[14.12374,50.67885],[14.1248,50.67881],[14.12667,50.67859],[14.12791,50.67832],[14.12941,50.67783],[14.13019,50.67749],[14.13094,50.6771],[14.13228,50.67618],[14.13598,50.67279],[14.13737,50.67166],[14.13911,50.6707],[14.14036,50.67018],[14.14137,50.66984],[14.14241,50.66956],[14.1437,50.66931],[14.14597,50.66906],[14.14711,50.66901],[14.15004,50.66908],[14.15219,50.66939],[14.15383,50.66976],[14.1597,50.67149],[14.16131,50.67219],[14.16235,50.67286],[14.16341,50.67384],[14.16393,50.67454],[14.1644,50.67548],[14.16541,50.67822],[14.16614,50.67937],[14.1689,50.68223],[14.16949,50.68268],[14.17029,50.68314],[14.17141,50.68358],[14.17548,50.68474],[14.178,50.68571],[14.17946,50.68618],[14.18089,50.68648],[14.18549,50.68708],[14.18785,50.68765],[14.18931,50.68815],[14.19089,50.68884],[14.19259,50.68982],[14.19671,50.69277],[14.1973,50.69331],[14.19772,50.69385],[14.19808,50.69454],[14.19827,50.69539],[14.19833,50.69739],[14.19821,50.69815],[14.19786,50.69906],[14.19608,50.70241],[14.19566,50.70343],[14.19362,50.71234],[14.19328,50.71331],[14.19264,50.71448],[14.1874,50.72181],[14.18674,50.72283],[14.18635,50.7236],[14.18616,50.72414],[14.18545,50.72694],[14.18507,50.72792],[14.18169,50.73251],[14.18071,50.73405],[14.18033,50.73495],[14.18015,50.73558],[14.18002,50.73641],[14.17999,50.73739],[14.18049,50.74368],[14.18079,50.74632],[14.18131,50.74809],[14.18177,50.74906],[14.18235,50.75001],[14.18309,50.75101],[14.18387,50.75187],[14.18567,50.75343],[14.18782,50.75485],[14.19231,50.75734],[14.19318,50.7579],[14.1941,50.75864]],[[14.04924,50.65232],[14.04977,50.65414],[14.05012,50.65483],[14.05078,50.65569],[14.05165,50.65647],[14.05259,50.65706],[14.05394,50.65766],[14.05843,50.65912],[14.06068,50.65954],[14.06215,50.65958],[14.06455,50.65936],[14.06728,50.65857],[14.06832,50.65837],[14.07389,50.65792],[14.07801,50.65793],[14.07934,50.65814],[14.08029,50.65842],[14.0846,50.66037],[14.08595,50.6608],[14.08773,50.66099],[14.0932,50.66119],[14.09462,50.66135],[14.09649,50.66171],[14.10244,50.66298],[14.10388,50.66337],[14.10525,50.66387],[14.11307,50.66776],[14.11572,50.66884],[14.11668,50.66946],[14.11796,50.67084],[14.11871,50.67144],[14.11994,50.67206],[14.1207,50.67229],[14.12153,50.67244],[14.12279,50.67252],[14.12399,50.67244],[14.12497,50.67224],[14.12611,50.67181],[14.127,50.67127],[14.13645,50.66435],[14.13718,50.66395],[14.13788,50.66368],[14.13937,50.66334],[14.14058,50.66328],[14.14173,50.66336],[14.1541,50.66594],[14.1552,50.66612],[14.1575,50.66632],[14.1593,50.66667],[14.16071,50.66709],[14.16186,50.66758],[14.16601,50.66959],[14.16677,50.67003],[14.16748,50.67056],[14.16793,50.671],[14.16853,50.67178],[14.16983,50.67449],[14.17036,50.67533],[14.17098,50.67613],[14.17196,50.67717],[14.17303,50.67815],[14.17491,50.67958],[14.17639,50.68052],[14.17806,50.68144],[14.17957,50.68216],[14.18367,50.68377],[14.18544,50.68427],[14.19017,50.68528],[14.19128,50.68563],[14.19214,50.68605],[14.1939,50.68712],[14.19622,50.68808],[14.19695,50.68845],[14.20163,50.69184],[14.20218,50.69235],[14.20258,50.69294],[14.20283,50.69361],[14.20346,50.69763],[14.2035,50.69855],[14.2034,50.69944],[14.20307,50.70057],[14.20265,50.70145],[14.20076,50.70451],[14.19873,50.70943],[14.19799,50.71191],[14.19795,50.71253],[14.19806,50.7138],[14.19794,50.71453],[14.19748,50.71537],[14.1964,50.71656],[14.19604,50.71719],[14.19585,50.71798],[14.1959,50.71942],[14.19584,50.71982],[14.19566,50.72032],[14.19525,50.72098],[14.19455,50.72166],[14.19228,50.72295],[14.19159,50.7235],[14.19125,50.72391],[14.19097,50.72436],[14.1908,50.72478],[14.1905,50.72672],[14.18962,50.72938],[14.18933,50.72991],[14.18875,50.73072],[14.18846,50.73131],[14.1876,50.73614],[14.18766,50.73734],[14.18825,50.73973],[14.1884,50.74066],[14.1884,50.74107],[14.18795,50.74452],[14.18802,50.74517],[14.18818,50.74564],[14.1887,50.74641],[14.18957,50.74712],[14.19047,50.74759],[14.19266,50.74845],[14.19365,50.74905],[14.19434,50.74973],[14.1958,50.75158],[14.19642,50.75214],[14.20203,50.75538],[14.20344,50.75635],[14.21443,50.76628],[14.21558,50.76709],[14.21683,50.76768],[14.2179,50.76803],[14.22341,50.76935],[14.22481,50.76958],[14.22601,50.76955],[14.22698,50.76936],[14.22771,50.7691],[14.2294,50.76829],[14.23033,50.76802],[14.23141,50.76792],[14.23213,50.76796],[14.23281,50.76808],[14.23356,50.76833],[14.23426,50.76871],[14.23479,50.76922],[14.23505,50.76963],[14.23519,50.77018],[14.23506,50.77076],[14.23462,50.77137],[14.23418,50.77173]],[[14.08169,50.52565],[14.07752,50.5279],[14.07562,50.52885],[14.07433,50.5294],[14.0716,50.53027],[14.07097,50.5306],[14.07029,50.53106],[14.06964,50.53172],[14.06616,50.53556],[14.06409,50.53759],[14.06327,50.53885],[14.06211,50.54116],[14.0611,50.54268],[14.06024,50.54368],[14.05978,50.54409],[14.05917,50.54449],[14.05836,50.54488],[14.05756,50.54514],[14.05387,50.54581],[14.05288,50.54593],[14.05008,50.54599],[14.0487,50.54622],[14.04514,50.54715],[14.04395,50.54762],[14.04334,50.54797],[14.04268,50.54851],[14.04215,50.54919],[14.04191,50.54974],[14.04134,50.55198],[14.0411,50.55265],[14.04067,50.55344],[14.03916,50.55556],[14.03886,50.55623],[14.03876,50.55697],[14.03889,50.5577],[14.04168,50.56659],[14.04213,50.5677],[14.0434,50.56987],[14.04363,50.57038],[14.04381,50.57144],[14.04378,50.57263],[14.04358,50.57336],[14.04323,50.57397],[14.03876,50.58025],[14.03827,50.58074],[14.03629,50.58237],[14.03507,50.58371],[14.03473,50.58418],[14.03442,50.58488],[14.03433,50.58572],[14.03447,50.58651],[14.03478,50.58719],[14.03534,50.58792],[14.03633,50.58873],[14.04311,50.59228],[14.0439,50.59264],[14.04515,50.59302],[14.04616,50.59321],[14.04724,50.59331],[14.05754,50.59283],[14.06231,50.593],[14.06413,50.59314],[14.06518,50.59331],[14.06654,50.59373],[14.07089,50.59571],[14.07206,50.59635],[14.0726,50.59677],[14.07306,50.59729],[14.07442,50.59957],[14.07473,50.60031],[14.07494,50.60134],[14.07516,50.60456],[14.07529,50.60558],[14.07538,50.60594],[14.07563,50.60651],[14.07697,50.60854],[14.07726,50.60921],[14.07738,50.60999],[14.07748,50.61225],[14.07839,50.6163],[14.07839,50.61704],[14.07818,50.61767],[14.07593,50.62187],[14.07533,50.6226],[14.07463,50.62323],[14.07291,50.62442],[14.07232,50.62472],[14.07119,50.62514],[14.0686,50.62588],[14.0642,50.62743],[14.06271,50.62786],[14.0615,50.62809],[14.06034,50.62822],[14.0569,50.6284],[14.05565,50.62866],[14.05486,50.62894],[14.05401,50.62939],[14.05349,50.62978],[14.05301,50.63028],[14.05249,50.63117],[14.05059,50.63566],[14.04996,50.63824],[14.04893,50.64122],[14.04846,50.643],[14.04804,50.64504],[14.048,50.64576],[14.04815,50.64669],[14.04916,50.65092],[14.04924,50.65232]],[[14.0511,50.51145],[14.05197,50.51132]],[[14.05149,50.5113],[14.05254,50.51119]],[[14.05197,50.51132],[14.05254,50.51119]],[[14.05254,50.51119],[14.06556,50.50854]],[[14.06556,50.50854],[14.07763,50.50602],[14.08848,50.50388],[14.14668,50.49199],[14.16525,50.48815],[14.16736,50.48765],[14.16908,50.48714],[14.17085,50.48653],[14.2212,50.4678],[14.22323,50.46683],[14.22482,50.46582],[14.22564,50.46517],[14.22631,50.46453],[14.22694,50.46385],[14.22761,50.46293],[14.22813,50.46202],[14.22909,50.45998],[14.23328,50.44997],[14.23726,50.44068],[14.23833,50.43832],[14.23926,50.43664],[14.24053,50.43488],[14.24233,50.43294],[14.24351,50.43198],[14.24442,50.43135],[14.24714,50.42979],[14.2485,50.42916],[14.24987,50.42866],[14.2522,50.42809],[14.25772,50.42721],[14.26119,50.42685],[14.26454,50.4266],[14.26673,50.42651],[14.26917,50.42652],[14.27063,50.42662],[14.27175,50.42676],[14.27719,50.42774]],[[14.06668,50.5084],[14.06556,50.50854]],[[14.08169,50.52565],[14.08578,50.52338],[14.08724,50.52267],[14.08809,50.52239],[14.08907,50.52219],[14.08992,50.52212],[14.09096,50.52214],[14.09185,50.52226],[14.09277,50.52249],[14.0956,50.52355],[14.09936,50.52455],[14.10036,50.52488],[14.1016,50.52553],[14.1055,50.52815],[14.10703,50.52897],[14.10909,50.52981],[14.11159,50.53071],[14.11376,50.53128],[14.11531,50.5316],[14.11673,50.53171],[14.11794,50.53169],[14.12663,50.53105],[14.12823,50.53103],[14.1299,50.53122],[14.14272,50.53324],[14.1444,50.53337],[14.1462,50.53331],[14.15035,50.533],[14.15732,50.53173],[14.16071,50.53146],[14.16167,50.53147],[14.16256,50.53156],[14.16585,50.53222],[14.16708,50.53238],[14.16872,50.53249],[14.17043,50.53245],[14.17212,50.53226],[14.17412,50.53183],[14.17544,50.53142],[14.1792,50.53004],[14.18116,50.52957],[14.18534,50.52869],[14.18946,50.52748],[14.19568,50.52609],[14.19933,50.52549],[14.20649,50.52481],[14.20786,50.52478],[14.20976,50.52498],[14.21419,50.52607],[14.21606,50.52631],[14.21868,50.52647],[14.21967,50.52647],[14.22116,50.52633],[14.22319,50.52595],[14.22532,50.52545],[14.23123,50.52365],[14.24553,50.52004],[14.24641,50.51977],[14.24834,50.51899],[14.25973,50.51369],[14.26772,50.51103],[14.26986,50.51042],[14.27353,50.5097],[14.27502,50.50955],[14.2763,50.50963],[14.27985,50.51027],[14.28088,50.51039],[14.28171,50.51041],[14.28263,50.51034],[14.28396,50.51004],[14.28499,50.50963],[14.28604,50.50892],[14.28811,50.50648],[14.28882,50.50583],[14.29133,50.50441],[14.29256,50.50396],[14.29388,50.50372],[14.29756,50.50366],[14.29895,50.50342],[14.29972,50.50318],[14.30035,50.5029],[14.30112,50.50242],[14.30155,50.50204],[14.30187,50.50167],[14.30228,50.50094],[14.3024,50.5005],[14.30241,50.49979],[14.30212,50.49894],[14.30081,50.49698],[14.30057,50.49625],[14.30055,50.49576],[14.30061,50.49537],[14.30074,50.49495],[14.30099,50.4945],[14.30139,50.49398],[14.30197,50.4934],[14.30313,50.49261],[14.30446,50.49197],[14.3065,50.4913],[14.30908,50.49078],[14.31133,50.4906],[14.31431,50.49059],[14.31502,50.49063],[14.31622,50.4908],[14.32025,50.49201],[14.32143,50.49216],[14.32234,50.49217],[14.32635,50.4918],[14.33127,50.49099],[14.33588,50.49051],[14.33724,50.49021],[14.34204,50.48878],[14.34294,50.48841],[14.3436,50.48804],[14.34438,50.48737],[14.34614,50.48505],[14.34717,50.48401],[14.35622,50.47731],[14.35698,50.47681],[14.35779,50.47639],[14.35926,50.47589],[14.36319,50.47517],[14.37418,50.47261],[14.37594,50.47208],[14.37883,50.47108],[14.38116,50.47017],[14.38211,50.46965],[14.38303,50.46893],[14.3848,50.46731],[14.38604,50.4657],[14.38717,50.46459],[14.3876,50.46409],[14.38839,50.46265],[14.3888,50.46204],[14.39176,50.45913],[14.39587,50.45454],[14.39637,50.45384],[14.39744,50.45184],[14.39773,50.45104],[14.39779,50.45057],[14.3978,50.44698],[14.39785,50.44655],[14.39802,50.44606],[14.40304,50.43655],[14.40356,50.43577],[14.40552,50.43316],[14.40608,50.43245],[14.40678,50.43175],[14.40789,50.43087],[14.41379,50.42735],[14.41479,50.4266],[14.41547,50.42581],[14.41724,50.42327],[14.41787,50.42264]],[[14.08258,50.52529],[14.08169,50.52565]],[[14.1941,50.75864],[14.19475,50.7591],[14.19568,50.7599],[14.19637,50.76035],[14.19755,50.76137],[14.19795,50.76189],[14.19865,50.76339],[14.19991,50.76642],[14.20034,50.76849],[14.20035,50.76894],[14.2002,50.76977],[14.20028,50.77116]],[[14.19506,50.75968],[14.1941,50.75864]],[[14.20028,50.77116],[14.19606,50.76132],[14.19567,50.76059],[14.19506,50.75968]],[[14.19586,50.76745],[14.19525,50.76199],[14.19528,50.76062],[14.19506,50.75968]],[[14.2004,50.77147],[14.19866,50.76984],[14.19827,50.76963],[14.19709,50.76925],[14.19664,50.76898],[14.19622,50.76851],[14.19586,50.76745]],[[14.19615,50.76985],[14.19586,50.76745]],[[14.20028,50.77116],[14.2004,50.77147]],[[14.2004,50.77147],[14.2018,50.7749]],[[14.2256,50.77392],[14.22072,50.7767],[14.21943,50.77721],[14.21814,50.77738],[14.21723,50.77734],[14.21632,50.77718],[14.21557,50.7769],[14.2145,50.77632],[14.2139,50.77608],[14.21165,50.77561],[14.21095,50.77558],[14.21027,50.77565],[14.20967,50.77579],[14.20829,50.77629],[14.20745,50.7764],[14.20641,50.77644],[14.20388,50.77635],[14.2033,50.7762],[14.20271,50.77592],[14.20236,50.7756],[14.2018,50.7749]],[[14.22765,50.7908],[14.22697,50.7902],[14.22602,50.78957],[14.22536,50.78923],[14.22426,50.78881],[14.21233,50.78626],[14.21105,50.78587],[14.21023,50.7855],[14.20937,50.78503],[14.20867,50.78453],[14.20785,50.78375],[14.20329,50.77787],[14.20296,50.7774],[14.20244,50.77641],[14.2018,50.7749]],[[14.22765,50.7908],[14.2324,50.79514],[14.23341,50.79631],[14.23421,50.79794],[14.23438,50.79847],[14.23462,50.79969],[14.23467,50.80067],[14.23447,50.80206],[14.23402,50.80348],[14.23343,50.80469],[14.23282,50.80559],[14.23217,50.80636],[14.23092,50.80752],[14.22405,50.81287],[14.22333,50.81361],[14.22284,50.81422],[14.22251,50.81474],[14.22212,50.81554],[14.22141,50.81787],[14.22137,50.81848],[14.22144,50.81902],[14.2227,50.82338],[14.22413,50.82724],[14.22466,50.82851],[14.22604,50.83093],[14.22637,50.83168],[14.2265,50.83235],[14.22641,50.83334],[14.22617,50.83398],[14.22553,50.83525],[14.22507,50.83594],[14.22461,50.83644],[14.22372,50.83718],[14.21898,50.84062],[14.21832,50.84118],[14.21776,50.84177],[14.21718,50.84265],[14.21553,50.84589],[14.21519,50.84683],[14.21508,50.84747],[14.21509,50.84833],[14.21528,50.84934],[14.21556,50.8501],[14.21595,50.85081],[14.22014,50.85635],[14.2224,50.85953]],[[14.22714,50.77196],[14.2268,50.77287],[14.22648,50.77325],[14.2256,50.77392]],[[14.2256,50.77392],[14.22646,50.77353],[14.22707,50.77336],[14.23139,50.7725],[14.233,50.77225],[14.23418,50.77173]],[[14.22765,50.7908],[14.22695,50.78986],[14.22622,50.78736],[14.22599,50.78685],[14.22564,50.78649],[14.22493,50.78598],[14.22406,50.78562],[14.22148,50.7851],[14.22064,50.78481],[14.21985,50.78436],[14.21942,50.78396],[14.21904,50.78333],[14.21865,50.7819],[14.21853,50.78085],[14.21862,50.7802],[14.21883,50.77974],[14.21937,50.7791],[14.22064,50.77796],[14.22104,50.77767],[14.23038,50.77364],[14.23305,50.77239],[14.23418,50.77173]],[[14.28412,50.42917],[14.27963,50.42812],[14.27784,50.4278],[14.27719,50.42774]],[[14.27719,50.42774],[14.28039,50.42836],[14.28322,50.42905],[14.2844,50.42944],[14.28586,50.43018],[14.3319,50.46114],[14.33264,50.46158],[14.33357,50.46207],[14.33457,50.4625],[14.33652,50.46312],[14.33786,50.46341],[14.3403,50.46381],[14.34199,50.46405],[14.3434,50.46417],[14.3454,50.46418],[14.34754,50.46398],[14.34911,50.46368],[14.35127,50.46307],[14.35327,50.46243],[14.35486,50.46179],[14.35634,50.46093],[14.35749,50.45995],[14.35803,50.45934],[14.35854,50.45856],[14.37209,50.43417]]]}},{"type":"Feature","properties":{"elektr":0},"geometry":{"type":"MultiLineString","coordinates":[[[13.0317,50.50516],[13.03262,50.50465],[13.03322,50.50413],[13.03359,50.50357],[13.03374,50.50308],[13.03375,50.50229],[13.03337,50.49587],[13.03339,50.49542],[13.03369,50.49404],[13.03373,50.49354],[13.03365,50.49307],[13.03328,50.49206],[13.03321,50.49139],[13.03381,50.48923],[13.03391,50.4883],[13.03393,50.48683],[13.03408,50.48643],[13.03454,50.48559],[13.03463,50.48528],[13.03464,50.48469],[13.03449,50.48421],[13.03416,50.4837],[13.03363,50.48323],[13.03309,50.48291],[13.03207,50.48256],[13.0298,50.48214],[13.02918,50.48191],[13.02862,50.48159],[13.0239,50.47823],[13.0233,50.47752],[13.02301,50.47687],[13.02269,50.47531],[13.02263,50.47437],[13.02285,50.47357],[13.02347,50.47226],[13.02361,50.4716],[13.02361,50.47121],[13.02353,50.47069],[13.02335,50.47018],[13.02236,50.46865],[13.02219,50.4682],[13.02211,50.46779],[13.0222,50.46698],[13.02279,50.46565],[13.02291,50.46505],[13.02285,50.46448],[13.02256,50.46312],[13.0224,50.46062],[13.02254,50.46012],[13.0229,50.45946],[13.02411,50.45836],[13.02457,50.45778],[13.02581,50.45514],[13.02594,50.45473],[13.02597,50.45428],[13.02586,50.4538],[13.02374,50.44917],[13.02367,50.44864],[13.02392,50.44738],[13.02379,50.44663],[13.02339,50.44602],[13.02208,50.44486],[13.02177,50.4444],[13.02164,50.44407],[13.02159,50.44366],[13.02166,50.44319],[13.02236,50.44186],[13.02247,50.44149],[13.02249,50.44111],[13.0224,50.44066],[13.02205,50.44003],[13.02096,50.43901],[13.0205,50.43844],[13.02028,50.43792],[13.02024,50.43727],[13.02031,50.43695],[13.0205,50.43652],[13.02104,50.43588],[13.02155,50.4355],[13.02486,50.43363],[13.02549,50.4332],[13.02618,50.43255],[13.02732,50.43095],[13.02779,50.43055],[13.02855,50.43013],[13.02967,50.4298],[13.03074,50.42972],[13.03922,50.43054],[13.04017,50.43053],[13.04081,50.43043],[13.04147,50.43025],[13.04208,50.42999],[13.04287,50.42943],[13.04335,50.4288],[13.04386,50.42769],[13.04417,50.42731],[13.04455,50.42699],[13.04511,50.42665],[13.04568,50.42641],[13.04682,50.42617],[13.04768,50.42612],[13.04833,50.42617],[13.04915,50.42634],[13.04985,50.42659],[13.05038,50.42688],[13.0508,50.4272],[13.05295,50.4295],[13.0535,50.42993],[13.05413,50.43031],[13.05501,50.4307],[13.05602,50.43102],[13.05857,50.43147],[13.05932,50.43174],[13.06002,50.43214],[13.0606,50.43272],[13.06083,50.43311],[13.06094,50.43345],[13.06097,50.434],[13.06084,50.4351],[13.06097,50.43567],[13.06144,50.43635],[13.06218,50.43691],[13.07086,50.44071],[13.07197,50.441],[13.07318,50.44112],[13.07408,50.4411],[13.07481,50.44101],[13.07747,50.44026],[13.0789,50.43968],[13.08001,50.43892],[13.08042,50.43851],[13.08082,50.43799],[13.08117,50.43718],[13.08128,50.43649],[13.08129,50.43325],[13.08151,50.43251],[13.0819,50.43189],[13.08235,50.43144],[13.08293,50.43102],[13.08543,50.42963],[13.08733,50.42865],[13.08875,50.42816],[13.09942,50.426],[13.1005,50.42589],[13.10165,50.42587],[13.10304,50.42596],[13.10391,50.42609],[13.10529,50.42642],[13.10632,50.42678],[13.10923,50.42807],[13.11025,50.4286],[13.11143,50.4295],[13.11179,50.42989],[13.11309,50.43167],[13.11346,50.43203],[13.11392,50.43235],[13.11457,50.43265],[13.11539,50.43288],[13.11613,50.43298],[13.11687,50.43299],[13.11773,50.43289],[13.11874,50.43259],[13.11955,50.43216],[13.12015,50.43161],[13.12034,50.43135],[13.12054,50.43085],[13.12084,50.42876],[13.12098,50.42828],[13.12141,50.42766],[13.12199,50.42719],[13.12283,50.42678],[13.12403,50.42649],[13.12514,50.42645],[13.12647,50.42666],[13.12748,50.42708],[13.13616,50.4325],[13.13756,50.43364],[13.13858,50.43483],[13.13914,50.43576],[13.14073,50.43898],[13.14095,50.43979],[13.14096,50.44041],[13.14079,50.44109],[13.14055,50.44159],[13.13979,50.44274],[13.13951,50.44344],[13.13937,50.44442],[13.13951,50.4453],[13.13995,50.44628],[13.14108,50.44794],[13.14181,50.44864],[13.14272,50.44926],[13.14371,50.44974],[13.14505,50.45019],[13.14657,50.45048],[13.14825,50.45058],[13.15001,50.45044],[13.16219,50.44903],[13.1635,50.44902],[13.16484,50.44924],[13.17025,50.45074],[13.17112,50.45108],[13.1721,50.4517],[13.17259,50.45236],[13.17274,50.4528],[13.17277,50.45319],[13.1727,50.4536],[13.17256,50.45392],[13.17202,50.45461],[13.17109,50.45519],[13.16467,50.45831],[13.1638,50.45896],[13.16345,50.45934],[13.16312,50.45982],[13.16285,50.4605],[13.16277,50.46102],[13.16285,50.46168],[13.163,50.46211],[13.16335,50.46271],[13.16385,50.46326],[13.16434,50.46364],[13.1651,50.46408],[13.1703,50.46638],[13.1716,50.46677],[13.17295,50.46705],[13.17447,50.46722],[13.19063,50.46818],[13.19152,50.46827],[13.19243,50.46848],[13.19328,50.4688],[13.19416,50.46932],[13.19476,50.46984],[13.19519,50.47041],[13.19539,50.47084],[13.19549,50.47129],[13.1955,50.47307],[13.1957,50.4739],[13.19609,50.47468],[13.19684,50.47556],[13.19746,50.47607],[13.19819,50.47655],[13.20278,50.47904],[13.204,50.47957],[13.20598,50.48015],[13.21937,50.48264],[13.22171,50.48323],[13.22317,50.48378],[13.24214,50.4917],[13.24335,50.49217],[13.24417,50.49242],[13.24597,50.49279],[13.26493,50.49573],[13.26592,50.49573],[13.26693,50.49561],[13.26774,50.49541],[13.26857,50.4951],[13.2693,50.49469],[13.26985,50.49425],[13.27117,50.49263],[13.27161,50.49224],[13.27219,50.49186],[13.2793,50.48816],[13.28068,50.48765],[13.28189,50.48746],[13.29154,50.48743],[13.3019,50.48837],[13.31059,50.48852],[13.31166,50.4886],[13.31286,50.48895],[13.31328,50.48915],[13.31387,50.48957],[13.31427,50.49001],[13.31503,50.49135],[13.31546,50.4918],[13.31605,50.49222],[13.31669,50.49254],[13.31752,50.4928],[13.31836,50.49295],[13.31928,50.49301],[13.3204,50.49291],[13.32172,50.49255],[13.32229,50.49229],[13.32272,50.49201],[13.32422,50.49072],[13.32478,50.49037],[13.32599,50.48996],[13.32716,50.48982],[13.32839,50.48993],[13.32949,50.49025],[13.33024,50.49067],[13.33135,50.49166],[13.33173,50.49191],[13.33242,50.49222],[13.33322,50.49244],[13.33809,50.49279],[13.33947,50.49268],[13.34066,50.49239],[13.34148,50.49205],[13.34217,50.49164],[13.3427,50.49119],[13.34312,50.49066],[13.34368,50.48941],[13.34518,50.48561],[13.34547,50.48514],[13.34611,50.48456],[13.34664,50.48427],[13.34737,50.48399],[13.34827,50.4838],[13.34915,50.48376],[13.35023,50.48386],[13.35093,50.48405],[13.35167,50.48438],[13.35216,50.48469],[13.35262,50.48515],[13.35284,50.48547],[13.3533,50.48645],[13.35366,50.48691],[13.35442,50.48747],[13.35537,50.48784],[13.35651,50.48806],[13.3579,50.48802],[13.35898,50.48777],[13.35992,50.48731],[13.36095,50.48664],[13.36127,50.48635],[13.3616,50.48592],[13.36176,50.48555],[13.36184,50.48513],[13.36181,50.48473],[13.36165,50.48426],[13.36133,50.48377],[13.36083,50.48332],[13.35818,50.48158],[13.3572,50.48103],[13.35601,50.48051],[13.35407,50.47979],[13.35327,50.4796],[13.35242,50.47953],[13.35123,50.47956],[13.35053,50.47966],[13.34964,50.47989],[13.34851,50.4804],[13.34778,50.48064],[13.34702,50.48076],[13.3463,50.48075],[13.34543,50.48058],[13.34479,50.48034],[13.34412,50.47988],[13.3437,50.47936],[13.34353,50.47876],[13.34362,50.47826],[13.34403,50.47763],[13.34442,50.47729],[13.34493,50.47703],[13.34561,50.47681],[13.34729,50.47657],[13.34823,50.47633],[13.34895,50.47598],[13.34954,50.47555],[13.34987,50.47517],[13.35013,50.4747],[13.35044,50.47361],[13.35046,50.47312],[13.35031,50.47258],[13.35001,50.47209],[13.34954,50.47165],[13.34894,50.47128],[13.3481,50.47096],[13.34313,50.46972],[13.34201,50.46927],[13.34108,50.46865],[13.34039,50.46784],[13.34012,50.4672],[13.34006,50.46683],[13.34014,50.46603],[13.34085,50.46447],[13.34083,50.46384],[13.34065,50.46337],[13.3402,50.4628],[13.33973,50.46241],[13.33906,50.46206],[13.33802,50.46171],[13.33687,50.46122],[13.3363,50.46079],[13.33586,50.46024],[13.33563,50.45959],[13.33564,50.45911],[13.33624,50.45607],[13.33646,50.45543],[13.33692,50.45478],[13.33766,50.45416],[13.33843,50.45374],[13.33972,50.45331],[13.34089,50.45314],[13.34197,50.45312],[13.34435,50.4535],[13.34862,50.45433],[13.34973,50.45477],[13.35063,50.45534],[13.35118,50.4559],[13.35162,50.45667],[13.35343,50.46221],[13.35346,50.4628],[13.35331,50.46357],[13.35269,50.46482],[13.35256,50.4653],[13.35258,50.46575],[13.35272,50.46617],[13.353,50.46663],[13.35325,50.4669],[13.35396,50.46741],[13.35491,50.4678],[13.35575,50.46797],[13.3566,50.46803],[13.35745,50.46796],[13.35829,50.46778],[13.35894,50.46754],[13.35951,50.46721],[13.3601,50.46668],[13.36043,50.46617],[13.36059,50.46564],[13.36054,50.46507],[13.36035,50.46456],[13.35621,50.45592],[13.35519,50.45442],[13.35505,50.45396],[13.35502,50.4534],[13.35509,50.45307],[13.3553,50.45266],[13.35571,50.45217],[13.35614,50.45183],[13.35678,50.45148],[13.3574,50.45127],[13.35813,50.45112],[13.35928,50.45105],[13.36058,50.45124],[13.36152,50.4516],[13.3624,50.45221],[13.36268,50.45253],[13.36289,50.45292],[13.36432,50.45643],[13.36545,50.45802],[13.36623,50.45875],[13.36838,50.46036],[13.3697,50.46117],[13.37129,50.46177],[13.37204,50.46196],[13.37327,50.46215],[13.37872,50.4623],[13.38032,50.46253],[13.38161,50.46299],[13.38214,50.4633],[13.38363,50.46436],[13.38422,50.46469],[13.38562,50.46517],[13.38713,50.46537],[13.38854,50.4653],[13.4016,50.46344],[13.40253,50.46317],[13.40333,50.46278],[13.40403,50.46221],[13.4044,50.46169]],[[13.22006,50.28387],[13.22691,50.28371],[13.228,50.2839],[13.22865,50.28418],[13.22921,50.28464],[13.2295,50.28516],[13.22956,50.28614],[13.22968,50.28652],[13.23018,50.2871],[13.23087,50.28748],[13.2321,50.28786],[13.23415,50.2882],[13.23471,50.28834],[13.23771,50.28972],[13.23881,50.29013],[13.24689,50.29231],[13.24772,50.2925],[13.24856,50.2926],[13.25129,50.29268],[13.25261,50.29289],[13.25363,50.2933],[13.25535,50.29454],[13.25587,50.29482],[13.25647,50.29503],[13.25752,50.29519],[13.26027,50.29519],[13.26115,50.29528],[13.26776,50.29719],[13.27383,50.29793],[13.27737,50.29817],[13.27936,50.29846],[13.2804,50.29867],[13.28271,50.29954],[13.28453,50.29977],[13.28512,50.29989],[13.28577,50.30018],[13.28627,50.30064],[13.28646,50.30103],[13.28662,50.30203],[13.28696,50.30252],[13.2877,50.30303],[13.28892,50.30344],[13.2897,50.30355],[13.29038,50.30357],[13.29175,50.3034],[13.29263,50.3031],[13.29498,50.30204],[13.29563,50.30185],[13.29628,50.30176],[13.29747,50.30178],[13.30755,50.30269],[13.30828,50.3028],[13.30902,50.30304],[13.31253,50.30486],[13.31749,50.3067],[13.31828,50.30713],[13.31962,50.3081],[13.32019,50.30833],[13.32066,50.30845],[13.32175,50.30851],[13.32285,50.30827],[13.3234,50.30799],[13.32505,50.30675],[13.32561,50.30653],[13.32618,50.30641],[13.32707,50.30637],[13.32768,50.30645],[13.3294,50.30706]],[[13.24968,50.12415],[13.24952,50.12532],[13.24958,50.12566],[13.24974,50.12602]],[[13.38796,50.10261],[13.38718,50.10387],[13.38675,50.10551],[13.3855,50.10752],[13.38544,50.10784],[13.38546,50.10817],[13.38594,50.10952],[13.3859,50.1099],[13.3857,50.11035],[13.38534,50.11074],[13.38433,50.11152],[13.38128,50.11383],[13.38068,50.11419],[13.38018,50.11437],[13.37951,50.11449],[13.37654,50.11458],[13.37573,50.1147],[13.37492,50.11499],[13.3737,50.1159],[13.37328,50.11614],[13.37246,50.1164],[13.36884,50.11695],[13.36702,50.11731],[13.36232,50.1177],[13.3599,50.11777],[13.35912,50.11786],[13.35846,50.11801],[13.35581,50.11895],[13.35491,50.11918],[13.35057,50.11956],[13.34966,50.1197],[13.34864,50.1201],[13.34725,50.12116],[13.34648,50.1216],[13.34164,50.12315],[13.34012,50.12397],[13.33936,50.12427],[13.33852,50.1245],[13.33585,50.12496],[13.33366,50.12584],[13.33275,50.12607],[13.32525,50.12657],[13.32264,50.12692],[13.32152,50.12679],[13.31922,50.12614],[13.31846,50.12607],[13.31798,50.1261],[13.31695,50.12636],[13.31378,50.12778],[13.31188,50.12811],[13.31123,50.12829],[13.31,50.12895],[13.30924,50.12922],[13.30538,50.12986],[13.30455,50.12992],[13.30371,50.1298],[13.3031,50.12959],[13.30035,50.12802],[13.29956,50.12775],[13.29893,50.12766],[13.29822,50.12768],[13.29621,50.12807],[13.29544,50.12812],[13.29465,50.12804],[13.29246,50.12761],[13.29057,50.12755],[13.2899,50.12747],[13.28923,50.12731],[13.28838,50.12697],[13.28704,50.12607],[13.28642,50.12576],[13.28537,50.12549],[13.28421,50.12546],[13.28351,50.12556],[13.27887,50.12659],[13.27828,50.12686],[13.27631,50.12802],[13.2756,50.1283],[13.27465,50.12844],[13.2731,50.12841],[13.27205,50.12864],[13.27144,50.12893],[13.27105,50.12924],[13.26992,50.13081],[13.26967,50.13105],[13.26918,50.13137],[13.26872,50.13155],[13.26786,50.13173],[13.26634,50.13179],[13.26364,50.13217],[13.26094,50.13206],[13.26014,50.13197],[13.25845,50.13157],[13.25685,50.13129],[13.25524,50.13079],[13.2547,50.13049],[13.25425,50.13008],[13.25348,50.12864],[13.25312,50.12816],[13.25271,50.12785],[13.25196,50.12745]],[[13.25381,50.40798],[13.25099,50.40591],[13.24978,50.40494],[13.24875,50.40384],[13.24792,50.40271],[13.24768,50.40226],[13.24752,50.40175],[13.24753,50.40096],[13.24767,50.40047],[13.24788,50.40005],[13.24858,50.39927],[13.24956,50.39863],[13.25068,50.39819],[13.25211,50.39793],[13.2535,50.39791],[13.25484,50.39811],[13.2654,50.40036],[13.2663,50.40051],[13.26722,50.40056],[13.26815,50.40052],[13.2692,50.40035],[13.27154,50.39959],[13.27258,50.39918],[13.2736,50.39855],[13.27504,50.39724],[13.27558,50.39665],[13.27597,50.396],[13.27731,50.393],[13.27762,50.39244],[13.2803,50.389],[13.28066,50.38843],[13.28081,50.38799],[13.28085,50.38757],[13.28068,50.38684],[13.28026,50.38623],[13.27917,50.38512]],[[13.27677,50.38005],[13.27645,50.37822],[13.27646,50.37782],[13.27758,50.37538],[13.27846,50.37267],[13.27836,50.37207],[13.27739,50.37026],[13.27738,50.36978],[13.27754,50.36938],[13.27777,50.36911],[13.27815,50.36882],[13.27934,50.3682],[13.27994,50.36769],[13.28028,50.3671],[13.28059,50.36578],[13.28081,50.36545],[13.28115,50.36513],[13.28153,50.3649],[13.28211,50.36467],[13.28413,50.36436],[13.28496,50.36402],[13.28532,50.36377],[13.28727,50.36182],[13.28783,50.36144],[13.28829,50.36125],[13.2889,50.3611],[13.29109,50.36095],[13.29292,50.3606],[13.29457,50.35987],[13.2951,50.3597],[13.29579,50.3596],[13.29722,50.35957],[13.29817,50.35962],[13.29889,50.35979],[13.30149,50.36107],[13.30222,50.36135],[13.3031,50.36149],[13.304,50.36144],[13.3047,50.36127],[13.30528,50.36099],[13.3094,50.35834],[13.30998,50.35778],[13.31076,50.35641],[13.3112,50.35603],[13.31183,50.35571],[13.31229,50.35557],[13.31296,50.35548],[13.31392,50.35552],[13.31461,50.3557],[13.31612,50.3563],[13.31757,50.35657],[13.3187,50.35655],[13.31984,50.35633],[13.32746,50.35362],[13.32886,50.35301],[13.3304,50.35211],[13.33548,50.34848],[13.33585,50.34803],[13.33602,50.34769],[13.33608,50.34731],[13.33607,50.34695],[13.33584,50.34638],[13.33484,50.34507],[13.33463,50.3447],[13.33451,50.34421],[13.33459,50.34363],[13.33483,50.34317],[13.33616,50.34132],[13.33805,50.33983],[13.33928,50.33909],[13.34288,50.33756],[13.34462,50.33716],[13.36597,50.33454],[13.36692,50.3345],[13.36882,50.33469],[13.36972,50.33462],[13.37048,50.33441],[13.37111,50.33405],[13.37265,50.33275],[13.37297,50.33242],[13.37326,50.33197],[13.37346,50.33145],[13.37352,50.33087],[13.37342,50.33026],[13.37317,50.32977],[13.37277,50.32927],[13.3722,50.32881],[13.37147,50.3284],[13.37049,50.32805],[13.36966,50.32788],[13.3679,50.3277],[13.36706,50.32755],[13.36442,50.3267],[13.36366,50.32652],[13.36228,50.32644],[13.35986,50.32679],[13.35865,50.32675],[13.35762,50.32653],[13.35594,50.3259],[13.3549,50.32566],[13.35411,50.32561],[13.351,50.32562],[13.34954,50.32547],[13.34823,50.32511],[13.34726,50.32464],[13.34669,50.32425],[13.34617,50.32374],[13.34583,50.32326],[13.34558,50.32267],[13.34551,50.32238],[13.34496,50.31534],[13.34461,50.31447],[13.34396,50.31368],[13.34306,50.31301],[13.34238,50.31264],[13.3294,50.30706]],[[13.3294,50.30706],[13.32813,50.30646],[13.32744,50.30594],[13.3271,50.3053],[13.32708,50.30409],[13.32699,50.30382],[13.32674,50.30347],[13.32606,50.30296],[13.32433,50.30208],[13.32367,50.30165],[13.32307,50.30113],[13.32286,50.3008],[13.32275,50.30042],[13.3228,50.29988],[13.32298,50.29953],[13.32463,50.2977],[13.32503,50.29717],[13.32743,50.29274],[13.32784,50.29221],[13.32854,50.29156],[13.33108,50.2898],[13.33206,50.2893],[13.33415,50.2886],[13.33706,50.28725],[13.33765,50.28689],[13.3381,50.28648],[13.33843,50.28585],[13.33849,50.28539],[13.3381,50.28011],[13.33831,50.27955],[13.33867,50.27916],[13.33945,50.27873],[13.34241,50.27781],[13.34299,50.27769],[13.34499,50.27748],[13.34555,50.27734],[13.34622,50.27704],[13.34672,50.27663],[13.34709,50.276],[13.34806,50.27377],[13.34821,50.2733],[13.34823,50.27283],[13.34812,50.27233],[13.34718,50.26997],[13.34719,50.2696],[13.34728,50.26931],[13.34753,50.26893],[13.3478,50.26867],[13.34855,50.26826],[13.3493,50.26807],[13.35394,50.26763],[13.35554,50.26734],[13.35628,50.26711],[13.3573,50.26666],[13.358,50.26623],[13.35839,50.26587],[13.35878,50.26533],[13.35893,50.26496],[13.35926,50.26363],[13.35939,50.26209],[13.35958,50.26163],[13.36125,50.25946],[13.36163,50.25876],[13.3627,50.25642],[13.36318,50.25594],[13.36371,50.25564],[13.36429,50.25544],[13.36522,50.25529],[13.36616,50.25533],[13.36738,50.25554],[13.37599,50.25783],[13.37803,50.25855],[13.37921,50.25883],[13.38621,50.25928],[13.38858,50.25948],[13.38965,50.25966],[13.39036,50.25991],[13.39228,50.26082],[13.39271,50.26121],[13.39327,50.26211],[13.39368,50.26254],[13.39426,50.26288],[13.39588,50.26364],[13.39701,50.26446],[13.39757,50.26471],[13.39871,50.26506],[13.39994,50.26559],[13.40132,50.26588],[13.40208,50.26594],[13.40289,50.26587],[13.40761,50.26466],[13.40911,50.26449],[13.41189,50.26375],[13.41337,50.26346],[13.41609,50.26331],[13.41707,50.26336],[13.41799,50.26364],[13.419,50.26429]],[[13.36443,50.44625],[13.36562,50.44653],[13.36676,50.44669],[13.36776,50.44676],[13.36885,50.44674],[13.37627,50.44629],[13.37753,50.44605],[13.37867,50.44563],[13.37918,50.44536],[13.37982,50.44489],[13.38042,50.44426],[13.38068,50.44381],[13.38094,50.44294],[13.38155,50.43905],[13.38181,50.43832],[13.38218,50.43771],[13.38282,50.43699],[13.38399,50.43612],[13.38527,50.43551],[13.38618,50.4352],[13.3876,50.4349],[13.3885,50.4348],[13.38949,50.43477],[13.39088,50.43485],[13.40001,50.43567],[13.40261,50.43569],[13.40514,50.43547],[13.40651,50.43525],[13.40819,50.43486],[13.41062,50.43408],[13.41224,50.43336],[13.41591,50.43138]],[[13.38796,50.10261],[13.38754,50.10351],[13.38752,50.10396],[13.38759,50.10432],[13.388,50.10509],[13.3902,50.1087],[13.39045,50.10922],[13.39056,50.10966],[13.39059,50.1101],[13.39048,50.1107],[13.38927,50.11325],[13.38909,50.11413],[13.38916,50.11482],[13.38939,50.11548],[13.38986,50.11624],[13.39047,50.11685],[13.39106,50.11728],[13.39167,50.11763],[13.39316,50.11819],[13.401,50.11973],[13.40187,50.1198],[13.40324,50.11978],[13.40978,50.11903],[13.41097,50.11911],[13.41212,50.11942],[13.41277,50.11974],[13.4133,50.12012],[13.41366,50.12051],[13.4139,50.1209],[13.41404,50.12124],[13.41412,50.12174],[13.4138,50.12389],[13.41388,50.12462],[13.4141,50.12515],[13.41442,50.12564],[13.41476,50.12599],[13.41529,50.1264],[13.41599,50.1268],[13.41684,50.12712],[13.42877,50.1307],[13.42968,50.13116],[13.43133,50.13223],[13.43293,50.13334],[13.43338,50.1338],[13.43368,50.13426],[13.43395,50.13489],[13.43424,50.13578],[13.4343,50.13624],[13.43408,50.13712],[13.43363,50.13786],[13.43302,50.13844],[13.43191,50.13918],[13.4316,50.13948],[13.43129,50.13991],[13.43106,50.14067],[13.43111,50.14109],[13.43123,50.14143],[13.43146,50.14181],[13.43186,50.14222],[13.43627,50.14583],[13.43693,50.14646],[13.43765,50.14746],[13.43831,50.14887],[13.4384,50.14917],[13.43844,50.14961],[13.43839,50.15002],[13.43821,50.15052],[13.43796,50.15093],[13.43733,50.15155],[13.43617,50.15229],[13.43571,50.15265],[13.43524,50.1532],[13.43491,50.15387],[13.43479,50.15453],[13.43484,50.15508],[13.43501,50.15552],[13.43545,50.15629],[13.43567,50.15711],[13.43559,50.15793],[13.43543,50.15837],[13.43517,50.15876],[13.43461,50.15935],[13.43374,50.15992],[13.43288,50.16029],[13.4311,50.16086],[13.43051,50.16118],[13.42999,50.16155],[13.42944,50.16215],[13.4276,50.16511],[13.42707,50.16579],[13.42662,50.16621],[13.42402,50.16829],[13.42339,50.16869],[13.4229,50.1689],[13.42182,50.1692],[13.4204,50.16928],[13.41886,50.1691],[13.41777,50.16873],[13.41706,50.16829],[13.41652,50.16774],[13.41623,50.16727],[13.41585,50.16623],[13.4153,50.16546],[13.4144,50.16477],[13.41324,50.1643],[13.41186,50.1641],[13.40275,50.16397],[13.40178,50.16409],[13.39794,50.16488],[13.39553,50.16558],[13.39363,50.16637],[13.39031,50.16817],[13.38922,50.16869],[13.38812,50.16909],[13.38244,50.17069],[13.38188,50.17089],[13.38119,50.17124],[13.38078,50.17152],[13.38023,50.17204],[13.37987,50.17254],[13.37965,50.17301],[13.37692,50.17949],[13.37676,50.18023],[13.37672,50.18153],[13.3766,50.18193],[13.37632,50.18244],[13.37581,50.18297],[13.37535,50.18333],[13.37031,50.1863],[13.36843,50.18755],[13.36799,50.18801],[13.3677,50.18845],[13.36694,50.19],[13.36674,50.19069],[13.36672,50.19108],[13.36678,50.19151],[13.36695,50.19199],[13.36716,50.19234],[13.36748,50.19273],[13.36793,50.19314],[13.369,50.1938],[13.37019,50.1943],[13.37114,50.19458],[13.37306,50.19492],[13.37691,50.19549],[13.37807,50.19553],[13.37919,50.1954],[13.38705,50.19362],[13.38841,50.19338],[13.38997,50.19328],[13.39438,50.19327],[13.39541,50.19319],[13.3963,50.193],[13.39952,50.19203],[13.40107,50.19185],[13.40262,50.19196],[13.4035,50.19217],[13.40414,50.1924],[13.40684,50.19364],[13.40749,50.19411],[13.40801,50.19471],[13.40832,50.19532],[13.411,50.20259],[13.4115,50.20338],[13.41363,50.2059],[13.41404,50.20648],[13.41423,50.20688],[13.41433,50.2073],[13.41435,50.20771],[13.41425,50.20827],[13.4129,50.21104],[13.41237,50.21173],[13.41169,50.21227],[13.41062,50.2128],[13.40282,50.21569],[13.40194,50.21611],[13.40118,50.21666],[13.40068,50.21722],[13.40041,50.21789],[13.40041,50.21827],[13.4006,50.21949],[13.40076,50.22005],[13.40105,50.22053],[13.40126,50.22076],[13.40573,50.22482],[13.4062,50.22536],[13.40653,50.22603],[13.40663,50.22672],[13.40655,50.2272],[13.40581,50.22954],[13.40581,50.2303],[13.40606,50.23099],[13.40665,50.2318],[13.41189,50.23793],[13.41456,50.24141],[13.41511,50.2423],[13.41679,50.24594],[13.41709,50.24648],[13.41781,50.24745],[13.41929,50.24913],[13.42047,50.2504],[13.42115,50.2509],[13.42176,50.25121],[13.42269,50.25155],[13.43044,50.25381],[13.43156,50.25426],[13.43202,50.25459],[13.43241,50.25496],[13.43268,50.25537],[13.43285,50.25591],[13.43286,50.25629],[13.43273,50.25683],[13.4325,50.25725],[13.43213,50.25768],[13.43169,50.25802],[13.43119,50.2583],[13.42997,50.25868],[13.42879,50.25878],[13.4278,50.25869],[13.42412,50.25765],[13.42281,50.25743],[13.42208,50.25742],[13.42121,50.25752],[13.42017,50.25781],[13.41955,50.25812],[13.41898,50.25852],[13.41864,50.25887],[13.41837,50.25928],[13.41821,50.2598],[13.41806,50.26232],[13.41808,50.26284],[13.41841,50.26361],[13.419,50.26429]],[[13.39274,50.09763],[13.39139,50.09896],[13.38909,50.10097],[13.38861,50.10157],[13.38796,50.10261]],[[13.38863,50.45325],[13.38779,50.4529],[13.38709,50.45244],[13.38612,50.45147],[13.3856,50.45067],[13.3853,50.44991],[13.3852,50.44904],[13.38528,50.44836],[13.38581,50.44619],[13.38579,50.44552],[13.38568,50.44511],[13.3854,50.44455],[13.38507,50.4441],[13.3826,50.44124],[13.38219,50.44058],[13.38202,50.44015],[13.38189,50.43963],[13.38187,50.43923],[13.38205,50.4383],[13.38247,50.43752],[13.38291,50.43702],[13.38339,50.43658],[13.38433,50.43598],[13.38572,50.43539],[13.38717,50.43501],[13.3885,50.43484],[13.38952,50.43481],[13.39095,50.43489],[13.39917,50.43565],[13.40075,50.43574],[13.40347,50.43568],[13.40566,50.43543],[13.4082,50.4349],[13.4105,50.43417],[13.41164,50.4337],[13.4127,50.43317],[13.41591,50.43138]],[[13.40258,50.08452],[13.39385,50.08727],[13.39287,50.0878],[13.39233,50.08822],[13.39194,50.08864],[13.39165,50.08908],[13.39147,50.08952],[13.39137,50.09014],[13.39144,50.09073],[13.39173,50.09142],[13.39347,50.09467],[13.39371,50.09562],[13.39368,50.09617],[13.39348,50.09672],[13.39327,50.09705],[13.39274,50.09763]],[[13.39274,50.09763],[13.39346,50.09706],[13.39611,50.09577],[13.3966,50.09547],[13.39711,50.09502],[13.3995,50.09223],[13.39986,50.09195],[13.40044,50.09166],[13.40101,50.0915],[13.40175,50.09143],[13.40819,50.09139]],[[13.41536,50.39745],[13.41043,50.39876],[13.40934,50.3993],[13.40893,50.39961],[13.40846,50.40008],[13.40815,50.40052],[13.40798,50.40089],[13.40786,50.40136],[13.40785,50.40188],[13.4081,50.40339],[13.40828,50.40405],[13.4086,50.40475],[13.40887,50.40515],[13.40981,50.4061],[13.4104,50.40651],[13.41123,50.40697],[13.42911,50.41544],[13.43042,50.41612],[13.43143,50.41687],[13.43225,50.41781],[13.43253,50.41832],[13.43273,50.41884],[13.43285,50.41965],[13.43272,50.42063],[13.43233,50.42149],[13.43171,50.4223],[13.43083,50.42305],[13.42982,50.42368],[13.41591,50.43138]],[[13.419,50.26429],[13.42977,50.27258],[13.43083,50.27345],[13.43201,50.27458],[13.43648,50.27914],[13.43699,50.27985],[13.43724,50.28059],[13.43724,50.28131],[13.43701,50.28201],[13.43654,50.28268],[13.43585,50.28328],[13.43518,50.28367],[13.43419,50.28406],[13.43095,50.28477],[13.42991,50.28513],[13.42915,50.28556],[13.42863,50.28597],[13.42822,50.28644],[13.4279,50.28698],[13.42702,50.28893],[13.42685,50.28949],[13.42673,50.29044],[13.42677,50.2913],[13.42768,50.29774],[13.42768,50.29841],[13.42758,50.29885],[13.42723,50.29954],[13.42666,50.30015],[13.42605,50.3006],[13.42414,50.30177],[13.42326,50.30246],[13.42266,50.30326],[13.42238,50.30405],[13.42235,50.30445],[13.42239,50.30492],[13.42266,50.30561],[13.42318,50.30628],[13.42397,50.30691],[13.4249,50.30737],[13.42592,50.30768],[13.42674,50.30781],[13.42967,50.30808],[13.43097,50.30841],[13.43461,50.31012],[13.43919,50.31237],[13.44311,50.31492],[13.44425,50.31579],[13.45213,50.32396],[13.453,50.32471],[13.4538,50.32516],[13.45465,50.32546],[13.45882,50.32627],[13.45983,50.32658],[13.46069,50.32696],[13.46206,50.32788],[13.46748,50.33208],[13.46826,50.33257],[13.46922,50.33294],[13.47042,50.33312],[13.47157,50.33306],[13.47253,50.33283],[13.47399,50.33225],[13.47508,50.33192],[13.47613,50.33179],[13.47722,50.33181],[13.47828,50.33198],[13.48902,50.33462],[13.49038,50.33481],[13.49181,50.33482],[13.49266,50.33473],[13.49378,50.33452],[13.49784,50.33309],[13.50107,50.33234],[13.50183,50.33201],[13.50278,50.33126],[13.50331,50.33092],[13.50402,50.33062],[13.50486,50.33041],[13.50585,50.33032],[13.50705,50.33041],[13.50792,50.3306],[13.50957,50.33119],[13.51021,50.33131],[13.51094,50.33135],[13.51226,50.33122],[13.51439,50.33055],[13.51519,50.33045],[13.51592,50.33045],[13.51705,50.33064],[13.51786,50.33096],[13.52872,50.33697],[13.52992,50.33746],[13.53049,50.33762]],[[13.44885,50.49443],[13.44886,50.48952],[13.44861,50.48872],[13.44811,50.48807],[13.44732,50.48747],[13.44307,50.48542],[13.44266,50.48516],[13.44207,50.4846],[13.44182,50.48423],[13.44158,50.4837],[13.44125,50.4818],[13.44056,50.47966]],[[13.63689,50.2155],[13.63585,50.2159],[13.63512,50.2163],[13.63245,50.21851],[13.63176,50.21896],[13.63074,50.21937],[13.62971,50.21961],[13.62868,50.21971],[13.6233,50.21978],[13.62242,50.21986],[13.62145,50.22007],[13.62057,50.22039],[13.61985,50.22076],[13.61932,50.22114],[13.61763,50.2226],[13.61701,50.22298],[13.61635,50.22327],[13.61478,50.22365],[13.61202,50.22382],[13.61022,50.22415],[13.60861,50.22473],[13.60529,50.2262],[13.60413,50.22652],[13.60139,50.22709],[13.60048,50.22739],[13.59955,50.22788],[13.59885,50.22846],[13.59839,50.22906],[13.59815,50.2297],[13.59808,50.23008],[13.59811,50.23063],[13.59822,50.23102],[13.59914,50.23259],[13.59934,50.23326],[13.59934,50.23378],[13.59925,50.23415],[13.59905,50.23459],[13.59876,50.23499],[13.59829,50.23544],[13.59789,50.23572],[13.59682,50.23621],[13.59604,50.23643],[13.59285,50.23708],[13.59191,50.23735],[13.59104,50.2377],[13.58322,50.24197],[13.58243,50.24252],[13.58201,50.24293],[13.58163,50.2435],[13.58048,50.24602],[13.58031,50.24661],[13.58028,50.24698],[13.58035,50.24748],[13.58111,50.24982],[13.58115,50.25037],[13.58107,50.25081],[13.58077,50.25148],[13.58021,50.25214],[13.57955,50.25264],[13.57857,50.25313],[13.5776,50.25342],[13.57651,50.2536],[13.56745,50.25417],[13.56577,50.25409],[13.56499,50.25393],[13.56417,50.25368],[13.56335,50.25329],[13.5625,50.25271],[13.56189,50.25198],[13.56157,50.25127],[13.5615,50.25076],[13.56154,50.2472],[13.5617,50.24631],[13.562,50.24538],[13.56202,50.24488],[13.56197,50.24456],[13.56177,50.24404],[13.56148,50.2436],[13.56103,50.24315],[13.5604,50.24272],[13.55973,50.24239],[13.55841,50.24204],[13.55715,50.24193],[13.55503,50.24208],[13.55407,50.24205],[13.55305,50.24189],[13.55056,50.24122],[13.54989,50.24114],[13.54888,50.24116],[13.54832,50.24124],[13.54745,50.24149],[13.5469,50.24174],[13.54638,50.24207],[13.5458,50.24269],[13.54556,50.24314],[13.54547,50.24362],[13.54553,50.24418],[13.54567,50.24456],[13.54602,50.24504],[13.54641,50.24539],[13.54683,50.24566],[13.54776,50.24606],[13.5496,50.24645],[13.55032,50.24667],[13.55109,50.24705],[13.55166,50.2475],[13.55192,50.2478],[13.5521,50.24813],[13.55225,50.24866],[13.55225,50.24902],[13.55215,50.24946],[13.55196,50.24981],[13.55168,50.25017],[13.55133,50.25048],[13.55045,50.25096],[13.54926,50.25129],[13.5483,50.25136],[13.54589,50.25117],[13.54489,50.25119],[13.54431,50.25128],[13.5436,50.25148],[13.5427,50.25191],[13.54201,50.2525],[13.54173,50.2529],[13.54156,50.2533],[13.5415,50.25389],[13.54163,50.25488],[13.54164,50.25542],[13.5415,50.25599],[13.54123,50.2565],[13.54069,50.25713],[13.54009,50.25757],[13.53949,50.2579],[13.53886,50.25815],[13.53806,50.25837],[13.53727,50.2585],[13.53638,50.25855],[13.53526,50.25847],[13.53378,50.2581],[13.53186,50.2572],[13.53126,50.25698],[13.53041,50.2568],[13.5296,50.25674],[13.52831,50.25688],[13.52735,50.25718],[13.52656,50.25766],[13.5262,50.25802],[13.52596,50.25837],[13.52446,50.26103],[13.52426,50.26159],[13.52421,50.26198],[13.52433,50.26269],[13.52469,50.26337],[13.52526,50.26397],[13.52616,50.26455],[13.52705,50.26495],[13.53708,50.26864],[13.53819,50.26928],[13.5402,50.27087],[13.54085,50.27122],[13.54163,50.27152],[13.54259,50.27174],[13.54359,50.27184],[13.54447,50.27183],[13.54692,50.27164],[13.54859,50.27177],[13.55068,50.27219],[13.55168,50.27245],[13.55275,50.27292],[13.55361,50.27349],[13.55435,50.27429],[13.55465,50.27486],[13.55479,50.2753],[13.55482,50.27611],[13.55442,50.2777],[13.55443,50.27822],[13.55458,50.27875],[13.5551,50.27954],[13.55646,50.28089],[13.55695,50.28151],[13.55968,50.2869],[13.56006,50.28751],[13.56056,50.28805],[13.56393,50.29076],[13.57068,50.2951],[13.57123,50.29551],[13.57198,50.29624],[13.57343,50.29797],[13.57406,50.29861],[13.57849,50.3026],[13.57954,50.30335],[13.58058,50.30384],[13.58201,50.30428],[13.59128,50.30569],[13.5925,50.30602],[13.59354,50.30653],[13.59443,50.30728],[13.59489,50.30801],[13.59505,50.30855],[13.59514,50.31002],[13.59545,50.31085],[13.596,50.31155],[13.59714,50.31254],[13.59752,50.31295],[13.59785,50.31341],[13.59821,50.31406],[13.59848,50.31515],[13.59848,50.31568],[13.59839,50.31628],[13.5975,50.31869],[13.59663,50.32086],[13.59643,50.32124],[13.58749,50.33227],[13.58593,50.33464],[13.58523,50.33532],[13.58451,50.3358],[13.58354,50.33628],[13.58222,50.33664],[13.58074,50.33677],[13.57952,50.33665],[13.57842,50.33637],[13.5777,50.33607],[13.57292,50.33376],[13.57182,50.33346],[13.57039,50.3333],[13.56555,50.33321],[13.56437,50.33332],[13.56327,50.33366],[13.56059,50.33505]],[[13.60676,50.59206],[13.60577,50.59174]],[[13.76347,50.69612],[13.76526,50.69398],[13.76573,50.69326],[13.76588,50.69287],[13.76596,50.69241],[13.76597,50.69214],[13.76587,50.69159],[13.76552,50.69085],[13.76475,50.68968],[13.76448,50.68836],[13.76438,50.68813],[13.76402,50.68767],[13.7636,50.68733],[13.76119,50.68611],[13.76034,50.68558],[13.75988,50.68513],[13.75868,50.68368],[13.7585,50.68316],[13.75851,50.68272],[13.75863,50.68222],[13.75899,50.68135],[13.75905,50.6809],[13.7589,50.68032],[13.75851,50.67977],[13.75822,50.67952],[13.7576,50.67915],[13.75649,50.6788],[13.75576,50.67872],[13.75513,50.67873],[13.75313,50.67896],[13.75224,50.67888],[13.75149,50.6787],[13.75068,50.67833],[13.75026,50.67803],[13.75003,50.6778],[13.74943,50.67683],[13.74867,50.67613],[13.74784,50.67577],[13.74578,50.67536],[13.74489,50.67501],[13.7442,50.6745],[13.74388,50.67412],[13.74315,50.67219],[13.74257,50.67149],[13.74196,50.67114],[13.73891,50.66991],[13.73817,50.66949],[13.73612,50.66775],[13.73578,50.66728],[13.73548,50.66646],[13.73526,50.66604],[13.73494,50.66567],[13.73452,50.66535],[13.73367,50.66495],[13.7316,50.66435],[13.73076,50.66401],[13.72885,50.66313],[13.72769,50.66232],[13.72707,50.66202],[13.72656,50.66186],[13.72405,50.66138],[13.7232,50.66105],[13.7226,50.66059],[13.71946,50.65752],[13.71815,50.65585],[13.71759,50.65533],[13.71665,50.6548],[13.71431,50.65418],[13.7138,50.65394],[13.71329,50.6536],[13.71289,50.6532],[13.71205,50.65187],[13.71156,50.65144],[13.71022,50.65052],[13.70974,50.64997],[13.70953,50.64956],[13.70925,50.64828],[13.70902,50.64776],[13.70669,50.64492],[13.7062,50.64429],[13.70587,50.64373],[13.70569,50.6432],[13.70535,50.64146],[13.70499,50.64079],[13.7043,50.64015],[13.70241,50.63915],[13.70161,50.63855],[13.69942,50.63604],[13.69871,50.63494],[13.69793,50.63353],[13.69722,50.63274],[13.69652,50.63221],[13.69438,50.63087],[13.68636,50.62732],[13.68592,50.62706],[13.68554,50.62671],[13.68357,50.62349],[13.68309,50.62256],[13.6819,50.61813],[13.68188,50.61771],[13.68204,50.61592],[13.68194,50.61518],[13.6817,50.61451],[13.68124,50.61375],[13.68066,50.61309],[13.67752,50.61014],[13.67681,50.60957],[13.67629,50.60925],[13.67561,50.60888],[13.67468,50.60851],[13.67375,50.60822],[13.66831,50.60695],[13.6635,50.60511],[13.66183,50.6043],[13.66076,50.60365],[13.65504,50.59956],[13.65414,50.5991],[13.65336,50.59879],[13.65093,50.59807],[13.64996,50.59755],[13.64946,50.59711],[13.64908,50.59656],[13.64891,50.59602],[13.6488,50.59489],[13.64856,50.59434],[13.64806,50.59377],[13.64717,50.59318],[13.64601,50.59279],[13.6449,50.59262],[13.64396,50.59259],[13.64105,50.5927]],[[13.76347,50.69612],[13.76434,50.69493],[13.76452,50.69449],[13.7646,50.69404],[13.76455,50.69341],[13.76433,50.69282],[13.76394,50.69227],[13.76368,50.69202],[13.76276,50.69138],[13.75401,50.68724],[13.7535,50.6871],[13.75257,50.68698],[13.75133,50.68709],[13.75058,50.6873],[13.74876,50.68822],[13.74809,50.68846],[13.74729,50.68861],[13.74618,50.68863],[13.74555,50.68854],[13.74492,50.68836],[13.74223,50.68708],[13.74133,50.68678],[13.7402,50.68667],[13.73747,50.68688],[13.73673,50.68682],[13.73614,50.68669],[13.73555,50.68648],[13.73501,50.68618],[13.73386,50.6851],[13.73345,50.68482],[13.73241,50.68442],[13.73174,50.6843],[13.73098,50.68426],[13.73023,50.68433],[13.72955,50.68449],[13.72894,50.68473],[13.72836,50.6851],[13.72789,50.68557],[13.72764,50.68604],[13.72757,50.68644],[13.72759,50.6868],[13.72823,50.68826],[13.72824,50.68872],[13.72801,50.68933],[13.7275,50.68991],[13.72637,50.6907],[13.72578,50.69123],[13.7248,50.69287],[13.72438,50.69327],[13.72391,50.6936],[13.72325,50.6939],[13.72083,50.6944],[13.72017,50.69459],[13.71952,50.69492],[13.71851,50.69564],[13.71793,50.69592],[13.71736,50.6961],[13.71633,50.69624],[13.71192,50.6964],[13.70779,50.69685],[13.7071,50.69708],[13.70391,50.69846],[13.70309,50.69898],[13.70242,50.6998],[13.70223,50.70019],[13.70209,50.70168],[13.70221,50.7023],[13.70259,50.70295],[13.7031,50.70343],[13.70521,50.70461],[13.70561,50.7049],[13.70594,50.70525],[13.70621,50.70568],[13.70631,50.70619],[13.70625,50.70668],[13.70596,50.70725],[13.70541,50.70778],[13.70502,50.70803],[13.70443,50.70827],[13.69833,50.70971],[13.69765,50.70994],[13.69709,50.71023],[13.69644,50.71084],[13.69625,50.71118],[13.69612,50.71158],[13.6961,50.71191],[13.69617,50.71225],[13.69678,50.71343],[13.69696,50.71406],[13.69694,50.71445],[13.69683,50.71479],[13.6964,50.71538],[13.69542,50.71611],[13.68973,50.71876],[13.68826,50.71962]],[[13.69483,50.3621],[13.69653,50.36285],[13.69814,50.36322],[13.69968,50.36333],[13.7039,50.36338]],[[13.7039,50.36338],[13.70287,50.36348],[13.70204,50.36371],[13.70116,50.36415],[13.70057,50.36466],[13.70034,50.36497],[13.70016,50.3654],[13.70007,50.36674],[13.69982,50.36754],[13.69946,50.36811],[13.69777,50.37007]],[[13.81482,50.35997],[13.8139,50.35998],[13.81321,50.36008],[13.81263,50.36024],[13.81183,50.36057],[13.80189,50.36648],[13.80134,50.36686],[13.80056,50.36759],[13.8001,50.36827],[13.79889,50.3715],[13.79853,50.37213],[13.79818,50.37254],[13.79769,50.37296],[13.79715,50.3733],[13.79644,50.37364],[13.79567,50.3739],[13.79473,50.3741],[13.76761,50.37862],[13.7663,50.37895],[13.76532,50.37937],[13.75484,50.38477],[13.74739,50.38939],[13.74573,50.39022],[13.74339,50.39106],[13.72949,50.39571],[13.72839,50.39601],[13.72111,50.39754],[13.7199,50.39786],[13.71942,50.39806],[13.71873,50.39845],[13.71799,50.39913],[13.71761,50.39981],[13.71749,50.40027],[13.71747,50.40069],[13.71763,50.40131],[13.71791,50.4018],[13.71833,50.40227],[13.72061,50.40418],[13.72149,50.40506],[13.72191,50.40555],[13.72251,50.4065],[13.72294,50.40746],[13.72433,50.41126],[13.72451,50.41242],[13.72443,50.41376],[13.7242,50.41465],[13.72145,50.42208],[13.72081,50.42325],[13.71931,50.42542],[13.71885,50.42645],[13.71418,50.44333],[13.71356,50.44452],[13.71288,50.44542],[13.70935,50.44914],[13.70895,50.44982],[13.70875,50.45046],[13.7087,50.45119],[13.70877,50.45171],[13.7092,50.45276],[13.70981,50.45376],[13.71337,50.45882],[13.71376,50.45952],[13.71402,50.46022],[13.71419,50.46112],[13.71419,50.462],[13.71364,50.4666],[13.71353,50.46717],[13.71335,50.46772],[13.71304,50.46829],[13.71243,50.46906],[13.71164,50.46976],[13.71076,50.47033],[13.69948,50.47598],[13.69862,50.4765],[13.69803,50.47698],[13.69756,50.47749],[13.69722,50.47799],[13.69695,50.47863],[13.69681,50.47945],[13.69685,50.48023],[13.69693,50.48076],[13.69711,50.48126],[13.69976,50.48551],[13.70038,50.48622],[13.70113,50.48675],[13.70211,50.48719],[13.70796,50.48873],[13.70894,50.48909],[13.70946,50.4894],[13.71,50.48986],[13.71035,50.49038],[13.7105,50.49079],[13.71052,50.49137],[13.71033,50.49195],[13.70997,50.49247],[13.70953,50.49285],[13.70851,50.49342],[13.70331,50.4958],[13.70234,50.49642],[13.70192,50.49688],[13.70162,50.4975],[13.70155,50.49791],[13.7016,50.49861]],[[13.70183,50.50007],[13.70164,50.4984],[13.70163,50.49773],[13.7019,50.49702],[13.70235,50.49647],[13.70291,50.49607],[13.70343,50.49579],[13.7086,50.49344],[13.70942,50.493],[13.70997,50.49255],[13.71036,50.49204],[13.71056,50.49147],[13.71058,50.49093],[13.71039,50.49035],[13.71012,50.48993],[13.70951,50.48937],[13.70886,50.489],[13.70801,50.4887],[13.70286,50.48736],[13.70186,50.48705],[13.70078,50.48648],[13.70016,50.48595],[13.69952,50.48506],[13.69744,50.48175],[13.69702,50.48085],[13.6969,50.4802],[13.6969,50.47924],[13.69699,50.47896],[13.69719,50.47864],[13.69779,50.47815],[13.69845,50.47787],[13.70013,50.4774],[13.70106,50.477],[13.70184,50.47639],[13.7028,50.47512],[13.70355,50.47467],[13.70429,50.47446],[13.7048,50.4744],[13.70692,50.47442],[13.70796,50.47415],[13.70832,50.47397],[13.71142,50.47196],[13.71223,50.47159],[13.71591,50.47038],[13.71656,50.47],[13.7177,50.46902],[13.71811,50.46874],[13.71885,50.46839],[13.71949,50.46818],[13.72046,50.468],[13.72159,50.46794],[13.72784,50.46849],[13.72995,50.46849],[13.73202,50.46828],[13.74136,50.46695],[13.74241,50.46678],[13.74304,50.46659],[13.74385,50.46621],[13.74463,50.46557],[13.74746,50.46112],[13.74758,50.46057],[13.74739,50.45874],[13.74747,50.458],[13.74762,50.45766],[13.74795,50.4572],[13.74837,50.45682],[13.74898,50.45645],[13.74979,50.45612],[13.75048,50.45596],[13.75129,50.45587],[13.75399,50.45575],[13.75734,50.45506],[13.75989,50.45492],[13.76086,50.45469],[13.76168,50.45428],[13.76342,50.45322],[13.76431,50.45283],[13.76764,50.45212],[13.77105,50.45104],[13.77156,50.45076],[13.77201,50.45039],[13.77229,50.45005],[13.77279,50.44906],[13.77336,50.44857],[13.7804,50.44532],[13.7818,50.44493],[13.78413,50.44456],[13.78501,50.44434],[13.78576,50.44401],[13.78766,50.44285],[13.78897,50.44238],[13.79601,50.4408],[13.79745,50.4406],[13.79865,50.44062],[13.80381,50.44107],[13.80473,50.4412],[13.80556,50.44146],[13.80614,50.44174],[13.80751,50.44277],[13.80832,50.44321],[13.80942,50.4436],[13.81054,50.44381],[13.81165,50.44388],[13.81236,50.44384],[13.81523,50.44331],[13.81635,50.44323],[13.82233,50.44356],[13.82326,50.44372],[13.82387,50.44392],[13.82446,50.44423],[13.82491,50.4446],[13.82525,50.44503],[13.82545,50.44565],[13.8254,50.44727],[13.82571,50.44787],[13.82604,50.44819],[13.82638,50.4484],[13.8269,50.44862],[13.82749,50.44876],[13.82827,50.44882],[13.83388,50.44868],[13.83461,50.44861],[13.83549,50.44839],[13.83609,50.44814],[13.83679,50.4477],[13.84217,50.44324],[13.84256,50.44303],[13.84326,50.44279],[13.84411,50.44264],[13.84483,50.44263],[13.84598,50.44281],[13.84972,50.44429],[13.85071,50.44453],[13.85194,50.44459],[13.8537,50.44443],[13.85446,50.44442],[13.85729,50.44475],[13.85833,50.44496],[13.85929,50.44537],[13.86091,50.44636],[13.86613,50.4483],[13.86668,50.44863],[13.86764,50.44945],[13.8681,50.44971],[13.86882,50.44993],[13.86955,50.45001],[13.8702,50.44999],[13.87104,50.44979],[13.87168,50.44948],[13.87212,50.44912],[13.87311,50.448],[13.8736,50.4473],[13.87524,50.44406],[13.87573,50.44352],[13.87637,50.44316],[13.87702,50.44297],[13.87768,50.44288],[13.87858,50.44293],[13.87927,50.4431],[13.87976,50.44333],[13.88106,50.44426],[13.8815,50.44461],[13.88184,50.44499],[13.88216,50.44563],[13.88224,50.44625],[13.88211,50.4468],[13.88183,50.44731],[13.88088,50.44856],[13.88073,50.44893],[13.88069,50.44925],[13.88074,50.44957],[13.881,50.45004],[13.88137,50.45039],[13.88176,50.45062],[13.88531,50.45213],[13.88636,50.45237],[13.88954,50.4525],[13.89016,50.45265],[13.89145,50.45311],[13.89211,50.45324],[13.89318,50.45331],[13.89393,50.45326],[13.89497,50.45302],[13.89604,50.45253],[13.89835,50.45056],[13.899,50.45017],[13.9,50.4499],[13.90109,50.44989],[13.90195,50.45009],[13.90244,50.45032],[13.90284,50.4506],[13.90321,50.45106],[13.90336,50.45141],[13.90338,50.45168],[13.90307,50.45324],[13.90313,50.45387],[13.90339,50.45444],[13.9047,50.45621],[13.9051,50.45661],[13.90567,50.45699],[13.90623,50.45726],[13.90703,50.45751],[13.91315,50.45892],[13.91401,50.45899],[13.9151,50.45883],[13.92073,50.45719],[13.92191,50.457],[13.92316,50.45698],[13.93464,50.4587],[13.93742,50.45917],[13.93819,50.45946],[13.93889,50.45986],[13.93944,50.46037],[13.9398,50.46094],[13.93993,50.4614],[13.93994,50.46183],[13.93953,50.46412],[13.9395,50.46464],[13.93961,50.4651],[13.93988,50.4656],[13.94048,50.46619],[13.94101,50.46653],[13.94174,50.46685],[13.95165,50.47035],[13.95229,50.47046],[13.95289,50.47046],[13.95425,50.4702],[13.95904,50.46878],[13.96153,50.46777],[13.96232,50.46754],[13.96697,50.46705],[13.96782,50.46689],[13.96868,50.46661],[13.97133,50.4654],[13.97192,50.46521],[13.9731,50.46512],[13.97381,50.46522],[13.97434,50.46538],[13.97498,50.46572],[13.9755,50.46627],[13.97565,50.46659],[13.97582,50.46758],[13.97612,50.46809],[13.97658,50.46847],[13.97961,50.47032],[13.97998,50.47066],[13.9802,50.47099],[13.98034,50.47142],[13.98057,50.476],[13.98044,50.47689],[13.97991,50.47892],[13.97993,50.47955],[13.98006,50.47993],[13.98029,50.4803],[13.98085,50.48087],[13.98176,50.4814],[13.98276,50.48171],[13.98382,50.48185],[13.98486,50.4818],[13.98938,50.48107],[13.99395,50.48054],[13.9949,50.48034],[13.99544,50.48012],[13.99596,50.4798],[13.9964,50.47939],[13.99664,50.47904],[13.9968,50.47852],[13.99705,50.47578],[13.99713,50.47548],[13.99749,50.47494],[13.99781,50.47466],[13.99823,50.47443],[13.99893,50.47419],[13.99961,50.4741],[14.0046,50.47398],[14.00538,50.47389],[14.00605,50.4737],[14.01066,50.47202],[14.01209,50.47171],[14.01355,50.4716],[14.01491,50.47168],[14.01631,50.47194],[14.0193,50.47297],[14.02006,50.47333],[14.02048,50.47364],[14.02075,50.47392],[14.02243,50.47668],[14.02295,50.47716],[14.02385,50.47766],[14.02475,50.47794],[14.02581,50.47808],[14.03126,50.47785],[14.03202,50.47789],[14.03275,50.47804],[14.03337,50.47825],[14.03382,50.4785],[14.03693,50.48095],[14.03737,50.48123]],[[13.76944,50.3482],[13.76789,50.34909],[13.76724,50.34932],[13.76634,50.34949],[13.76525,50.34953],[13.76024,50.34937],[13.75868,50.3491],[13.74335,50.34492],[13.74234,50.34477],[13.74147,50.34474],[13.74058,50.3448],[13.73954,50.34499],[13.73815,50.34546],[13.72203,50.35176],[13.72094,50.35222],[13.72043,50.35253],[13.71974,50.35318],[13.71947,50.35362],[13.71933,50.3541],[13.71931,50.35467],[13.71959,50.35818],[13.71953,50.35871],[13.71933,50.3593],[13.71899,50.35982],[13.71844,50.36038],[13.71599,50.36238],[13.71531,50.36282],[13.71451,50.36315],[13.714,50.3633],[13.71276,50.36347],[13.7039,50.36338]],[[13.73097,50.62386],[13.72557,50.61965],[13.72393,50.61864],[13.72335,50.6184],[13.7171,50.61643]],[[13.73049,50.22482],[13.73097,50.22525],[13.7313,50.22566],[13.73203,50.22696],[13.73226,50.22723],[13.73284,50.22773],[13.73435,50.22862],[13.73475,50.229],[13.73502,50.22941],[13.73512,50.22974],[13.73516,50.23012],[13.7351,50.23049],[13.73496,50.23084],[13.73449,50.23139],[13.73373,50.23188],[13.73119,50.23267],[13.7296,50.23303],[13.7281,50.23318],[13.72425,50.23332],[13.72344,50.23324],[13.72283,50.23312],[13.71469,50.23097],[13.71395,50.23083],[13.71312,50.23079],[13.71242,50.23086],[13.7118,50.23101],[13.71108,50.2313],[13.71072,50.23152],[13.71032,50.23186],[13.71002,50.23225],[13.70981,50.23297],[13.70991,50.23358],[13.71028,50.23415],[13.71079,50.23458],[13.71148,50.23494],[13.71246,50.23521],[13.71657,50.23584],[13.71773,50.23616],[13.71852,50.23652],[13.72033,50.23766],[13.72107,50.23803],[13.72208,50.23836],[13.72456,50.23892],[13.7253,50.23922],[13.72683,50.24011],[13.7279,50.24053],[13.72893,50.24076],[13.72962,50.24085],[13.73915,50.24139],[13.74084,50.24177],[13.74216,50.24231],[13.74303,50.24286],[13.74352,50.24327],[13.74533,50.24524],[13.74604,50.24627],[13.74651,50.24729],[13.74855,50.2526],[13.74859,50.25294],[13.74852,50.25339],[13.74833,50.25379],[13.74812,50.25406],[13.74772,50.25441],[13.74732,50.25467],[13.74645,50.255],[13.74561,50.25516],[13.74478,50.25517],[13.74273,50.25482],[13.74176,50.25475],[13.74063,50.25489],[13.73968,50.25523],[13.73911,50.2556],[13.73878,50.25592],[13.73855,50.25626],[13.73838,50.25673],[13.73837,50.25781],[13.73831,50.25816],[13.73805,50.25866],[13.73752,50.25919],[13.7369,50.25955],[13.73622,50.25979],[13.7334,50.2603],[13.73266,50.26062],[13.73198,50.26112],[13.73158,50.26169],[13.73099,50.26318],[13.73048,50.26385],[13.7298,50.26438],[13.72766,50.26554],[13.72725,50.26588],[13.72691,50.26629],[13.72668,50.26679],[13.7266,50.2672],[13.72673,50.269],[13.72664,50.26973],[13.7246,50.2746],[13.72441,50.27496],[13.72393,50.27549],[13.72257,50.27649],[13.72209,50.27693],[13.72176,50.27736],[13.72153,50.27778],[13.72139,50.27824],[13.72132,50.27875],[13.72138,50.27925],[13.72154,50.27971],[13.72735,50.28887],[13.72858,50.29205],[13.73092,50.29847],[13.73096,50.29895],[13.73087,50.29945],[13.73068,50.2999],[13.73035,50.30037],[13.7297,50.30096],[13.72744,50.30261],[13.72686,50.30318],[13.72658,50.30367],[13.72647,50.30414],[13.72646,50.30447],[13.72658,50.30499],[13.72774,50.30796],[13.72808,50.3085],[13.7288,50.30924],[13.72985,50.30998],[13.73956,50.31608],[13.74027,50.31646],[13.74189,50.31712],[13.74247,50.31745],[13.74293,50.31783],[13.74324,50.31819],[13.74425,50.32018],[13.74481,50.32082],[13.7452,50.3211],[13.74575,50.32138],[13.74788,50.32224],[13.74852,50.32263],[13.74894,50.32298],[13.74957,50.32374],[13.75323,50.33058],[13.75368,50.33122],[13.75417,50.33167],[13.75477,50.33208],[13.75534,50.33236],[13.76309,50.33535],[13.76375,50.33568],[13.76428,50.3361],[13.76469,50.33657],[13.76496,50.33717],[13.76501,50.33769],[13.76495,50.33885],[13.76519,50.33956],[13.76975,50.34543]],[[13.75344,50.63489],[13.75233,50.63406],[13.74927,50.63199],[13.74827,50.63112],[13.74763,50.63032],[13.74729,50.6297],[13.74706,50.62905],[13.74693,50.62803],[13.74701,50.62727],[13.7473,50.62641],[13.74897,50.62294],[13.74973,50.62188],[13.74999,50.62131],[13.75004,50.62072],[13.74987,50.61998],[13.74986,50.61956],[13.75046,50.61581],[13.75081,50.61465],[13.75118,50.61395],[13.7518,50.61314],[13.75401,50.61113],[13.75475,50.61027],[13.75541,50.60907],[13.75748,50.60431],[13.75749,50.60363],[13.75718,50.60272],[13.75458,50.59904],[13.75395,50.59753],[13.75394,50.59688]],[[13.76187,50.70101],[13.76196,50.70004],[13.76189,50.69841],[13.76197,50.69808],[13.76214,50.69777],[13.76347,50.69612]],[[13.76975,50.34543],[13.77021,50.34611],[13.77031,50.34648],[13.77031,50.34693],[13.7702,50.3473],[13.77004,50.34758],[13.76944,50.3482]],[[13.77348,50.34728],[13.77257,50.34723],[13.77124,50.34739],[13.77024,50.34773],[13.76944,50.3482]],[[13.76975,50.34543],[13.77033,50.34602],[13.77095,50.34651],[13.77138,50.34675],[13.77218,50.34704],[13.77348,50.34728]],[[13.77271,50.64212],[13.77432,50.64264],[13.77496,50.64299],[13.77554,50.64345],[13.77612,50.64421],[13.77691,50.64581],[13.77736,50.64653],[13.77782,50.64701],[13.77854,50.64755],[13.77948,50.64805],[13.78027,50.64834],[13.78544,50.64984],[13.78661,50.65011],[13.78747,50.65022],[13.78955,50.65028],[13.79113,50.65011],[13.79758,50.64907],[13.79907,50.64899],[13.80065,50.64907],[13.80183,50.64934],[13.80919,50.65182],[13.81132,50.65272],[13.81195,50.65319],[13.81383,50.6552],[13.81438,50.65565],[13.81501,50.65599],[13.8156,50.65622],[13.81754,50.65673],[13.81851,50.65708],[13.81936,50.65763],[13.81997,50.65818],[13.82023,50.6585],[13.82061,50.65914],[13.82083,50.65991],[13.82156,50.66708],[13.82163,50.66758],[13.8218,50.66821],[13.82222,50.66901],[13.82264,50.66954],[13.82316,50.67005],[13.82349,50.67032],[13.82451,50.67094],[13.82547,50.67137],[13.83419,50.67449],[13.83549,50.67486],[13.83738,50.67514],[13.84331,50.67546],[13.84523,50.67587],[13.84606,50.67621],[13.8529,50.67964],[13.85401,50.68012],[13.86649,50.68425],[13.86768,50.68457],[13.87042,50.68513],[13.8719,50.68554],[13.87745,50.68782],[13.87854,50.68818],[13.88066,50.68861],[13.88793,50.68986],[13.88929,50.68992],[13.89256,50.68976],[13.8938,50.68986],[13.89502,50.69011],[13.9084,50.69571],[13.9095,50.69632],[13.91203,50.69804],[13.91315,50.69861],[13.91943,50.70081],[13.92159,50.70165],[13.92407,50.70249],[13.93103,50.70611],[13.93158,50.70637],[13.93508,50.70759],[13.9362,50.70818],[13.93732,50.70904],[13.93798,50.70983],[13.93969,50.71238],[13.94025,50.71296],[13.94085,50.71345],[13.94217,50.71421],[13.94599,50.71591],[13.94708,50.71649],[13.94793,50.71712],[13.94994,50.71915],[13.95087,50.71984],[13.95185,50.72038],[13.95602,50.72228],[13.95733,50.72294],[13.95965,50.72472],[13.96087,50.72577],[13.96163,50.72623],[13.96243,50.72656],[13.96389,50.72688],[13.96574,50.72704],[13.96795,50.7269],[13.96939,50.72658],[13.97046,50.72621],[13.9711,50.7259],[13.97835,50.72201],[13.9798,50.72149],[13.98132,50.72116],[13.98313,50.72105],[13.99138,50.72117],[13.99271,50.72112],[13.99425,50.72088],[14.00206,50.71924],[14.00367,50.71903],[14.00471,50.71902],[14.00557,50.7191],[14.00652,50.71926],[14.00775,50.71963],[14.00878,50.72016],[14.0095,50.72072],[14.01082,50.72219],[14.01213,50.72322],[14.01305,50.72406],[14.02108,50.73179],[14.02189,50.7327],[14.02222,50.73325],[14.02245,50.73382],[14.02423,50.74158],[14.02506,50.7447],[14.02554,50.74562],[14.02614,50.74633],[14.02712,50.74712],[14.02807,50.74765],[14.03495,50.75062],[14.03578,50.75104],[14.03688,50.75179],[14.04004,50.75439],[14.04066,50.75475],[14.04131,50.75502],[14.04858,50.75671],[14.0499,50.75696],[14.05107,50.75706],[14.06127,50.75711],[14.07238,50.75575],[14.07325,50.75569],[14.074,50.75572],[14.07559,50.756],[14.08199,50.75821],[14.08496,50.75901],[14.08631,50.75917],[14.08904,50.75899],[14.09009,50.75904],[14.09111,50.75928],[14.09317,50.76017],[14.09416,50.7604],[14.09552,50.76043],[14.1007,50.75958],[14.10223,50.7595],[14.10801,50.76004],[14.10894,50.76026],[14.11042,50.76084],[14.11115,50.76103],[14.11358,50.76128],[14.11602,50.76181],[14.11706,50.76216],[14.11794,50.76264],[14.11847,50.76308],[14.11928,50.76397],[14.12306,50.76822],[14.12341,50.76887],[14.12376,50.77026],[14.12391,50.7706],[14.12424,50.77104],[14.12476,50.77149],[14.12536,50.77182],[14.12593,50.77205],[14.12769,50.77247],[14.1284,50.77271],[14.13279,50.77481],[14.13367,50.77544],[14.13455,50.77662],[14.13485,50.77693],[14.13535,50.77729],[14.13579,50.77752],[14.13656,50.77779],[14.13852,50.77822],[14.14073,50.77909],[14.14177,50.77926],[14.14268,50.77928],[14.14458,50.77918],[14.14544,50.77929],[14.1481,50.77983],[14.15537,50.78002],[14.15673,50.78011],[14.15782,50.78032],[14.15982,50.78094],[14.16104,50.78104],[14.1619,50.78097],[14.16452,50.78058],[14.16693,50.78045],[14.16775,50.78035],[14.16881,50.78004],[14.17079,50.77925],[14.17181,50.77904],[14.17281,50.77899],[14.17483,50.77915],[14.17683,50.77904],[14.17814,50.77884],[14.17964,50.77838],[14.18084,50.77811],[14.1818,50.77807],[14.18373,50.77814],[14.18491,50.77802],[14.18622,50.77768],[14.1873,50.77718],[14.19504,50.77163],[14.19561,50.77118],[14.19591,50.77085],[14.19611,50.77044],[14.19615,50.76985]],[[13.77348,50.34728],[13.7847,50.34907],[13.79309,50.34948],[13.79444,50.34966],[13.79523,50.34987],[13.80228,50.35264],[13.8069,50.3539],[13.80793,50.35431],[13.80884,50.35493],[13.8094,50.3556],[13.80959,50.356],[13.8105,50.35853],[13.81068,50.35884],[13.81099,50.35918],[13.81164,50.35957],[13.81244,50.35982],[13.81482,50.35997]],[[13.8823,50.61182],[13.88385,50.6127],[13.88424,50.61306],[13.88459,50.61366],[13.88466,50.61414],[13.88454,50.61464],[13.88418,50.61519],[13.88377,50.61556],[13.88297,50.61596],[13.88208,50.6162],[13.87923,50.61631],[13.87789,50.61653],[13.87727,50.61675],[13.87512,50.61772],[13.87438,50.61817],[13.86897,50.62241],[13.86793,50.62315],[13.86671,50.62383],[13.86124,50.62636],[13.86011,50.62682],[13.85899,50.62708],[13.85681,50.62737],[13.85587,50.62761],[13.85506,50.62792],[13.85282,50.62901],[13.85178,50.62936],[13.85098,50.6295],[13.84776,50.62985],[13.84687,50.63003],[13.84343,50.63092],[13.83774,50.63197],[13.83676,50.63237],[13.83562,50.63295],[13.83491,50.63319],[13.8344,50.63328],[13.83333,50.63333],[13.83225,50.63315],[13.83167,50.63296],[13.82961,50.63186],[13.82897,50.6316],[13.82819,50.63142],[13.82717,50.63136],[13.82148,50.63168],[13.82046,50.63195],[13.8175,50.63315],[13.81514,50.63367],[13.80275,50.63441],[13.80164,50.63459],[13.80046,50.63499],[13.7923,50.63847],[13.79144,50.63898],[13.79102,50.63945],[13.7908,50.63995],[13.79077,50.64045],[13.79089,50.64088],[13.79111,50.64126],[13.79149,50.64163],[13.79223,50.64207],[13.79281,50.64227]],[[13.81482,50.35997],[13.81581,50.36008],[13.81991,50.36085],[13.82844,50.3623],[13.82958,50.36233],[13.8306,50.36224],[13.83284,50.36171]],[[13.83284,50.36171],[13.83663,50.36076],[13.8381,50.36022],[13.84188,50.35806],[13.84279,50.35735],[13.8435,50.35664],[13.84432,50.35546],[13.84473,50.35445],[13.84613,50.34871],[13.84622,50.34789],[13.8462,50.34712],[13.84597,50.34557],[13.84479,50.34057],[13.84455,50.34002],[13.84402,50.33945],[13.84366,50.33919],[13.84288,50.33878],[13.84052,50.33804],[13.83947,50.33758],[13.8387,50.33706],[13.8362,50.33495],[13.83506,50.33426],[13.83415,50.33393],[13.83337,50.33375],[13.83015,50.33344],[13.82919,50.33328],[13.82858,50.33308],[13.82792,50.33278],[13.82744,50.33246],[13.82707,50.33212],[13.82671,50.33159],[13.82652,50.33101],[13.82653,50.33048],[13.82669,50.32998],[13.82698,50.32953],[13.82737,50.32913],[13.82812,50.32865],[13.82881,50.32837],[13.83014,50.3281],[13.83151,50.32812],[13.84323,50.33053],[13.84468,50.33071],[13.85398,50.33154],[13.85521,50.33181],[13.86397,50.33425],[13.86574,50.33464],[13.86724,50.33488],[13.86913,50.33508],[13.87114,50.33517],[13.87929,50.335],[13.88042,50.33503],[13.88121,50.33513],[13.88253,50.33544],[13.89226,50.3383],[13.90116,50.34052],[13.90198,50.34066],[13.90303,50.34069],[13.904,50.34059],[13.90485,50.34039],[13.90567,50.3401],[13.90652,50.33963],[13.90699,50.33927],[13.90756,50.33863],[13.90799,50.33791],[13.90828,50.33706],[13.90834,50.3362],[13.90815,50.33532],[13.90598,50.33034],[13.90571,50.32951],[13.90564,50.32883],[13.90569,50.32828],[13.90585,50.32773],[13.90617,50.32709],[13.90681,50.32632],[13.90753,50.32573],[13.90845,50.32518],[13.9091,50.32491],[13.91008,50.3246],[13.91118,50.3244],[13.91239,50.32431],[13.91358,50.32436],[13.9147,50.32452],[13.91583,50.32482],[13.93082,50.33014],[13.94317,50.33621],[13.94448,50.33678],[13.95159,50.33938],[13.95284,50.33961],[13.95421,50.33958],[13.95502,50.33944],[13.9558,50.33918],[13.9565,50.33881],[13.95685,50.33852],[13.9577,50.33759],[13.96046,50.3342],[13.9613,50.33304],[13.96152,50.33252],[13.96158,50.33205],[13.96149,50.33148],[13.95811,50.32241],[13.9581,50.32163],[13.95831,50.32095],[13.95871,50.32032],[13.95944,50.31961],[13.96584,50.31405],[13.96687,50.31336],[13.96795,50.31288],[13.96926,50.31252],[13.97604,50.31111],[13.98513,50.30982],[13.98834,50.3091]],[[14.05547,50.41358],[14.0551,50.4105],[14.05483,50.40898],[14.05465,50.40863],[14.05433,50.4083],[14.05401,50.40808],[14.05349,50.40784],[14.05289,50.40769],[14.05223,50.40765],[14.04812,50.40783],[14.04113,50.40803],[14.03964,50.40799],[14.03817,50.40777],[14.02983,50.40617],[14.02861,50.40579],[14.02772,50.40545],[14.00435,50.39515],[14.00249,50.39455],[14.00054,50.39419],[13.99814,50.39405],[13.99695,50.39411],[13.99564,50.39427],[13.99372,50.3947],[13.99073,50.39578],[13.98902,50.39627],[13.97376,50.39952],[13.97141,50.39991],[13.95909,50.40141],[13.95778,50.40144],[13.95666,50.40128],[13.95189,50.39974],[13.95116,50.39943],[13.95063,50.3991],[13.95013,50.39863],[13.94986,50.39826],[13.94759,50.39443],[13.94742,50.3939],[13.9473,50.39256],[13.94695,50.39194],[13.94643,50.39149],[13.94562,50.39094],[13.94384,50.39011],[13.94348,50.38983],[13.94321,50.38949],[13.94305,50.3891],[13.94292,50.38796],[13.9427,50.38682],[13.94184,50.3841],[13.94172,50.38356],[13.9418,50.38157],[13.94173,50.38092],[13.94153,50.38035],[13.94118,50.37978],[13.94037,50.37896],[13.93932,50.37831],[13.93259,50.37504],[13.93144,50.37469],[13.92903,50.37431],[13.928,50.37395],[13.92736,50.37358],[13.92508,50.37198],[13.92419,50.3715],[13.92325,50.37111],[13.92217,50.37079],[13.92116,50.37059],[13.91255,50.36954],[13.91171,50.36933],[13.91107,50.36907],[13.91029,50.36857],[13.90033,50.36006],[13.89979,50.35972],[13.89916,50.3595],[13.88947,50.3576],[13.88813,50.35741],[13.88682,50.35739],[13.88543,50.35754],[13.88423,50.35783],[13.88226,50.35849],[13.88152,50.35863],[13.88081,50.35869],[13.87946,50.35857],[13.87884,50.35841],[13.87722,50.35786],[13.87609,50.35775],[13.87506,50.35792],[13.87411,50.35836],[13.87369,50.35874],[13.87294,50.35985],[13.87229,50.36032],[13.87135,50.36064],[13.8704,50.36071],[13.86982,50.36065],[13.85654,50.35809],[13.85541,50.35795],[13.85419,50.35793],[13.84099,50.35903],[13.83987,50.35936],[13.83809,50.36028],[13.83711,50.36066],[13.83284,50.36171]],[[13.87579,50.60714],[13.87441,50.60636],[13.87324,50.60528],[13.8727,50.60492],[13.87192,50.60462],[13.8701,50.6042],[13.86913,50.60371],[13.86867,50.60328],[13.86844,50.6029],[13.86829,50.60236],[13.86835,50.60193],[13.86854,50.60149],[13.86957,50.59982],[13.86995,50.59709],[13.87022,50.59659],[13.87064,50.59616],[13.87103,50.5959],[13.87158,50.59563],[13.87621,50.59367],[13.87978,50.59227],[13.88057,50.59206],[13.88706,50.59099],[13.88804,50.59101],[13.89054,50.59145],[13.89115,50.5915],[13.89191,50.59148],[13.89503,50.59108],[13.90208,50.58881],[13.90316,50.5886],[13.91032,50.58752],[13.91272,50.58688],[13.91329,50.58679],[13.91402,50.58675],[13.91512,50.58688],[13.91756,50.5877],[13.91864,50.5879],[13.9196,50.58791],[13.92237,50.58774],[13.92344,50.58758],[13.92609,50.58686],[13.93352,50.58532],[13.93433,50.58522],[13.93524,50.58525],[13.93584,50.58535],[13.93758,50.58589],[13.93975,50.58638],[13.94064,50.5868],[13.94132,50.5874],[13.94158,50.5879],[13.94162,50.58825],[13.94153,50.58931],[13.9416,50.58962],[13.94185,50.59007],[13.94223,50.59045],[13.94265,50.59074],[13.94362,50.59112],[13.9445,50.59127],[13.94535,50.59126],[13.94608,50.59115],[13.94864,50.59056],[13.94965,50.59047],[13.9505,50.59048],[13.95199,50.5907],[13.95422,50.59145],[13.95485,50.59161],[13.95546,50.59169],[13.95632,50.59167],[13.9573,50.5915],[13.95805,50.5912],[13.96521,50.58714],[13.96613,50.58666],[13.9671,50.58626],[13.9688,50.58576],[13.96964,50.58563],[13.9705,50.58563],[13.97259,50.58588],[13.97384,50.58573],[13.97474,50.58541],[13.97619,50.58445],[13.9768,50.58419],[13.97762,50.584],[13.98253,50.5835],[13.98321,50.58338],[13.98406,50.58307],[13.98567,50.58202],[13.98663,50.58171],[13.98752,50.58161],[13.98868,50.5817],[13.98979,50.58208],[13.99129,50.58288],[13.99195,50.58307],[13.99265,50.58316],[13.99368,50.58315],[13.99602,50.58272],[13.99667,50.58271],[13.9987,50.58291],[13.99925,50.58287],[14.00005,50.5827],[14.00064,50.58246],[14.00108,50.58221],[14.00201,50.58156],[14.00474,50.57947],[14.00518,50.57921],[14.00591,50.57889],[14.00689,50.57861],[14.00859,50.57841],[14.00972,50.57816],[14.01314,50.57666],[14.01401,50.57614],[14.01435,50.5758],[14.01458,50.57544],[14.01471,50.57493],[14.01465,50.57439],[14.01437,50.57339],[14.01445,50.57287],[14.01471,50.57239],[14.01565,50.57148],[14.01596,50.57105],[14.01615,50.57036],[14.01631,50.56906],[14.0163,50.56838],[14.01545,50.56557],[14.01524,50.56498],[14.01479,50.56441]],[[13.88734,50.67141],[13.89547,50.67024],[13.90033,50.66964],[13.91849,50.66705],[13.92032,50.6667],[13.92291,50.66633],[13.92543,50.66571]],[[13.98843,50.30908],[13.99023,50.30883]],[[14.0511,50.51145],[14.04945,50.51181],[14.04858,50.5121],[14.04768,50.51258],[14.04615,50.51364],[14.0454,50.51426],[14.04472,50.51504],[14.04275,50.51763],[14.04252,50.5181],[14.04243,50.51855],[14.04244,50.51905],[14.04262,50.52013],[14.04289,50.52111],[14.0435,50.52202],[14.04552,50.52407],[14.04576,50.52443],[14.04593,50.52487],[14.04599,50.52543],[14.04571,50.53018],[14.04573,50.53059],[14.046,50.53129],[14.04729,50.53308],[14.0474,50.5334],[14.04743,50.53383],[14.04739,50.53418],[14.04724,50.53457],[14.04685,50.53509],[14.04651,50.53538],[14.0461,50.53565],[14.04438,50.53648],[14.04288,50.53746],[14.04031,50.53893],[14.03977,50.53915],[14.03849,50.53949],[14.03677,50.54005],[14.03611,50.54019],[14.03537,50.54022],[14.03347,50.54013],[14.03108,50.54042],[14.03038,50.54038],[14.02864,50.54012],[14.02784,50.54011],[14.02694,50.54025],[14.02429,50.54111],[14.02321,50.54129],[14.022,50.54122],[14.02002,50.5408],[14.01945,50.54077],[14.01871,50.54084],[14.01779,50.54105],[14.01648,50.54174],[14.01583,50.54201],[14.01338,50.54244],[14.01135,50.54328],[14.01065,50.54346],[14.01013,50.54351],[14.00904,50.54347],[14.00723,50.54317],[14.00513,50.54315],[14.00402,50.54292],[14.00318,50.54252],[14.00275,50.54218],[14.00243,50.54178],[14.00189,50.54088],[14.00126,50.54035],[13.99944,50.53952],[13.99821,50.53927],[13.99742,50.53928],[13.9946,50.53966],[13.99096,50.53977],[13.98711,50.54038],[13.98641,50.54053],[13.98565,50.54085],[13.98508,50.54123],[13.98469,50.54166],[13.98448,50.54209],[13.98439,50.54257],[13.9845,50.54312],[13.98471,50.5435],[13.98515,50.54397],[13.99131,50.54895],[13.99186,50.54946],[13.99214,50.54986],[13.99229,50.5503],[13.99224,50.55141],[13.99239,50.55207],[13.99287,50.55268],[13.99397,50.55354],[13.99486,50.55404],[13.9975,50.55515],[13.99853,50.5554],[14.00214,50.55601],[14.00298,50.55624],[14.00351,50.55647],[14.00536,50.55788],[14.00638,50.55854],[14.00691,50.5588],[14.00827,50.55921],[14.00911,50.55956],[14.01071,50.56055],[14.01219,50.56128],[14.01283,50.56184],[14.01303,50.56213],[14.01325,50.56267]],[[14.03737,50.48123],[14.0386,50.48223],[14.03904,50.48274],[14.03994,50.48471],[14.04003,50.48532],[14.03984,50.48586],[14.03939,50.48634],[14.03878,50.4867],[14.03704,50.48748],[14.03659,50.48782],[14.03627,50.48823],[14.03586,50.48914],[14.035,50.49001],[14.03467,50.49058],[14.03462,50.49099],[14.03468,50.49127],[14.03533,50.49259],[14.03569,50.49417],[14.03638,50.4951],[14.03662,50.49565],[14.03661,50.49606],[14.03648,50.49642],[14.03557,50.49744],[14.0354,50.49779],[14.0353,50.49816],[14.03543,50.49873],[14.03577,50.4992],[14.03604,50.49942],[14.03772,50.50025],[14.0383,50.50065],[14.0466,50.50725],[14.04691,50.50761],[14.04717,50.5081],[14.04766,50.50982],[14.04822,50.51047],[14.0489,50.51089],[14.04971,50.51117],[14.05044,50.51129],[14.05149,50.5113]],[[14.03737,50.48123],[14.03678,50.48075],[14.03639,50.48034],[14.03589,50.47934],[14.03571,50.47882],[14.03572,50.47826],[14.03585,50.47789],[14.03675,50.47676],[14.03701,50.47607],[14.0369,50.47536],[14.03616,50.47379],[14.03612,50.47316],[14.0378,50.46553],[14.03819,50.46482],[14.0401,50.46184],[14.04047,50.46135],[14.04584,50.45643],[14.04635,50.45602],[14.04698,50.45562],[14.04795,50.45517],[14.04922,50.45478],[14.05052,50.45457],[14.05284,50.45437],[14.05345,50.45422],[14.05425,50.4539],[14.05486,50.45351],[14.05775,50.45127],[14.05829,50.45091],[14.06247,50.44909],[14.06294,50.4488],[14.06356,50.44825],[14.06472,50.44666],[14.0653,50.44622],[14.06574,50.446],[14.06634,50.4458],[14.06878,50.44548],[14.06968,50.44522],[14.07019,50.44495],[14.07062,50.44459],[14.07088,50.44424],[14.07102,50.44394],[14.07108,50.44338],[14.07094,50.44294],[14.06879,50.43942],[14.06848,50.43906],[14.06782,50.43849],[14.06509,50.43691],[14.06346,50.43553],[14.06311,50.43498],[14.063,50.43402],[14.06287,50.43366],[14.06126,50.43178],[14.06107,50.43147],[14.06095,50.43108],[14.06092,50.43072],[14.06126,50.42851],[14.06121,50.42819],[14.06104,50.42776],[14.05491,50.41927],[14.05445,50.41847],[14.05437,50.41811],[14.0544,50.41759],[14.05537,50.41417],[14.05547,50.41358]],[[14.23781,50.36079],[14.23678,50.36072],[14.23304,50.36105],[14.23194,50.36123],[14.23072,50.36162],[14.22542,50.36399],[14.2244,50.36426],[14.22327,50.36436],[14.22219,50.36426],[14.21698,50.36334],[14.21619,50.36308],[14.21171,50.36131],[14.21044,50.36098],[14.20908,50.36076],[14.20771,50.36067],[14.18546,50.36016],[14.18338,50.36005],[14.18045,50.35971],[14.16433,50.35726],[14.16277,50.35711],[14.161,50.35712],[14.15928,50.35729],[14.14509,50.36019],[14.14443,50.36028],[14.14368,50.36027],[14.14279,50.36013],[14.14188,50.3598],[14.14132,50.35944],[14.14038,50.3585],[14.13998,50.3582],[14.13932,50.35789],[14.13769,50.3574],[14.13699,50.35695],[14.13666,50.3565],[14.13657,50.35599],[14.13668,50.35557],[14.13728,50.35459],[14.13734,50.35414],[14.13717,50.35365],[14.13679,50.35322],[14.13621,50.35289],[14.13537,50.35266],[14.13458,50.35263],[14.13378,50.35275],[14.13308,50.35306],[14.13263,50.35342],[14.13235,50.35389],[14.13216,50.35482],[14.1319,50.35528],[14.13144,50.3557],[14.1306,50.35616],[14.13006,50.35655],[14.12978,50.35693],[14.12966,50.3574],[14.12973,50.35781],[14.13003,50.35828],[14.1304,50.35857],[14.13144,50.35915],[14.13191,50.35959],[14.13374,50.36296],[14.1338,50.36341],[14.13353,50.36841],[14.13337,50.36876],[14.13316,50.36903],[14.13256,50.36947],[14.13183,50.36975],[14.13038,50.37006],[14.13,50.3702],[14.12954,50.37049],[14.12922,50.37081],[14.12904,50.37114],[14.12897,50.37149],[14.12903,50.37184],[14.12927,50.37226],[14.12958,50.37256],[14.13105,50.37331],[14.13215,50.37414],[14.13282,50.37451],[14.1339,50.37486],[14.13677,50.37532],[14.13744,50.37561],[14.13842,50.37634],[14.13893,50.37662],[14.13948,50.3768],[14.1406,50.37705],[14.14121,50.37727],[14.14162,50.37752],[14.14197,50.37787],[14.14217,50.37825],[14.14221,50.37854],[14.14216,50.37885],[14.14199,50.3792],[14.14034,50.38095],[14.1398,50.38131],[14.13846,50.38178],[14.138,50.382],[14.13759,50.38232],[14.13726,50.38287],[14.13722,50.38323],[14.13727,50.3835],[14.1376,50.38402],[14.14027,50.38597],[14.14076,50.38651],[14.14095,50.38687],[14.14103,50.38724],[14.14092,50.38816],[14.14035,50.3911],[14.13984,50.39273],[14.1337,50.40673],[14.13313,50.40762],[14.13243,50.4083],[14.1313,50.40901],[14.1303,50.40944],[14.12976,50.4096],[14.10916,50.41409],[14.10733,50.41436],[14.10509,50.41447],[14.1039,50.41444],[14.09936,50.41411],[14.09719,50.41419],[14.09549,50.41448],[14.08938,50.41596],[14.08859,50.41607],[14.08799,50.41606],[14.08734,50.41596],[14.07903,50.41438],[14.07826,50.41432],[14.07733,50.41442],[14.06693,50.41621],[14.06593,50.41627],[14.06515,50.41624],[14.06396,50.41606],[14.06194,50.41543],[14.06101,50.41522],[14.05986,50.41515],[14.05814,50.4153],[14.05762,50.41527],[14.05703,50.41516],[14.05639,50.41491],[14.05593,50.41457],[14.05562,50.41415],[14.05547,50.41358]],[[14.09155,50.52387],[14.08924,50.52331],[14.08366,50.52151],[14.08314,50.52129],[14.08262,50.52098],[14.08194,50.52034],[14.0816,50.51972],[14.08137,50.5187],[14.08129,50.51802],[14.08148,50.51186],[14.08139,50.51082],[14.08115,50.51017],[14.08071,50.50948],[14.08025,50.50899],[14.07933,50.5083],[14.07823,50.50775],[14.07705,50.50736],[14.07584,50.50714],[14.07429,50.50704],[14.07272,50.50718],[14.06668,50.5084]],[[14.09155,50.52387],[14.08883,50.52335],[14.08777,50.52332],[14.08675,50.52343],[14.08562,50.52373],[14.08258,50.52529]],[[14.38022,50.61166],[14.37958,50.61106],[14.37907,50.61003],[14.37856,50.60942],[14.37742,50.60852],[14.37667,50.60817],[14.37581,50.60797],[14.3749,50.60791],[14.37407,50.60799],[14.37228,50.60827],[14.37112,50.60828],[14.37014,50.60809],[14.36843,50.60747],[14.36738,50.6073],[14.36325,50.60723],[14.36217,50.60739],[14.36112,50.60781],[14.3605,50.6083],[14.36019,50.60873],[14.35974,50.60981],[14.35956,50.61009],[14.35889,50.61066],[14.35845,50.61088],[14.35728,50.61123],[14.35622,50.6113],[14.35522,50.61119],[14.35421,50.61084],[14.35356,50.61043],[14.35312,50.60994],[14.35287,50.60944],[14.35252,50.60831],[14.35217,50.60779],[14.35144,50.60722],[14.35019,50.60661],[14.34959,50.60622],[14.34918,50.60577],[14.34865,50.60475],[14.3482,50.60423],[14.34769,50.60387],[14.3473,50.60368],[14.34487,50.6028],[14.34428,50.60253],[14.34369,50.60209],[14.34328,50.60147],[14.34317,50.60084],[14.34336,50.60021],[14.34372,50.59974],[14.3456,50.59783],[14.34605,50.5973],[14.34662,50.59612],[14.34691,50.59542],[14.34705,50.59488],[14.34704,50.59444],[14.34684,50.5931],[14.34655,50.59148],[14.34632,50.59103],[14.34598,50.59061],[14.34522,50.59],[14.33996,50.58749],[14.33009,50.58356],[14.32919,50.58294],[14.32824,50.58191],[14.32779,50.58153],[14.32678,50.58107],[14.32564,50.58086],[14.32459,50.58088],[14.32391,50.58101],[14.32071,50.58192],[14.31949,50.58208],[14.31847,50.58203],[14.31341,50.58144],[14.31213,50.58104],[14.31119,50.58049],[14.31051,50.57984],[14.30955,50.57849],[14.30923,50.57814],[14.30882,50.57781],[14.3082,50.57744],[14.30738,50.5771],[14.30123,50.5751],[14.30029,50.57489],[14.2994,50.57484],[14.29854,50.57494],[14.29713,50.57528],[14.29643,50.57538],[14.29561,50.57537],[14.29481,50.57525],[14.29097,50.57437],[14.28726,50.57277],[14.28615,50.5724],[14.28506,50.57214],[14.28376,50.57193],[14.28224,50.57179],[14.28076,50.57176],[14.27992,50.57163],[14.27898,50.57128],[14.27758,50.57047],[14.27677,50.57011],[14.27594,50.5699],[14.27407,50.56963],[14.27333,50.56941],[14.27261,50.56904],[14.27196,50.56845],[14.27169,50.56795],[14.27135,50.56701],[14.27093,50.56644],[14.27034,50.56597],[14.2688,50.56496],[14.26837,50.56459],[14.26808,50.56418],[14.26791,50.56361],[14.26801,50.56298],[14.26941,50.56069],[14.26957,50.5602],[14.26957,50.55978],[14.26937,50.55922],[14.26884,50.55861],[14.26824,50.55823],[14.26753,50.55795],[14.25588,50.55503],[14.25436,50.55486],[14.25143,50.55477],[14.24916,50.55436],[14.24827,50.55438],[14.24733,50.55457],[14.24656,50.5549],[14.24519,50.55562],[14.24421,50.5559],[14.23991,50.55628],[14.23891,50.55627],[14.23797,50.55606],[14.23643,50.55548],[14.23562,50.55534],[14.23385,50.5552],[14.23275,50.55487],[14.23217,50.55454],[14.23168,50.5541],[14.23146,50.55376],[14.23102,50.55285],[14.23062,50.55241],[14.22975,50.55187],[14.22879,50.55159],[14.22814,50.55153],[14.22407,50.55153],[14.2174,50.55055],[14.21635,50.55046],[14.21175,50.55064],[14.21044,50.55062],[14.20344,50.54952],[14.19986,50.5492],[14.19916,50.54908],[14.19808,50.54866],[14.1975,50.54821],[14.19709,50.5476],[14.197,50.5473],[14.197,50.54683],[14.19717,50.54635],[14.1975,50.54592],[14.19793,50.54557],[14.19929,50.54468],[14.19982,50.54422],[14.20005,50.54389],[14.20016,50.54359],[14.20021,50.54301],[14.20012,50.54267],[14.19993,50.54232],[14.19928,50.5417],[14.19857,50.54134],[14.19756,50.54108],[14.19644,50.54105],[14.1954,50.54124],[14.19171,50.54278],[14.19021,50.54323],[14.18895,50.54352],[14.18151,50.54462],[14.1803,50.5447],[14.17906,50.54459],[14.17787,50.54427],[14.17699,50.54385],[14.17538,50.5428],[14.1747,50.54252],[14.17403,50.54236],[14.14575,50.53857],[14.14492,50.53856],[14.14376,50.53868],[14.14076,50.53935],[14.12663,50.54203],[14.12585,50.54206],[14.12519,50.542],[14.12063,50.5412],[14.11976,50.54094],[14.11878,50.5404],[14.11822,50.53994],[14.11795,50.53951],[14.11784,50.53913],[14.11784,50.53869],[14.11847,50.53635],[14.11849,50.53585],[14.11838,50.53545],[14.11816,50.5351],[14.11779,50.5347],[14.11751,50.5345],[14.11703,50.53425],[14.11612,50.53397],[14.11516,50.53387],[14.11354,50.53396],[14.11252,50.53391],[14.11055,50.53355],[14.10923,50.53313],[14.10726,50.53221],[14.10642,50.53171],[14.10603,50.53135],[14.1057,50.53091],[14.1052,50.52948],[14.10468,50.52881],[14.10406,50.52835],[14.10199,50.52726],[14.10102,50.52639],[14.1002,50.52585],[14.09957,50.52561],[14.09841,50.52533],[14.09155,50.52387]],[[14.21883,50.77974],[14.21868,50.78057],[14.2187,50.78121],[14.21921,50.78294],[14.21961,50.78365],[14.22119,50.78555],[14.22163,50.78601],[14.22238,50.78643],[14.22491,50.78706],[14.22525,50.7872]],[[14.23781,50.36079],[14.22778,50.35832],[14.22682,50.35794],[14.22609,50.35754],[14.22528,50.35691],[14.22486,50.35644],[14.22448,50.35583],[14.22416,50.35493],[14.2212,50.33889]],[[14.30869,50.7389],[14.30587,50.73852],[14.30136,50.73778],[14.30073,50.73773],[14.29973,50.73777],[14.29861,50.73795],[14.29509,50.73888],[14.29345,50.73901],[14.29171,50.73893],[14.29061,50.73879],[14.28485,50.73732],[14.28375,50.73715],[14.28257,50.73713],[14.28168,50.73718],[14.2808,50.73734],[14.27996,50.7376],[14.27916,50.73801],[14.27856,50.73849],[14.27811,50.73905],[14.27763,50.74001],[14.27735,50.74039],[14.27686,50.74084],[14.27626,50.74123],[14.27539,50.74158],[14.27199,50.74254],[14.26931,50.74303],[14.26633,50.74398],[14.26521,50.74442],[14.26394,50.74517],[14.26227,50.74668],[14.26103,50.74765],[14.25763,50.74988],[14.2572,50.75036],[14.25698,50.75073],[14.25679,50.75136],[14.25678,50.75175],[14.25692,50.75231],[14.25788,50.75453],[14.25794,50.75509],[14.25785,50.75554],[14.2576,50.75604],[14.25632,50.7575],[14.25541,50.75825],[14.25473,50.75857],[14.25401,50.75881],[14.25177,50.75924],[14.24682,50.76065],[14.24548,50.76091],[14.24298,50.76121],[14.24188,50.76146],[14.24093,50.76179],[14.24035,50.76206],[14.23858,50.76323],[14.23789,50.76359],[14.23706,50.76386],[14.2357,50.76418],[14.23485,50.76451],[14.23397,50.76506],[14.23233,50.7667],[14.23171,50.76717],[14.2309,50.76757],[14.2286,50.76832],[14.22799,50.76868],[14.22765,50.76896],[14.22718,50.76958],[14.227,50.77014],[14.22714,50.77196]],[[14.25875,50.36002],[14.25728,50.35993],[14.256,50.36008],[14.24762,50.36242],[14.24633,50.3626],[14.24557,50.36259],[14.24471,50.36246],[14.23913,50.36106],[14.23781,50.36079]],[[14.25875,50.36002],[14.25971,50.36004],[14.28043,50.35999],[14.28211,50.36015],[14.2828,50.3603],[14.28381,50.36062],[14.28481,50.36109],[14.28567,50.36165],[14.28794,50.36389],[14.28875,50.36445],[14.30281,50.37056],[14.30369,50.37108],[14.30405,50.37141],[14.30437,50.37186],[14.30454,50.37223],[14.30462,50.3726],[14.30463,50.37293],[14.30453,50.37337],[14.30385,50.37482],[14.30373,50.37527],[14.30372,50.37558],[14.30381,50.37603],[14.3041,50.37661],[14.30444,50.377],[14.30482,50.3773],[14.31097,50.38149],[14.31161,50.38185],[14.31236,50.38217],[14.31324,50.38244],[14.31416,50.38264],[14.31847,50.38304],[14.32006,50.38304],[14.3219,50.38274],[14.33171,50.38012],[14.33301,50.38005],[14.33546,50.38035],[14.33615,50.38034],[14.33691,50.38023],[14.3379,50.37988],[14.33908,50.3791],[14.33966,50.37885],[14.34265,50.37827],[14.34475,50.37768],[14.34807,50.37629],[14.34864,50.37588],[14.34997,50.37457],[14.35071,50.37415],[14.35154,50.37386],[14.35368,50.37345],[14.35467,50.37304],[14.35533,50.3726],[14.35938,50.36952],[14.35988,50.36903],[14.36024,50.36845],[14.36036,50.36793],[14.36036,50.36767],[14.36023,50.36711],[14.35527,50.35721],[14.35484,50.35631],[14.35468,50.35578],[14.35469,50.35521],[14.35483,50.3547],[14.35511,50.3542],[14.35545,50.3538],[14.3559,50.35341],[14.35667,50.35295],[14.35773,50.35258]],[[14.25875,50.36002],[14.26158,50.36031],[14.26252,50.36049],[14.26383,50.36095],[14.26486,50.36159],[14.26558,50.36233],[14.26592,50.36301],[14.26645,50.36494],[14.26641,50.36547],[14.26622,50.36599],[14.26597,50.36635],[14.2654,50.36688],[14.25303,50.37422],[14.25206,50.37481],[14.25144,50.3753],[14.25068,50.37617],[14.244,50.38525],[14.24377,50.38568],[14.24365,50.38614],[14.24373,50.3869],[14.24409,50.38755],[14.24471,50.38813],[14.24567,50.38872],[14.24627,50.38917],[14.24663,50.38957],[14.24695,50.3902],[14.24701,50.3908],[14.2469,50.39718],[14.24702,50.3977],[14.24731,50.39818],[14.24768,50.39852],[14.24814,50.39883],[14.2492,50.39923],[14.24996,50.39934],[14.25329,50.39954],[14.25399,50.39968],[14.25461,50.3999],[14.2553,50.4003],[14.25565,50.40061],[14.25597,50.40108],[14.25612,50.40158],[14.25611,50.402],[14.25599,50.40238],[14.2548,50.40413],[14.25448,50.40488],[14.2544,50.4057],[14.25456,50.40827],[14.25452,50.40873],[14.25436,50.40921],[14.2541,50.40962],[14.25361,50.41014],[14.24906,50.41442],[14.24885,50.41477],[14.24877,50.41514],[14.24884,50.41568],[14.24914,50.41614],[14.24955,50.4165],[14.2501,50.41679],[14.25077,50.41697],[14.25241,50.41707],[14.25607,50.41692],[14.2571,50.4171],[14.25789,50.41747],[14.25818,50.41769],[14.25846,50.41803],[14.25863,50.41837],[14.25867,50.41871],[14.2586,50.41915],[14.25806,50.42025],[14.25804,50.42054],[14.2581,50.42088],[14.25836,50.42133],[14.25874,50.4217],[14.25921,50.42197],[14.25975,50.42217],[14.26053,50.42232],[14.2612,50.42233],[14.26512,50.4219],[14.26628,50.42183],[14.27052,50.42181],[14.27188,50.42192],[14.27306,50.42217],[14.27413,50.42253],[14.27738,50.42404],[14.27846,50.4244],[14.27984,50.42455],[14.28228,50.42448],[14.28328,50.42459],[14.28417,50.4248],[14.28729,50.42579],[14.28782,50.42611],[14.28832,50.42662],[14.28855,50.42722],[14.28851,50.42774],[14.28841,50.42801],[14.28816,50.42836],[14.28771,50.42876],[14.28692,50.42914],[14.28607,50.42933],[14.28504,50.42935],[14.28412,50.42917]],[[14.27923,50.98117],[14.2863,50.98522],[14.28797,50.98589],[14.28874,50.98635],[14.28921,50.98694],[14.28949,50.98807],[14.29012,50.98906],[14.29037,50.99022],[14.29055,50.99061],[14.29087,50.99098],[14.29131,50.99129],[14.29533,50.99338],[14.29584,50.99359],[14.29716,50.99393],[14.29793,50.99427],[14.29849,50.99477],[14.29906,50.99582],[14.29929,50.99607],[14.29979,50.99643],[14.30062,50.99685],[14.30165,50.99716],[14.30774,50.99892],[14.30889,50.99912],[14.31003,50.99912],[14.31126,50.99889],[14.31589,50.99747],[14.3165,50.9972],[14.31715,50.99676],[14.31747,50.99647],[14.31779,50.99601],[14.3184,50.99451],[14.31877,50.99403],[14.31909,50.99376],[14.32122,50.99233],[14.32174,50.99177],[14.32233,50.99056],[14.32404,50.98651],[14.32431,50.98612],[14.32495,50.98564],[14.32545,50.98542],[14.32623,50.98524],[14.32704,50.9852],[14.32772,50.98527],[14.32855,50.98552],[14.33093,50.98643],[14.33147,50.98655],[14.33225,50.98661],[14.3333,50.9865],[14.3339,50.98631],[14.33427,50.98613],[14.3352,50.98551]],[[14.30869,50.7389],[14.30967,50.73891],[14.31029,50.73881],[14.31075,50.73865],[14.31107,50.73849],[14.3115,50.73817],[14.31184,50.73771],[14.31194,50.73731],[14.31189,50.73689],[14.31094,50.73529],[14.31062,50.73444],[14.31052,50.73382],[14.31056,50.73312],[14.31083,50.73206],[14.31115,50.73151],[14.31189,50.73076],[14.31269,50.73027],[14.31352,50.72993],[14.31442,50.72968],[14.32686,50.72732],[14.32849,50.72687],[14.32926,50.7265],[14.33,50.72599],[14.33345,50.72252],[14.33398,50.72206],[14.335,50.72153],[14.33597,50.7212],[14.33714,50.72097],[14.33844,50.72089],[14.34258,50.72127],[14.34424,50.72126],[14.34561,50.72103],[14.34806,50.72027],[14.34888,50.72009],[14.34975,50.72],[14.352,50.71995],[14.35335,50.71965],[14.35387,50.71942],[14.35442,50.71906],[14.35481,50.71871],[14.35506,50.71836],[14.35531,50.71764],[14.35527,50.71655],[14.35531,50.71626],[14.35544,50.71589],[14.35576,50.71541],[14.35606,50.71512],[14.35661,50.71476],[14.3578,50.71429],[14.35882,50.71412],[14.35984,50.71412],[14.36082,50.71429],[14.36179,50.71465],[14.36636,50.71745],[14.36708,50.71805],[14.36794,50.71909],[14.36844,50.71955],[14.36919,50.72001],[14.37,50.72034],[14.37145,50.72062],[14.37429,50.72072],[14.37685,50.72119],[14.37797,50.72121],[14.3791,50.72108]],[[14.30869,50.7389],[14.31276,50.73958],[14.31572,50.74058],[14.31678,50.74107],[14.32,50.74296],[14.32109,50.74342],[14.32237,50.7437],[14.32481,50.74381],[14.32547,50.74391],[14.32636,50.74413],[14.32722,50.74447],[14.32784,50.74482],[14.32902,50.74566],[14.33151,50.74685],[14.33376,50.74805],[14.33446,50.74866],[14.33769,50.75223],[14.33805,50.75309],[14.33807,50.75377],[14.33791,50.75438],[14.33729,50.75555],[14.33716,50.7561],[14.33716,50.75659],[14.33728,50.75708],[14.33746,50.75748],[14.33826,50.7585],[14.33856,50.75901],[14.33875,50.75985],[14.33863,50.76063],[14.33815,50.7616],[14.33798,50.7621],[14.33794,50.76282],[14.33819,50.76366],[14.33952,50.7665],[14.3399,50.76715],[14.34182,50.76971],[14.3424,50.77033],[14.34331,50.77093],[14.34652,50.77238],[14.34721,50.77282],[14.34806,50.77365],[14.34833,50.77412],[14.34849,50.77469],[14.34843,50.77539],[14.34821,50.77594],[14.34782,50.77647],[14.34727,50.77696],[14.34642,50.77742],[14.34542,50.77777],[14.34242,50.77819],[14.34115,50.77858],[14.34039,50.77898],[14.3398,50.77946],[14.33934,50.77999],[14.339,50.78061],[14.33888,50.78113],[14.33889,50.78158],[14.33903,50.7821],[14.33929,50.78255],[14.34183,50.7857],[14.34245,50.78621],[14.34326,50.78666],[14.34461,50.7871],[14.34581,50.78727],[14.34727,50.78724],[14.34969,50.78683],[14.35116,50.78676],[14.3522,50.78681],[14.35349,50.78697],[14.35498,50.78739],[14.35565,50.78771],[14.35633,50.78817],[14.35687,50.78867],[14.35714,50.78908],[14.35732,50.78946],[14.35748,50.79006],[14.35749,50.79114],[14.35758,50.79166],[14.35792,50.79234],[14.35827,50.79277],[14.359,50.79336],[14.35978,50.79378],[14.36069,50.79411],[14.36163,50.79432],[14.36819,50.79523],[14.36914,50.79529],[14.37008,50.79526],[14.37087,50.79517],[14.37198,50.79494],[14.37744,50.79306],[14.37834,50.79282],[14.3792,50.79271],[14.38148,50.79263],[14.38845,50.79165],[14.38973,50.79157],[14.39081,50.79162],[14.39382,50.79217],[14.39501,50.79224],[14.39601,50.79218],[14.39872,50.79175],[14.39965,50.79174],[14.40044,50.7918],[14.4014,50.79199],[14.40254,50.7924],[14.40318,50.79274],[14.40491,50.79408],[14.40551,50.79446],[14.40665,50.79495],[14.40767,50.79521],[14.40919,50.79545],[14.41952,50.7964],[14.42138,50.79662],[14.42838,50.79842],[14.43173,50.79963],[14.43299,50.79995],[14.43394,50.8],[14.43467,50.79994],[14.43815,50.79916],[14.43927,50.79914],[14.44035,50.79932],[14.44106,50.79956],[14.4417,50.7999],[14.44327,50.80125],[14.4441,50.80176],[14.44489,50.80208],[14.44693,50.80266],[14.44757,50.80292],[14.45001,50.8045],[14.45066,50.80481],[14.45151,50.80505],[14.45269,50.80516]],[[14.3352,50.98551],[14.33579,50.985],[14.34008,50.98217],[14.34149,50.9808],[14.34197,50.98054],[14.34346,50.97995],[14.34393,50.97964],[14.34424,50.97931],[14.34449,50.97878],[14.345,50.97613],[14.3449,50.97557],[14.34446,50.97472],[14.34439,50.97441],[14.3444,50.97408],[14.34474,50.97324],[14.34484,50.97281],[14.34464,50.97173],[14.34469,50.97134],[14.34492,50.97087],[14.34528,50.9705],[14.34739,50.96931],[14.34785,50.96887],[14.3481,50.96835],[14.34821,50.96731],[14.34838,50.96694],[14.34856,50.96672],[14.349,50.96636],[14.3496,50.96606],[14.35348,50.9651],[14.35505,50.96453],[14.35583,50.96417],[14.35654,50.96363],[14.35954,50.96041],[14.35996,50.96011],[14.36061,50.95983],[14.36146,50.95967],[14.36264,50.95973],[14.36331,50.95992],[14.36473,50.96058],[14.36534,50.96073],[14.36588,50.96079],[14.37172,50.96055],[14.37257,50.96033],[14.37318,50.96001],[14.37446,50.95868],[14.3748,50.95848],[14.37545,50.95824],[14.37653,50.95809],[14.37851,50.95828],[14.37948,50.95823],[14.38014,50.95809],[14.38264,50.95734],[14.38839,50.95637],[14.38919,50.95638],[14.39419,50.95694],[14.39808,50.95702],[14.39862,50.95711],[14.39924,50.95732],[14.40076,50.95826],[14.40153,50.95852],[14.40279,50.95865],[14.40534,50.9587],[14.40609,50.95857],[14.40665,50.95837],[14.40807,50.95753],[14.40868,50.95725],[14.40948,50.95708],[14.41114,50.95688],[14.4119,50.95665],[14.41505,50.95544],[14.41553,50.95532],[14.41707,50.95513],[14.41772,50.95496],[14.41842,50.9546],[14.42033,50.95324],[14.42086,50.95278],[14.42154,50.95206],[14.42213,50.95167],[14.42279,50.95143],[14.4255,50.95068],[14.42617,50.95062],[14.42697,50.95068],[14.42764,50.95084],[14.42894,50.95141],[14.4296,50.95158],[14.43316,50.95177],[14.43392,50.95193],[14.43501,50.95229],[14.4358,50.95242],[14.43691,50.95237],[14.43929,50.95177],[14.44033,50.95164],[14.44275,50.95168],[14.44449,50.95192],[14.4451,50.95193],[14.44603,50.95177],[14.44653,50.95158],[14.44696,50.95133],[14.44792,50.9506],[14.44864,50.94971],[14.44916,50.94934],[14.44975,50.94908],[14.45153,50.94851],[14.45225,50.94842],[14.45296,50.94844],[14.45359,50.94857],[14.45509,50.94901],[14.45597,50.94916],[14.45652,50.94918],[14.46102,50.9489],[14.46436,50.94816]],[[14.3352,50.98551],[14.33718,50.98421],[14.3383,50.98382],[14.33908,50.9837],[14.33978,50.98371],[14.34041,50.98381],[14.34105,50.98402],[14.34149,50.98428],[14.34192,50.9847],[14.34212,50.9851],[14.34229,50.98604],[14.34244,50.98634],[14.34274,50.98671],[14.34326,50.98709],[14.34427,50.98743],[14.3465,50.98768],[14.34703,50.98781],[14.34758,50.98806],[14.34883,50.98897],[14.34941,50.98927],[14.35187,50.99001],[14.35245,50.99031],[14.353,50.99088],[14.35418,50.99344],[14.35439,50.99375],[14.35469,50.99404],[14.3552,50.99434],[14.35613,50.99462],[14.35679,50.99468],[14.36165,50.99478],[14.3642,50.99437],[14.36511,50.99434],[14.36612,50.99448],[14.36826,50.99508],[14.36899,50.99514],[14.36978,50.99511],[14.37053,50.99496],[14.37134,50.99465],[14.37301,50.99351],[14.37354,50.99323],[14.37457,50.99291],[14.37591,50.99277],[14.37695,50.99285],[14.38407,50.99387],[14.38548,50.99418],[14.38602,50.9944],[14.3867,50.9948],[14.38708,50.99512],[14.3874,50.99553],[14.38765,50.99602],[14.38897,50.9994],[14.38919,50.9998],[14.38959,51.00032],[14.39009,51.00076],[14.39251,51.00242],[14.39295,51.00295],[14.39346,51.00402],[14.3937,51.00438],[14.3944,51.00508],[14.39494,51.00545],[14.39557,51.00577],[14.39632,51.00605],[14.39736,51.0063],[14.40559,51.00751],[14.40726,51.00759],[14.40821,51.00752],[14.42076,51.00574],[14.42202,51.00569],[14.42347,51.00584],[14.42999,51.00728],[14.4316,51.0074],[14.43293,51.00727],[14.43979,51.00615],[14.4419,51.0056],[14.4427,51.00551],[14.44342,51.00551],[14.44461,51.00567],[14.4465,51.0063],[14.4473,51.00649],[14.45073,51.00682],[14.45156,51.00697],[14.45258,51.00732],[14.45398,51.0082],[14.45448,51.00842],[14.45556,51.00862],[14.45653,51.00857],[14.45708,51.00844],[14.45884,51.00778],[14.46421,51.00553],[14.46523,51.00495],[14.4658,51.00446],[14.46614,51.00402],[14.46646,51.00336],[14.46657,51.00289],[14.46656,51.00227],[14.46646,51.00187],[14.46619,51.00134],[14.46491,50.99953],[14.46461,50.99895],[14.46449,50.99838],[14.46451,50.9978],[14.4646,50.99744],[14.46484,50.99691],[14.46528,50.99636],[14.46566,50.99604],[14.46617,50.99568],[14.46677,50.99536],[14.46765,50.99506],[14.4723,50.99385],[14.47337,50.99338],[14.47404,50.99293],[14.47467,50.99224],[14.47503,50.99157],[14.47575,50.98849],[14.47599,50.98791],[14.47666,50.98709],[14.47792,50.98627],[14.47917,50.98563],[14.48083,50.98504],[14.49419,50.98223],[14.49739,50.98184],[14.50185,50.98101],[14.50272,50.98091],[14.50394,50.98093],[14.50768,50.98139],[14.50868,50.98142],[14.50949,50.98136],[14.51875,50.97931],[14.52022,50.97886],[14.53044,50.97398],[14.53145,50.97337],[14.53297,50.97218],[14.53361,50.97147],[14.53387,50.97097],[14.53402,50.9703],[14.53391,50.96949],[14.53363,50.96888],[14.53291,50.9681],[14.53093,50.96664],[14.53055,50.96615],[14.53027,50.96561],[14.53016,50.96485],[14.53028,50.96411],[14.53075,50.96327],[14.53123,50.96277],[14.53193,50.96229],[14.53292,50.96184],[14.537,50.96074],[14.53766,50.96046],[14.53851,50.95997],[14.54183,50.95776],[14.54306,50.95716],[14.54356,50.95699],[14.54418,50.95687],[14.54542,50.9568]],[[14.3591,50.35237],[14.36488,50.35215]],[[14.50969,50.92215],[14.50883,50.92309],[14.50841,50.92335],[14.50787,50.92357],[14.50686,50.92374],[14.50524,50.92373],[14.50467,50.92379],[14.50395,50.92397],[14.50326,50.92431],[14.50274,50.92483],[14.50192,50.92623],[14.50138,50.92668],[14.5007,50.92698],[14.49889,50.92737],[14.49817,50.92761],[14.4974,50.92794],[14.49677,50.92832],[14.49638,50.92867],[14.49607,50.92912],[14.49558,50.93041],[14.49537,50.93077],[14.49501,50.93115],[14.49458,50.93146],[14.49391,50.93178],[14.49293,50.93203],[14.49015,50.93226],[14.48939,50.9324],[14.48851,50.9327],[14.48673,50.93363],[14.48587,50.93388],[14.48141,50.9341],[14.47916,50.93394],[14.4783,50.93408],[14.47746,50.93442],[14.47568,50.93594],[14.47529,50.93648],[14.47519,50.93685],[14.47527,50.93779],[14.47524,50.93861],[14.47441,50.94237],[14.4741,50.9429],[14.47185,50.94551],[14.47117,50.94603],[14.47028,50.9464],[14.4664,50.94769],[14.46436,50.94816]],[[14.46436,50.94816],[14.46724,50.94762],[14.46795,50.94754],[14.47183,50.94766],[14.47276,50.9476],[14.47769,50.94671],[14.47879,50.94658],[14.47999,50.94666],[14.4836,50.94726],[14.48413,50.9474],[14.48504,50.94783],[14.48577,50.94808],[14.48827,50.94847],[14.48883,50.94847],[14.48947,50.94838],[14.49335,50.94754],[14.49447,50.94754],[14.49533,50.94775],[14.49888,50.94937],[14.49967,50.94965],[14.50792,50.95109],[14.5091,50.95144],[14.5097,50.95179],[14.51025,50.95233],[14.51151,50.9545],[14.51182,50.95486],[14.51236,50.95522],[14.514,50.95607],[14.51487,50.95631],[14.52025,50.95648],[14.52286,50.95676],[14.5235,50.95675],[14.52924,50.95577],[14.53131,50.95575],[14.53208,50.95565],[14.53281,50.95539],[14.53471,50.95436],[14.53549,50.95416],[14.53617,50.95412],[14.53683,50.95418],[14.53746,50.95433],[14.54389,50.95661],[14.5445,50.95672],[14.54542,50.9568]],[[14.48315,50.80959],[14.48108,50.809],[14.48,50.80885],[14.47857,50.80877]],[[14.56384,50.82515],[14.56284,50.82465],[14.56185,50.82434],[14.55777,50.82357],[14.55639,50.82359],[14.55325,50.82417],[14.55249,50.82418],[14.55179,50.8241],[14.55072,50.82382],[14.54856,50.8228],[14.54768,50.82249],[14.54659,50.82231],[14.54466,50.82219],[14.5435,50.8219],[14.54279,50.82156],[14.54209,50.821],[14.54182,50.82065],[14.54115,50.81947],[14.54088,50.81918],[14.54032,50.81873],[14.53548,50.81556],[14.5344,50.8151],[14.53319,50.81477],[14.53246,50.81465],[14.53138,50.81457],[14.53002,50.81463],[14.52866,50.81487],[14.52672,50.81543],[14.52532,50.81571],[14.52354,50.81588],[14.52227,50.81585],[14.52158,50.81575],[14.5206,50.81551],[14.51746,50.81413],[14.51638,50.81381],[14.51526,50.81358],[14.51431,50.8135],[14.51321,50.8135],[14.51037,50.81379],[14.5095,50.81375],[14.50867,50.8136],[14.50786,50.81333],[14.50739,50.81307],[14.50585,50.81196],[14.5048,50.81137],[14.50345,50.81084],[14.50262,50.81066],[14.50162,50.81061],[14.50035,50.81078],[14.49554,50.81253],[14.49471,50.8127],[14.49311,50.8128],[14.49176,50.81266],[14.49055,50.81234],[14.48968,50.81193],[14.48758,50.81069],[14.48698,50.81046],[14.48624,50.81028]],[[14.49256,51.04044],[14.4946,51.04035],[14.50444,51.04073],[14.50572,51.04066],[14.5071,51.04041]],[[14.50969,50.92215],[14.50918,50.92295],[14.50907,50.92327],[14.509,50.92391],[14.50909,50.92466],[14.50931,50.92526],[14.50967,50.92585],[14.51033,50.92655],[14.51094,50.927],[14.51186,50.9275],[14.5151,50.92892],[14.51585,50.92912],[14.51813,50.92952],[14.51938,50.92995],[14.52406,50.9326],[14.5252,50.93348],[14.52654,50.93481],[14.52731,50.93539],[14.52856,50.93596],[14.53334,50.93771],[14.53423,50.9382],[14.53484,50.93869],[14.53525,50.93918],[14.53552,50.93971],[14.53566,50.94033],[14.53565,50.94088],[14.53451,50.94807],[14.53427,50.94878],[14.5336,50.94999],[14.53344,50.95057],[14.53348,50.95135],[14.53375,50.95203],[14.53411,50.95253],[14.53463,50.95301],[14.53523,50.9534],[14.536,50.95376],[14.54381,50.95654],[14.54449,50.95668],[14.54578,50.95678]],[[14.51331,50.88465],[14.51407,50.885],[14.51463,50.88536],[14.51514,50.8858],[14.51549,50.88622],[14.51657,50.88798],[14.51681,50.88879],[14.51685,50.88948],[14.5154,50.89771],[14.51488,50.8993],[14.51284,50.90378],[14.51266,50.90446],[14.5122,50.90734],[14.51216,50.9079],[14.51221,50.90818],[14.51244,50.90872],[14.5129,50.90927],[14.5134,50.90963],[14.51392,50.90989],[14.51497,50.91021],[14.51762,50.91057],[14.51829,50.91077],[14.51895,50.91107],[14.51954,50.91148],[14.51997,50.91196],[14.52021,50.91244],[14.52029,50.91316],[14.52015,50.91368],[14.5199,50.9141],[14.51938,50.91463],[14.51876,50.91507],[14.51774,50.9155],[14.51573,50.91596],[14.51517,50.91621],[14.51462,50.91656],[14.51405,50.91713],[14.50969,50.92215]],[[14.51331,50.88465],[14.51416,50.88495],[14.51476,50.88509],[14.51686,50.88515],[14.5183,50.88499],[14.52385,50.88379],[14.52499,50.88364],[14.52655,50.88358],[14.52988,50.8838],[14.5316,50.88396],[14.53335,50.88437],[14.53453,50.88483],[14.53681,50.88597],[14.53774,50.88627],[14.53886,50.88647],[14.54015,50.8865],[14.54116,50.88639],[14.54212,50.88615],[14.54842,50.88374],[14.54954,50.88345],[14.55059,50.8833],[14.55511,50.88297],[14.55802,50.88306],[14.56507,50.88283],[14.56661,50.88304],[14.56879,50.8837],[14.57019,50.88398],[14.57232,50.88413],[14.57457,50.88409],[14.57615,50.88391],[14.5844,50.88253],[14.5853,50.88226],[14.58763,50.88126],[14.58902,50.88098],[14.58999,50.88093],[14.59522,50.88109],[14.59674,50.88106],[14.59894,50.8808],[14.60347,50.87982],[14.60502,50.87972],[14.60639,50.87983],[14.61062,50.88084],[14.61186,50.88102],[14.61528,50.88129],[14.61617,50.88143],[14.61692,50.88163],[14.6178,50.88198],[14.61851,50.88238],[14.6191,50.88281],[14.61972,50.88349],[14.62005,50.88412],[14.62167,50.88979],[14.62166,50.89028],[14.62153,50.89079],[14.62068,50.89236],[14.62023,50.89372],[14.62019,50.89416],[14.62024,50.89452],[14.62035,50.89485],[14.62061,50.89527],[14.62118,50.89581],[14.62217,50.89632],[14.62286,50.89652],[14.62544,50.89705],[14.62637,50.8974],[14.62698,50.89774],[14.62738,50.89806],[14.62769,50.89841],[14.62914,50.90079],[14.62948,50.90124],[14.63053,50.90227],[14.63147,50.90294],[14.63203,50.90322],[14.63317,50.90355],[14.63422,50.90362],[14.63531,50.90357]],[[14.51331,50.88465],[14.50878,50.88247],[14.50529,50.88088],[14.50425,50.88014],[14.50376,50.87961],[14.5034,50.87908],[14.50313,50.87845],[14.503,50.87778],[14.50303,50.87711],[14.50327,50.8758],[14.50322,50.87496],[14.50304,50.87449],[14.50202,50.87305],[14.50177,50.87258],[14.50162,50.87199],[14.50158,50.87133],[14.50175,50.8706],[14.50276,50.86795],[14.5031,50.8674],[14.50369,50.8668],[14.50487,50.8661],[14.50571,50.8658],[14.5065,50.86562],[14.50771,50.86549],[14.50929,50.86543],[14.5108,50.86552],[14.51197,50.86579],[14.5137,50.86645],[14.51442,50.86683],[14.51631,50.86811],[14.51708,50.86847],[14.51826,50.86879],[14.51898,50.86888],[14.51973,50.86888],[14.52088,50.86876],[14.52207,50.86846],[14.52852,50.86627],[14.52946,50.86576],[14.53022,50.86516],[14.53055,50.86476],[14.53171,50.86294],[14.53203,50.86228],[14.53214,50.86159],[14.53198,50.86061],[14.53197,50.86008],[14.53216,50.85949],[14.53281,50.8581],[14.53287,50.85752],[14.53265,50.85687],[14.53192,50.85586],[14.53163,50.85529],[14.53111,50.85348],[14.53107,50.85277],[14.53125,50.85172],[14.53193,50.85025],[14.53245,50.84957],[14.53321,50.84896],[14.53438,50.84841],[14.53669,50.84767],[14.53841,50.84732],[14.53961,50.84723],[14.54263,50.8473],[14.54361,50.84741],[14.54473,50.84774],[14.5464,50.84864],[14.54697,50.84887],[14.5479,50.84908],[14.54878,50.84914],[14.54983,50.84905],[14.55091,50.84875],[14.55288,50.84763],[14.55368,50.84735],[14.55557,50.84689],[14.55656,50.84675],[14.55797,50.84676],[14.56192,50.84739],[14.56419,50.84763],[14.56555,50.84761],[14.56663,50.84742],[14.56799,50.8469],[14.56848,50.84657],[14.56894,50.84614],[14.56933,50.84556],[14.57031,50.84349],[14.5704,50.84278],[14.57037,50.84245],[14.57021,50.842],[14.56989,50.84155],[14.56945,50.84112],[14.56853,50.8405]],[[14.54542,50.9568],[14.54578,50.95678]],[[14.57993,50.99751],[14.58037,50.99599],[14.58068,50.99424],[14.5808,50.99319],[14.58078,50.99271],[14.58068,50.99232],[14.58047,50.99188],[14.57804,50.9891],[14.5778,50.98874],[14.57758,50.98819],[14.5775,50.98772],[14.57755,50.98723],[14.57834,50.98409],[14.57832,50.98343],[14.57807,50.9827],[14.57779,50.98228],[14.5772,50.98169],[14.57654,50.98127],[14.57595,50.98099],[14.57499,50.98067],[14.57428,50.98051],[14.5715,50.98011],[14.5707,50.97986],[14.56997,50.97951],[14.56952,50.97923],[14.56889,50.9786],[14.56853,50.97792],[14.56843,50.97729],[14.56849,50.97682],[14.56861,50.97649],[14.56909,50.97579],[14.56973,50.97524],[14.57088,50.97469],[14.57198,50.97441],[14.57302,50.97433],[14.57579,50.97455],[14.57707,50.97452],[14.57829,50.97426],[14.57943,50.97375],[14.57992,50.97343],[14.58044,50.97291],[14.58072,50.97247],[14.58088,50.97203],[14.58093,50.97166],[14.58088,50.97115],[14.58075,50.97074],[14.5804,50.97021],[14.5795,50.96935],[14.57441,50.96488],[14.57356,50.96427],[14.57265,50.96385],[14.5688,50.96282],[14.56758,50.96235],[14.56643,50.96168],[14.56341,50.95955],[14.56197,50.95886],[14.55709,50.95737],[14.55614,50.95717],[14.55446,50.95703],[14.54578,50.95678]],[[14.56853,50.8405],[14.56816,50.84014],[14.56772,50.83948],[14.56759,50.83895],[14.56764,50.83837]],[[14.56767,50.8349],[14.56668,50.83547],[14.56602,50.83613],[14.5658,50.83652],[14.56565,50.83696],[14.56565,50.83772],[14.56602,50.83857],[14.56642,50.83905],[14.56729,50.83971],[14.56853,50.8405]],[[14.63531,50.90357],[14.63351,50.90372],[14.63128,50.90378],[14.61826,50.90495],[14.61755,50.90505],[14.61678,50.90525],[14.61563,50.90575],[14.61495,50.90625],[14.61456,50.90668],[14.61159,50.91139],[14.61091,50.91226],[14.60989,50.91329],[14.60533,50.91726],[14.60489,50.91776],[14.60453,50.91833],[14.60432,50.91899],[14.60415,50.92122]],[[14.63531,50.90357],[14.64311,50.90287],[14.64463,50.90264]]]}}]}